Using pre-set license
Built from '2022.3/staging' branch; Version is '2022.3.11f1 (d00248457e15) revision 13632072'; Using compiler version '192829333'; Build Type 'Release'
OS: 'Windows 10  (10.0.19045) 64bit Core' Language: 'ru' Physical Memory: 6005 MB
BatchMode: 1, IsHumanControllingUs: 0, StartBugReporterOnCrash: 0, Is64bit: 1, IsPro: 1

COMMAND LINE ARGUMENTS:
C:\Program Files\Unity\Hub\Editor\2022.3.11f1\Editor\Unity.exe
-adb2
-batchMode
-noUpm
-name
AssetImportWorker2
-projectPath
C:/Users/Dima/EmitTheCycleStory
-logFile
Logs/AssetImportWorker2.log
-srvPort
64214
Successfully changed project path to: C:/Users/Dima/EmitTheCycleStory
C:/Users/Dima/EmitTheCycleStory
[UnityMemory] Configuration Parameters - Can be set up in boot.config
    "memorysetup-bucket-allocator-granularity=16"
    "memorysetup-bucket-allocator-bucket-count=8"
    "memorysetup-bucket-allocator-block-size=33554432"
    "memorysetup-bucket-allocator-block-count=8"
    "memorysetup-main-allocator-block-size=16777216"
    "memorysetup-thread-allocator-block-size=16777216"
    "memorysetup-gfx-main-allocator-block-size=16777216"
    "memorysetup-gfx-thread-allocator-block-size=16777216"
    "memorysetup-cache-allocator-block-size=4194304"
    "memorysetup-typetree-allocator-block-size=2097152"
    "memorysetup-profiler-bucket-allocator-granularity=16"
    "memorysetup-profiler-bucket-allocator-bucket-count=8"
    "memorysetup-profiler-bucket-allocator-block-size=33554432"
    "memorysetup-profiler-bucket-allocator-block-count=8"
    "memorysetup-profiler-allocator-block-size=16777216"
    "memorysetup-profiler-editor-allocator-block-size=1048576"
    "memorysetup-temp-allocator-size-main=16777216"
    "memorysetup-job-temp-allocator-block-size=2097152"
    "memorysetup-job-temp-allocator-block-size-background=1048576"
    "memorysetup-job-temp-allocator-reduction-small-platforms=262144"
    "memorysetup-allocator-temp-initial-block-size-main=262144"
    "memorysetup-allocator-temp-initial-block-size-worker=262144"
    "memorysetup-temp-allocator-size-background-worker=32768"
    "memorysetup-temp-allocator-size-job-worker=262144"
    "memorysetup-temp-allocator-size-preload-manager=33554432"
    "memorysetup-temp-allocator-size-nav-mesh-worker=65536"
    "memorysetup-temp-allocator-size-audio-worker=65536"
    "memorysetup-temp-allocator-size-cloud-worker=32768"
    "memorysetup-temp-allocator-size-gi-baking-worker=262144"
    "memorysetup-temp-allocator-size-gfx=262144"
Player connection [9296] Host "[IP] 192.168.56.1 [Port] 0 [Flags] 2 [Guid] 1716264651 [EditorId] 1716264651 [Version] 1048832 [Id] WindowsEditor(7,DESKTOP-OCFG9FG) [Debug] 1 [PackageName] WindowsEditor [ProjectName] Editor" joined multi-casting on [225.0.0.222:54997]...

Player connection [9296] Host "[IP] 192.168.56.1 [Port] 0 [Flags] 2 [Guid] 1716264651 [EditorId] 1716264651 [Version] 1048832 [Id] WindowsEditor(7,DESKTOP-OCFG9FG) [Debug] 1 [PackageName] WindowsEditor [ProjectName] Editor" joined alternative multi-casting on [225.0.0.222:34997]...

[Physics::Module] Initialized MultithreadedJobDispatcher with 11 workers.
Refreshing native plugins compatible for Editor in 284.67 ms, found 3 plugins.
Preloading 0 native plugins for Editor in 0.00 ms.
Initialize engine version: 2022.3.11f1 (d00248457e15)
[Subsystems] Discovering subsystems at path C:/Program Files/Unity/Hub/Editor/2022.3.11f1/Editor/Data/Resources/UnitySubsystems
[Subsystems] Discovering subsystems at path C:/Users/Dima/EmitTheCycleStory/Assets
GfxDevice: creating device client; threaded=0; jobified=0
Direct3D:
    Version:  Direct3D 11.0 [level 11.1]
    Renderer: AMD Radeon(TM) Graphics (ID=0x164c)
    Vendor:   ATI
    VRAM:     3002 MB
    Driver:   31.0.14057.5006
Initialize mono
Mono path[0] = 'C:/Program Files/Unity/Hub/Editor/2022.3.11f1/Editor/Data/Managed'
Mono path[1] = 'C:/Program Files/Unity/Hub/Editor/2022.3.11f1/Editor/Data/MonoBleedingEdge/lib/mono/unityjit-win32'
Mono config path = 'C:/Program Files/Unity/Hub/Editor/2022.3.11f1/Editor/Data/MonoBleedingEdge/etc'
Using monoOptions --debugger-agent=transport=dt_socket,embedding=1,server=y,suspend=n,address=127.0.0.1:56592
Begin MonoManager ReloadAssembly
Registering precompiled unity dll's ...
Register platform support module: C:/Program Files/Unity/Hub/Editor/2022.3.11f1/Editor/Data/PlaybackEngines/WebGLSupport/UnityEditor.WebGL.Extensions.dll
Register platform support module: C:/Program Files/Unity/Hub/Editor/2022.3.11f1/Editor/Data/PlaybackEngines/WindowsStandaloneSupport/UnityEditor.WindowsStandalone.Extensions.dll
Registered in 0.011929 seconds.
- Loaded All Assemblies, in  0.984 seconds
Native extension for WindowsStandalone target not found
Native extension for WebGL target not found
Mono: successfully reloaded assembly
- Finished resetting the current domain, in  0.264 seconds
Domain Reload Profiling: 1246ms
	BeginReloadAssembly (167ms)
		ExecutionOrderSort (0ms)
		DisableScriptedObjects (0ms)
		BackupInstance (0ms)
		ReleaseScriptingObjects (0ms)
		CreateAndSetChildDomain (1ms)
	RebuildCommonClasses (313ms)
	RebuildNativeTypeToScriptingClass (12ms)
	initialDomainReloadingComplete (67ms)
	LoadAllAssembliesAndSetupDomain (424ms)
		LoadAssemblies (164ms)
		RebuildTransferFunctionScriptingTraits (0ms)
		AnalyzeDomain (422ms)
			TypeCache.Refresh (420ms)
				TypeCache.ScanAssembly (404ms)
			ScanForSourceGeneratedMonoScriptInfo (0ms)
			ResolveRequiredComponents (1ms)
	FinalizeReload (264ms)
		ReleaseScriptCaches (0ms)
		RebuildScriptCaches (0ms)
		SetupLoadedEditorAssemblies (204ms)
			LogAssemblyErrors (0ms)
			InitializePlatformSupportModulesInManaged (11ms)
			SetLoadedEditorAssemblies (6ms)
			RefreshPlugins (0ms)
			BeforeProcessingInitializeOnLoad (2ms)
			ProcessInitializeOnLoadAttributes (129ms)
			ProcessInitializeOnLoadMethodAttributes (56ms)
			AfterProcessingInitializeOnLoad (0ms)
			EditorAssembliesLoaded (0ms)
		ExecutionOrderSort2 (0ms)
		AwakeInstancesAfterBackupRestoration (0ms)
========================================================================
Worker process is ready to serve import requests
Begin MonoManager ReloadAssembly
Symbol file LoadedFromMemory is not a mono symbol file
- Loaded All Assemblies, in  1.391 seconds
Refreshing native plugins compatible for Editor in 10.34 ms, found 3 plugins.
Native extension for WindowsStandalone target not found
Native extension for WebGL target not found
[MODES] ModeService[none].Initialize
[MODES] ModeService[none].LoadModes
[MODES] Loading mode Default (0) for mode-current-id-EM
Package Manager log level set to [2]
[Package Manager] Server::EnsureServerProcessIsRunning -- launch failed, reason: Unity was launched with the -noUpm command-line argument
[Package Manager] UpmClient::Send -- Unable to send message (not connected to UPM process).
[Package Manager] Cannot connect to Unity Package Manager local server
Mono: successfully reloaded assembly
- Finished resetting the current domain, in  1.142 seconds
Domain Reload Profiling: 2531ms
	BeginReloadAssembly (152ms)
		ExecutionOrderSort (0ms)
		DisableScriptedObjects (6ms)
		BackupInstance (0ms)
		ReleaseScriptingObjects (0ms)
		CreateAndSetChildDomain (22ms)
	RebuildCommonClasses (34ms)
	RebuildNativeTypeToScriptingClass (11ms)
	initialDomainReloadingComplete (32ms)
	LoadAllAssembliesAndSetupDomain (1160ms)
		LoadAssemblies (702ms)
		RebuildTransferFunctionScriptingTraits (0ms)
		AnalyzeDomain (519ms)
			TypeCache.Refresh (475ms)
				TypeCache.ScanAssembly (387ms)
			ScanForSourceGeneratedMonoScriptInfo (29ms)
			ResolveRequiredComponents (13ms)
	FinalizeReload (1143ms)
		ReleaseScriptCaches (0ms)
		RebuildScriptCaches (0ms)
		SetupLoadedEditorAssemblies (942ms)
			LogAssemblyErrors (0ms)
			InitializePlatformSupportModulesInManaged (11ms)
			SetLoadedEditorAssemblies (4ms)
			RefreshPlugins (0ms)
			BeforeProcessingInitializeOnLoad (98ms)
			ProcessInitializeOnLoadAttributes (754ms)
			ProcessInitializeOnLoadMethodAttributes (67ms)
			AfterProcessingInitializeOnLoad (7ms)
			EditorAssembliesLoaded (0ms)
		ExecutionOrderSort2 (0ms)
		AwakeInstancesAfterBackupRestoration (6ms)
Launched and connected shader compiler UnityShaderCompiler.exe after 0.11 seconds
Refreshing native plugins compatible for Editor in 4.59 ms, found 3 plugins.
Preloading 0 native plugins for Editor in 0.00 ms.
Unloading 5908 Unused Serialized files (Serialized files now loaded: 0)
Unloading 104 unused Assets / (2.1 MB). Loaded Objects now: 6350.
Memory consumption went from 240.8 MB to 238.7 MB.
Total: 5.734800 ms (FindLiveObjects: 0.713700 ms CreateObjectMapping: 0.321400 ms MarkObjects: 3.818800 ms  DeleteObjects: 0.879000 ms)

AssetImportParameters requested are different than current active one (requested -> active):
  custom:container-demuxer-ogg: 62fdf1f143b41e24485cea50d1cbac27 -> 
  custom:video-decoder-ogg-theora: a1e56fd34408186e4bbccfd4996cb3dc -> 
  custom:framework-win-MediaFoundation: 216162199b28c13a410421893ffa2e32 -> 
  custom:scripting/monoscript/fileName/slide.cs: fb7692c5d21b700d82288bd077ed9d09 -> 
  custom:scripting/monoscript/fileName/Btncooldown.cs: 960f3b71865de827f35ea8e9edb2cf51 -> 
  custom:scripting/monoscript/fileName/cooldown.cs: dd86686e1e61b62f476838352ba44f4b -> 
  custom:CustomObjectIndexerAttribute: d54d2f2da18e7612c182cf67624b6b12 -> 
  custom:container-demuxer-webm: 4f35f7cbe854078d1ac9338744f61a02 -> 
  custom:container-muxer-webm: aa71ff27fc2769a1b78a27578f13a17b -> 
  custom:video-decoder-webm-vp8: 9c59270c3fd7afecdb556c50c9e8de78 -> 
  custom:SearchIndexIgnoredProperties: e643bd26f0fe6173181afceb89e7c659 -> 
  custom:AudioImporter_EditorPlatform: d09bf68614088b80899f8185d706f6e7 -> 
  custom:video-encoder-webm-vp8: eb34c28f22e8b96e1ab97ce403110664 -> 
  custom:audio-decoder-ogg-vorbis: bf7c407c2cedff20999df2af8eb42d56 -> 
  custom:audio-encoder-webm-vorbis: bf7c407c2cedff20999df2af8eb42d56 -> 
========================================================================
Received Import Request.
  Time since last request: 339669.338117 seconds.
  path: Assets/Visual/3D Models/PolygonSciFiCity/Materials/Misc/FX_Black.mat
  artifactKey: Guid(52f54f8012454f74eaa7e9926f989372) Importer(815301076,1909f56bfc062723c751e8b465ee728b)
Start importing Assets/Visual/3D Models/PolygonSciFiCity/Materials/Misc/FX_Black.mat using Guid(52f54f8012454f74eaa7e9926f989372) Importer(815301076,1909f56bfc062723c751e8b465ee728b)  -> (artifact id: 'e759e786088107c3c476377e1d686853') in 0.274844 seconds
Number of updated asset objects reloaded before import = 0
Number of asset objects unloaded after import = 2
========================================================================
Received Import Request.
  Time since last request: 0.000041 seconds.
  path: Assets/Visual/3D Models/PolygonSciFiCity/Materials/Misc/PolygonSciFi_Halo_D 1.mat
  artifactKey: Guid(ccabe2f6d0ff0b34ea4c6ad84a5748de) Importer(815301076,1909f56bfc062723c751e8b465ee728b)
Start importing Assets/Visual/3D Models/PolygonSciFiCity/Materials/Misc/PolygonSciFi_Halo_D 1.mat using Guid(ccabe2f6d0ff0b34ea4c6ad84a5748de) Importer(815301076,1909f56bfc062723c751e8b465ee728b)  -> (artifact id: '7d7dba203bd37ad3a9547b816590649c') in 0.044146 seconds
Number of updated asset objects reloaded before import = 0
Number of asset objects unloaded after import = 2
========================================================================
Received Import Request.
  Time since last request: 0.000041 seconds.
  path: Assets/Visual/3D Models/PolygonSciFiCity/Materials/Misc/Planet_Material_01.mat
  artifactKey: Guid(14321f2505b1d9d4ca2585c0ea713358) Importer(815301076,1909f56bfc062723c751e8b465ee728b)
Start importing Assets/Visual/3D Models/PolygonSciFiCity/Materials/Misc/Planet_Material_01.mat using Guid(14321f2505b1d9d4ca2585c0ea713358) Importer(815301076,1909f56bfc062723c751e8b465ee728b)  -> (artifact id: '55cfd02091005cf3c84ed60fef8dc573') in 0.275325 seconds
Number of updated asset objects reloaded before import = 0
Number of asset objects unloaded after import = 2
========================================================================
Received Import Request.
  Time since last request: 0.000238 seconds.
  path: Assets/Visual/3D Models/PolygonSciFiCity/Materials/Misc/Planet_Material_02.mat
  artifactKey: Guid(cd8449355422c3d4f825d47e550f0dab) Importer(815301076,1909f56bfc062723c751e8b465ee728b)
Start importing Assets/Visual/3D Models/PolygonSciFiCity/Materials/Misc/Planet_Material_02.mat using Guid(cd8449355422c3d4f825d47e550f0dab) Importer(815301076,1909f56bfc062723c751e8b465ee728b)  -> (artifact id: '0448d368525cabaebf82caf1ec0598aa') in 0.046531 seconds
Number of updated asset objects reloaded before import = 0
Number of asset objects unloaded after import = 2
========================================================================
Received Import Request.
  Time since last request: 0.000032 seconds.
  path: Assets/Visual/3D Models/PolygonSciFiCity/Materials/Misc/PolygonSciFi_Buildings_Background 2.mat
  artifactKey: Guid(053c416ba85a9124a840416db9ce7765) Importer(815301076,1909f56bfc062723c751e8b465ee728b)
Start importing Assets/Visual/3D Models/PolygonSciFiCity/Materials/Misc/PolygonSciFi_Buildings_Background 2.mat using Guid(053c416ba85a9124a840416db9ce7765) Importer(815301076,1909f56bfc062723c751e8b465ee728b)  -> (artifact id: '4840a4c544cccf803e34c2de22a24db7') in 0.048991 seconds
Number of updated asset objects reloaded before import = 0
Number of asset objects unloaded after import = 2
========================================================================
Received Import Request.
  Time since last request: 0.000044 seconds.
  path: Assets/Visual/3D Models/PolygonSciFiCity/Materials/Misc/PolygonSciFi_Billboards_Non_Emissive.mat
  artifactKey: Guid(2e709aec687010148bd7e116471c0d9e) Importer(815301076,1909f56bfc062723c751e8b465ee728b)
Start importing Assets/Visual/3D Models/PolygonSciFiCity/Materials/Misc/PolygonSciFi_Billboards_Non_Emissive.mat using Guid(2e709aec687010148bd7e116471c0d9e) Importer(815301076,1909f56bfc062723c751e8b465ee728b)  -> (artifact id: '83cfb700ae7fc73909a76e51953760e4') in 0.031127 seconds
Number of updated asset objects reloaded before import = 0
Number of asset objects unloaded after import = 2
========================================================================
Received Import Request.
  Time since last request: 0.000030 seconds.
  path: Assets/Visual/3D Models/PolygonSciFiCity/Materials/Misc/PolygonSciFi_Buildings_Background.mat
  artifactKey: Guid(ae6a742b683c7f74692dee45d6c17ff9) Importer(815301076,1909f56bfc062723c751e8b465ee728b)
Start importing Assets/Visual/3D Models/PolygonSciFiCity/Materials/Misc/PolygonSciFi_Buildings_Background.mat using Guid(ae6a742b683c7f74692dee45d6c17ff9) Importer(815301076,1909f56bfc062723c751e8b465ee728b)  -> (artifact id: '391d4d7f414672772b67bea3fb2f72e7') in 0.026869 seconds
Number of updated asset objects reloaded before import = 0
Number of asset objects unloaded after import = 2
========================================================================
Received Import Request.
  Time since last request: 0.000208 seconds.
  path: Assets/Visual/3D Models/PolygonSciFiCity/Materials/Misc/FX_LightRay.mat
  artifactKey: Guid(91f21d47c2b9b7d4e946b81b5b39f0af) Importer(815301076,1909f56bfc062723c751e8b465ee728b)
Start importing Assets/Visual/3D Models/PolygonSciFiCity/Materials/Misc/FX_LightRay.mat using Guid(91f21d47c2b9b7d4e946b81b5b39f0af) Importer(815301076,1909f56bfc062723c751e8b465ee728b)  -> (artifact id: '5fc4152ee8402b6657a5dd697779966a') in 0.066750 seconds
Number of updated asset objects reloaded before import = 0
Number of asset objects unloaded after import = 1
========================================================================
Received Import Request.
  Time since last request: 0.000027 seconds.
  path: Assets/Visual/3D Models/PolygonSciFiCity/Materials/Misc/Glass_01_A.mat
  artifactKey: Guid(65f3d62b6cede8e4ea3394211569fc6d) Importer(815301076,1909f56bfc062723c751e8b465ee728b)
Start importing Assets/Visual/3D Models/PolygonSciFiCity/Materials/Misc/Glass_01_A.mat using Guid(65f3d62b6cede8e4ea3394211569fc6d) Importer(815301076,1909f56bfc062723c751e8b465ee728b)  -> (artifact id: '99b0046870e23f451d6b74dcd904c133') in 0.300469 seconds
Number of updated asset objects reloaded before import = 0
Number of asset objects unloaded after import = 2
========================================================================
Received Import Request.
  Time since last request: 0.897775 seconds.
  path: Assets/TextMesh Pro/Examples & Extras/Fonts/Roboto-Bold.ttf
  artifactKey: Guid(4beb055f07aaff244873dec698d0363e) Importer(815301076,1909f56bfc062723c751e8b465ee728b)
Start importing Assets/TextMesh Pro/Examples & Extras/Fonts/Roboto-Bold.ttf using Guid(4beb055f07aaff244873dec698d0363e) Importer(815301076,1909f56bfc062723c751e8b465ee728b)  -> (artifact id: 'bdc56773670ad61665a1d1468320514c') in 0.038288 seconds
Number of updated asset objects reloaded before import = 0
Number of asset objects unloaded after import = 4
========================================================================
Received Import Request.
  Time since last request: 0.000047 seconds.
  path: Assets/Visual/3D Models/PolygonSciFiSpace/Materials/FX_Materials/FX_Bubbles.mat
  artifactKey: Guid(eb9451ded980d934ba8a3465b8d4e4c5) Importer(815301076,1909f56bfc062723c751e8b465ee728b)
Start importing Assets/Visual/3D Models/PolygonSciFiSpace/Materials/FX_Materials/FX_Bubbles.mat using Guid(eb9451ded980d934ba8a3465b8d4e4c5) Importer(815301076,1909f56bfc062723c751e8b465ee728b)  -> (artifact id: '0439dc0d1dd18a5156d5741afde79d78') in 0.180692 seconds
Number of updated asset objects reloaded before import = 0
Number of asset objects unloaded after import = 1
========================================================================
Received Import Request.
  Time since last request: 0.724691 seconds.
  path: Assets/TextMesh Pro/Examples & Extras/Resources/Fonts & Materials/Electronic Highway Sign SDF.asset
  artifactKey: Guid(dc36b3fdc14f47ebb36fd484a67e268a) Importer(815301076,1909f56bfc062723c751e8b465ee728b)
Start importing Assets/TextMesh Pro/Examples & Extras/Resources/Fonts & Materials/Electronic Highway Sign SDF.asset using Guid(dc36b3fdc14f47ebb36fd484a67e268a) Importer(815301076,1909f56bfc062723c751e8b465ee728b)  -> (artifact id: 'e00e997cc78f392cccb879129465ee68') in 0.037315 seconds
Number of updated asset objects reloaded before import = 0
Number of asset objects unloaded after import = 6
========================================================================
Received Import Request.
  Time since last request: 0.000023 seconds.
  path: Assets/Visual/Animation/Universal_Traversal_Anims/Art/Models/Character/Android_SkeletalMesh.fbx
  artifactKey: Guid(9d7ba799cab2c004bbeae0198d5522de) Importer(815301076,1909f56bfc062723c751e8b465ee728b)
Start importing Assets/Visual/Animation/Universal_Traversal_Anims/Art/Models/Character/Android_SkeletalMesh.fbx using Guid(9d7ba799cab2c004bbeae0198d5522de) Importer(815301076,1909f56bfc062723c751e8b465ee728b)  -> (artifact id: '2cc30fb171ac7bb945bdbdc178f99af1') in 0.208791 seconds
Number of updated asset objects reloaded before import = 0
Number of asset objects unloaded after import = 150
========================================================================
Received Import Request.
  Time since last request: 0.000044 seconds.
  path: Assets/TextMesh Pro/Examples & Extras/Materials/Crate - Surface Shader Scene.mat
  artifactKey: Guid(e6b9b44320f4448d9d5e0ee634259966) Importer(815301076,1909f56bfc062723c751e8b465ee728b)
Start importing Assets/TextMesh Pro/Examples & Extras/Materials/Crate - Surface Shader Scene.mat using Guid(e6b9b44320f4448d9d5e0ee634259966) Importer(815301076,1909f56bfc062723c751e8b465ee728b)  -> (artifact id: '3f0d45662cb108b1d482a7cebf8a5532') in 0.200759 seconds
Number of updated asset objects reloaded before import = 0
Number of asset objects unloaded after import = 3
========================================================================
Received Import Request.
  Time since last request: 0.000048 seconds.
  path: Assets/TextMesh Pro/Examples & Extras/Resources/Fonts & Materials/Bangers SDF - Outline.mat
  artifactKey: Guid(f629c6e43dba4bf38cb74d8860150664) Importer(815301076,1909f56bfc062723c751e8b465ee728b)
Start importing Assets/TextMesh Pro/Examples & Extras/Resources/Fonts & Materials/Bangers SDF - Outline.mat using Guid(f629c6e43dba4bf38cb74d8860150664) Importer(815301076,1909f56bfc062723c751e8b465ee728b)  -> (artifact id: 'd0860774756e1be1711cfcabcf478247') in 0.083545 seconds
Number of updated asset objects reloaded before import = 0
Number of asset objects unloaded after import = 2
========================================================================
Received Import Request.
  Time since last request: 0.000031 seconds.
  path: Assets/TextMesh Pro/Examples & Extras/Resources/Fonts & Materials/Bangers SDF Logo.mat
  artifactKey: Guid(f4e195ac1e204eff960149d1cb34e18c) Importer(815301076,1909f56bfc062723c751e8b465ee728b)
Start importing Assets/TextMesh Pro/Examples & Extras/Resources/Fonts & Materials/Bangers SDF Logo.mat using Guid(f4e195ac1e204eff960149d1cb34e18c) Importer(815301076,1909f56bfc062723c751e8b465ee728b)  -> (artifact id: '9bc5dd807bffceb5989bec43d09b4462') in 0.282977 seconds
Number of updated asset objects reloaded before import = 0
Number of asset objects unloaded after import = 4
========================================================================
Received Prepare
Begin MonoManager ReloadAssembly
Symbol file LoadedFromMemory is not a mono symbol file
- Loaded All Assemblies, in  0.779 seconds
Refreshing native plugins compatible for Editor in 4.64 ms, found 3 plugins.
Native extension for WindowsStandalone target not found
Native extension for WebGL target not found
[MODES] ModeService[none].Initialize
[MODES] ModeService[none].LoadModes
[MODES] Loading mode Default (0) for mode-current-id-EM
[Package Manager] Server::EnsureServerProcessIsRunning -- launch failed, reason: Unity was launched with the -noUpm command-line argument
[Package Manager] UpmClient::Send -- Unable to send message (not connected to UPM process).
[Package Manager] Cannot connect to Unity Package Manager local server
Mono: successfully reloaded assembly
- Finished resetting the current domain, in  3.649 seconds
Domain Reload Profiling: 4425ms
	BeginReloadAssembly (177ms)
		ExecutionOrderSort (0ms)
		DisableScriptedObjects (4ms)
		BackupInstance (0ms)
		ReleaseScriptingObjects (0ms)
		CreateAndSetChildDomain (52ms)
	RebuildCommonClasses (35ms)
	RebuildNativeTypeToScriptingClass (12ms)
	initialDomainReloadingComplete (33ms)
	LoadAllAssembliesAndSetupDomain (518ms)
		LoadAssemblies (577ms)
		RebuildTransferFunctionScriptingTraits (0ms)
		AnalyzeDomain (23ms)
			TypeCache.Refresh (7ms)
				TypeCache.ScanAssembly (0ms)
			ScanForSourceGeneratedMonoScriptInfo (0ms)
			ResolveRequiredComponents (14ms)
	FinalizeReload (3650ms)
		ReleaseScriptCaches (0ms)
		RebuildScriptCaches (0ms)
		SetupLoadedEditorAssemblies (1237ms)
			LogAssemblyErrors (0ms)
			InitializePlatformSupportModulesInManaged (16ms)
			SetLoadedEditorAssemblies (8ms)
			RefreshPlugins (0ms)
			BeforeProcessingInitializeOnLoad (173ms)
			ProcessInitializeOnLoadAttributes (914ms)
			ProcessInitializeOnLoadMethodAttributes (115ms)
			AfterProcessingInitializeOnLoad (10ms)
			EditorAssembliesLoaded (1ms)
		ExecutionOrderSort2 (0ms)
		AwakeInstancesAfterBackupRestoration (11ms)
Refreshing native plugins compatible for Editor in 11.38 ms, found 3 plugins.
Preloading 0 native plugins for Editor in 0.00 ms.
Unloading 5767 Unused Serialized files (Serialized files now loaded: 0)
Unloading 61 unused Assets / (2.0 MB). Loaded Objects now: 6416.
Memory consumption went from 215.8 MB to 213.8 MB.
Total: 13.277600 ms (FindLiveObjects: 1.300200 ms CreateObjectMapping: 0.708000 ms MarkObjects: 9.524200 ms  DeleteObjects: 1.741500 ms)

Prepare: number of updated asset objects reloaded= 0
AssetImportParameters requested are different than current active one (requested -> active):
  custom:container-demuxer-ogg: 62fdf1f143b41e24485cea50d1cbac27 -> 
  custom:video-decoder-ogg-theora: a1e56fd34408186e4bbccfd4996cb3dc -> 
  custom:framework-win-MediaFoundation: 216162199b28c13a410421893ffa2e32 -> 
  custom:scripting/monoscript/fileName/slide.cs: fb7692c5d21b700d82288bd077ed9d09 -> 
  custom:scripting/monoscript/fileName/Btncooldown.cs: 960f3b71865de827f35ea8e9edb2cf51 -> 
  custom:scripting/monoscript/fileName/cooldown.cs: dd86686e1e61b62f476838352ba44f4b -> 
  custom:CustomObjectIndexerAttribute: d54d2f2da18e7612c182cf67624b6b12 -> 
  custom:container-demuxer-webm: 4f35f7cbe854078d1ac9338744f61a02 -> 
  custom:container-muxer-webm: aa71ff27fc2769a1b78a27578f13a17b -> 
  custom:video-decoder-webm-vp8: 9c59270c3fd7afecdb556c50c9e8de78 -> 
  custom:SearchIndexIgnoredProperties: e643bd26f0fe6173181afceb89e7c659 -> 
  custom:AudioImporter_EditorPlatform: d09bf68614088b80899f8185d706f6e7 -> 
  custom:video-encoder-webm-vp8: eb34c28f22e8b96e1ab97ce403110664 -> 
  custom:audio-decoder-ogg-vorbis: bf7c407c2cedff20999df2af8eb42d56 -> 
  custom:audio-encoder-webm-vorbis: bf7c407c2cedff20999df2af8eb42d56 -> 
========================================================================
Received Prepare
Begin MonoManager ReloadAssembly
Symbol file LoadedFromMemory is not a mono symbol file
- Loaded All Assemblies, in  0.599 seconds
Refreshing native plugins compatible for Editor in 4.89 ms, found 3 plugins.
Native extension for WindowsStandalone target not found
Native extension for WebGL target not found
[MODES] ModeService[none].Initialize
[MODES] ModeService[none].LoadModes
[MODES] Loading mode Default (0) for mode-current-id-EM
[Package Manager] Server::EnsureServerProcessIsRunning -- launch failed, reason: Unity was launched with the -noUpm command-line argument
[Package Manager] UpmClient::Send -- Unable to send message (not connected to UPM process).
[Package Manager] Cannot connect to Unity Package Manager local server
Mono: successfully reloaded assembly
- Finished resetting the current domain, in  1.818 seconds
Domain Reload Profiling: 2413ms
	BeginReloadAssembly (170ms)
		ExecutionOrderSort (0ms)
		DisableScriptedObjects (5ms)
		BackupInstance (0ms)
		ReleaseScriptingObjects (0ms)
		CreateAndSetChildDomain (44ms)
	RebuildCommonClasses (35ms)
	RebuildNativeTypeToScriptingClass (12ms)
	initialDomainReloadingComplete (34ms)
	LoadAllAssembliesAndSetupDomain (344ms)
		LoadAssemblies (406ms)
		RebuildTransferFunctionScriptingTraits (0ms)
		AnalyzeDomain (24ms)
			TypeCache.Refresh (8ms)
				TypeCache.ScanAssembly (0ms)
			ScanForSourceGeneratedMonoScriptInfo (0ms)
			ResolveRequiredComponents (14ms)
	FinalizeReload (1818ms)
		ReleaseScriptCaches (0ms)
		RebuildScriptCaches (0ms)
		SetupLoadedEditorAssemblies (952ms)
			LogAssemblyErrors (0ms)
			InitializePlatformSupportModulesInManaged (13ms)
			SetLoadedEditorAssemblies (7ms)
			RefreshPlugins (0ms)
			BeforeProcessingInitializeOnLoad (141ms)
			ProcessInitializeOnLoadAttributes (675ms)
			ProcessInitializeOnLoadMethodAttributes (104ms)
			AfterProcessingInitializeOnLoad (11ms)
			EditorAssembliesLoaded (1ms)
		ExecutionOrderSort2 (0ms)
		AwakeInstancesAfterBackupRestoration (13ms)
Refreshing native plugins compatible for Editor in 9.69 ms, found 3 plugins.
Preloading 0 native plugins for Editor in 0.00 ms.
Unloading 5767 Unused Serialized files (Serialized files now loaded: 0)
Unloading 61 unused Assets / (2.0 MB). Loaded Objects now: 6432.
Memory consumption went from 217.7 MB to 215.7 MB.
Total: 12.522700 ms (FindLiveObjects: 1.276600 ms CreateObjectMapping: 0.820300 ms MarkObjects: 8.037200 ms  DeleteObjects: 2.384600 ms)

Prepare: number of updated asset objects reloaded= 0
AssetImportParameters requested are different than current active one (requested -> active):
  custom:container-demuxer-ogg: 62fdf1f143b41e24485cea50d1cbac27 -> 
  custom:video-decoder-ogg-theora: a1e56fd34408186e4bbccfd4996cb3dc -> 
  custom:framework-win-MediaFoundation: 216162199b28c13a410421893ffa2e32 -> 
  custom:scripting/monoscript/fileName/slide.cs: fb7692c5d21b700d82288bd077ed9d09 -> 
  custom:scripting/monoscript/fileName/Btncooldown.cs: 960f3b71865de827f35ea8e9edb2cf51 -> 
  custom:scripting/monoscript/fileName/cooldown.cs: dd86686e1e61b62f476838352ba44f4b -> 
  custom:CustomObjectIndexerAttribute: d54d2f2da18e7612c182cf67624b6b12 -> 
  custom:container-demuxer-webm: 4f35f7cbe854078d1ac9338744f61a02 -> 
  custom:container-muxer-webm: aa71ff27fc2769a1b78a27578f13a17b -> 
  custom:video-decoder-webm-vp8: 9c59270c3fd7afecdb556c50c9e8de78 -> 
  custom:SearchIndexIgnoredProperties: e643bd26f0fe6173181afceb89e7c659 -> 
  custom:AudioImporter_EditorPlatform: d09bf68614088b80899f8185d706f6e7 -> 
  custom:video-encoder-webm-vp8: eb34c28f22e8b96e1ab97ce403110664 -> 
  custom:audio-decoder-ogg-vorbis: bf7c407c2cedff20999df2af8eb42d56 -> 
  custom:audio-encoder-webm-vorbis: bf7c407c2cedff20999df2af8eb42d56 -> 
========================================================================
Received Prepare
Begin MonoManager ReloadAssembly
Symbol file LoadedFromMemory is not a mono symbol file
- Loaded All Assemblies, in  0.554 seconds
Refreshing native plugins compatible for Editor in 4.88 ms, found 3 plugins.
Native extension for WindowsStandalone target not found
Native extension for WebGL target not found
[MODES] ModeService[none].Initialize
[MODES] ModeService[none].LoadModes
[MODES] Loading mode Default (0) for mode-current-id-EM
[Package Manager] Server::EnsureServerProcessIsRunning -- launch failed, reason: Unity was launched with the -noUpm command-line argument
[Package Manager] UpmClient::Send -- Unable to send message (not connected to UPM process).
[Package Manager] Cannot connect to Unity Package Manager local server
Mono: successfully reloaded assembly
- Finished resetting the current domain, in  1.702 seconds
Domain Reload Profiling: 2253ms
	BeginReloadAssembly (166ms)
		ExecutionOrderSort (0ms)
		DisableScriptedObjects (4ms)
		BackupInstance (0ms)
		ReleaseScriptingObjects (0ms)
		CreateAndSetChildDomain (45ms)
	RebuildCommonClasses (34ms)
	RebuildNativeTypeToScriptingClass (12ms)
	initialDomainReloadingComplete (31ms)
	LoadAllAssembliesAndSetupDomain (308ms)
		LoadAssemblies (369ms)
		RebuildTransferFunctionScriptingTraits (0ms)
		AnalyzeDomain (22ms)
			TypeCache.Refresh (7ms)
				TypeCache.ScanAssembly (0ms)
			ScanForSourceGeneratedMonoScriptInfo (0ms)
			ResolveRequiredComponents (14ms)
	FinalizeReload (1702ms)
		ReleaseScriptCaches (0ms)
		RebuildScriptCaches (0ms)
		SetupLoadedEditorAssemblies (859ms)
			LogAssemblyErrors (0ms)
			InitializePlatformSupportModulesInManaged (12ms)
			SetLoadedEditorAssemblies (6ms)
			RefreshPlugins (0ms)
			BeforeProcessingInitializeOnLoad (123ms)
			ProcessInitializeOnLoadAttributes (626ms)
			ProcessInitializeOnLoadMethodAttributes (82ms)
			AfterProcessingInitializeOnLoad (9ms)
			EditorAssembliesLoaded (0ms)
		ExecutionOrderSort2 (0ms)
		AwakeInstancesAfterBackupRestoration (11ms)
Refreshing native plugins compatible for Editor in 8.99 ms, found 3 plugins.
Preloading 0 native plugins for Editor in 0.00 ms.
Unloading 5767 Unused Serialized files (Serialized files now loaded: 0)
Unloading 61 unused Assets / (2.0 MB). Loaded Objects now: 6448.
Memory consumption went from 219.7 MB to 217.7 MB.
Total: 16.564200 ms (FindLiveObjects: 1.782400 ms CreateObjectMapping: 1.376800 ms MarkObjects: 10.856700 ms  DeleteObjects: 2.542700 ms)

Prepare: number of updated asset objects reloaded= 0
AssetImportParameters requested are different than current active one (requested -> active):
  custom:container-demuxer-ogg: 62fdf1f143b41e24485cea50d1cbac27 -> 
  custom:video-decoder-ogg-theora: a1e56fd34408186e4bbccfd4996cb3dc -> 
  custom:framework-win-MediaFoundation: 216162199b28c13a410421893ffa2e32 -> 
  custom:scripting/monoscript/fileName/slide.cs: fb7692c5d21b700d82288bd077ed9d09 -> 
  custom:scripting/monoscript/fileName/Btncooldown.cs: 960f3b71865de827f35ea8e9edb2cf51 -> 
  custom:scripting/monoscript/fileName/cooldown.cs: dd86686e1e61b62f476838352ba44f4b -> 
  custom:CustomObjectIndexerAttribute: d54d2f2da18e7612c182cf67624b6b12 -> 
  custom:container-demuxer-webm: 4f35f7cbe854078d1ac9338744f61a02 -> 
  custom:container-muxer-webm: aa71ff27fc2769a1b78a27578f13a17b -> 
  custom:video-decoder-webm-vp8: 9c59270c3fd7afecdb556c50c9e8de78 -> 
  custom:SearchIndexIgnoredProperties: e643bd26f0fe6173181afceb89e7c659 -> 
  custom:AudioImporter_EditorPlatform: d09bf68614088b80899f8185d706f6e7 -> 
  custom:video-encoder-webm-vp8: eb34c28f22e8b96e1ab97ce403110664 -> 
  custom:audio-decoder-ogg-vorbis: bf7c407c2cedff20999df2af8eb42d56 -> 
  custom:audio-encoder-webm-vorbis: bf7c407c2cedff20999df2af8eb42d56 -> 
========================================================================
Received Prepare
Begin MonoManager ReloadAssembly
Symbol file LoadedFromMemory is not a mono symbol file
- Loaded All Assemblies, in  3.263 seconds
Refreshing native plugins compatible for Editor in 11.24 ms, found 3 plugins.
Native extension for WindowsStandalone target not found
Native extension for WebGL target not found
[MODES] ModeService[none].Initialize
[MODES] ModeService[none].LoadModes
[MODES] Loading mode Default (0) for mode-current-id-EM
[Package Manager] Server::EnsureServerProcessIsRunning -- launch failed, reason: Unity was launched with the -noUpm command-line argument
[Package Manager] UpmClient::Send -- Unable to send message (not connected to UPM process).
[Package Manager] Cannot connect to Unity Package Manager local server
Mono: successfully reloaded assembly
- Finished resetting the current domain, in  5.883 seconds
Domain Reload Profiling: 9163ms
	BeginReloadAssembly (544ms)
		ExecutionOrderSort (0ms)
		DisableScriptedObjects (19ms)
		BackupInstance (0ms)
		ReleaseScriptingObjects (0ms)
		CreateAndSetChildDomain (244ms)
	RebuildCommonClasses (38ms)
	RebuildNativeTypeToScriptingClass (12ms)
	initialDomainReloadingComplete (39ms)
	LoadAllAssembliesAndSetupDomain (2646ms)
		LoadAssemblies (2718ms)
		RebuildTransferFunctionScriptingTraits (0ms)
		AnalyzeDomain (88ms)
			TypeCache.Refresh (38ms)
				TypeCache.ScanAssembly (0ms)
			ScanForSourceGeneratedMonoScriptInfo (2ms)
			ResolveRequiredComponents (45ms)
	FinalizeReload (5884ms)
		ReleaseScriptCaches (0ms)
		RebuildScriptCaches (0ms)
		SetupLoadedEditorAssemblies (1112ms)
			LogAssemblyErrors (0ms)
			InitializePlatformSupportModulesInManaged (28ms)
			SetLoadedEditorAssemblies (14ms)
			RefreshPlugins (0ms)
			BeforeProcessingInitializeOnLoad (180ms)
			ProcessInitializeOnLoadAttributes (803ms)
			ProcessInitializeOnLoadMethodAttributes (78ms)
			AfterProcessingInitializeOnLoad (7ms)
			EditorAssembliesLoaded (1ms)
		ExecutionOrderSort2 (0ms)
		AwakeInstancesAfterBackupRestoration (11ms)
Refreshing native plugins compatible for Editor in 10.77 ms, found 3 plugins.
Preloading 0 native plugins for Editor in 0.00 ms.
Unloading 5767 Unused Serialized files (Serialized files now loaded: 0)
Unloading 61 unused Assets / (2.0 MB). Loaded Objects now: 6464.
Memory consumption went from 221.6 MB to 219.6 MB.
Total: 7.842300 ms (FindLiveObjects: 0.931800 ms CreateObjectMapping: 0.269100 ms MarkObjects: 5.793800 ms  DeleteObjects: 0.845600 ms)

Prepare: number of updated asset objects reloaded= 0
AssetImportParameters requested are different than current active one (requested -> active):
  custom:container-demuxer-ogg: 62fdf1f143b41e24485cea50d1cbac27 -> 
  custom:video-decoder-ogg-theora: a1e56fd34408186e4bbccfd4996cb3dc -> 
  custom:framework-win-MediaFoundation: 216162199b28c13a410421893ffa2e32 -> 
  custom:scripting/monoscript/fileName/slide.cs: fb7692c5d21b700d82288bd077ed9d09 -> 
  custom:scripting/monoscript/fileName/Btncooldown.cs: 960f3b71865de827f35ea8e9edb2cf51 -> 
  custom:scripting/monoscript/fileName/cooldown.cs: dd86686e1e61b62f476838352ba44f4b -> 
  custom:CustomObjectIndexerAttribute: d54d2f2da18e7612c182cf67624b6b12 -> 
  custom:container-demuxer-webm: 4f35f7cbe854078d1ac9338744f61a02 -> 
  custom:container-muxer-webm: aa71ff27fc2769a1b78a27578f13a17b -> 
  custom:video-decoder-webm-vp8: 9c59270c3fd7afecdb556c50c9e8de78 -> 
  custom:SearchIndexIgnoredProperties: e643bd26f0fe6173181afceb89e7c659 -> 
  custom:AudioImporter_EditorPlatform: d09bf68614088b80899f8185d706f6e7 -> 
  custom:video-encoder-webm-vp8: eb34c28f22e8b96e1ab97ce403110664 -> 
  custom:audio-decoder-ogg-vorbis: bf7c407c2cedff20999df2af8eb42d56 -> 
  custom:audio-encoder-webm-vorbis: bf7c407c2cedff20999df2af8eb42d56 -> 
========================================================================
Received Prepare
Begin MonoManager ReloadAssembly
Symbol file LoadedFromMemory is not a mono symbol file
- Loaded All Assemblies, in  0.844 seconds
Refreshing native plugins compatible for Editor in 5.24 ms, found 3 plugins.
Native extension for WindowsStandalone target not found
Native extension for WebGL target not found
[MODES] ModeService[none].Initialize
[MODES] ModeService[none].LoadModes
[MODES] Loading mode Default (0) for mode-current-id-EM
[Package Manager] Server::EnsureServerProcessIsRunning -- launch failed, reason: Unity was launched with the -noUpm command-line argument
[Package Manager] UpmClient::Send -- Unable to send message (not connected to UPM process).
[Package Manager] Cannot connect to Unity Package Manager local server
Mono: successfully reloaded assembly
- Finished resetting the current domain, in  3.834 seconds
Domain Reload Profiling: 4675ms
	BeginReloadAssembly (200ms)
		ExecutionOrderSort (0ms)
		DisableScriptedObjects (4ms)
		BackupInstance (0ms)
		ReleaseScriptingObjects (1ms)
		CreateAndSetChildDomain (48ms)
	RebuildCommonClasses (36ms)
	RebuildNativeTypeToScriptingClass (12ms)
	initialDomainReloadingComplete (39ms)
	LoadAllAssembliesAndSetupDomain (553ms)
		LoadAssemblies (642ms)
		RebuildTransferFunctionScriptingTraits (0ms)
		AnalyzeDomain (22ms)
			TypeCache.Refresh (7ms)
				TypeCache.ScanAssembly (0ms)
			ScanForSourceGeneratedMonoScriptInfo (0ms)
			ResolveRequiredComponents (14ms)
	FinalizeReload (3835ms)
		ReleaseScriptCaches (0ms)
		RebuildScriptCaches (0ms)
		SetupLoadedEditorAssemblies (1214ms)
			LogAssemblyErrors (0ms)
			InitializePlatformSupportModulesInManaged (14ms)
			SetLoadedEditorAssemblies (6ms)
			RefreshPlugins (0ms)
			BeforeProcessingInitializeOnLoad (150ms)
			ProcessInitializeOnLoadAttributes (874ms)
			ProcessInitializeOnLoadMethodAttributes (158ms)
			AfterProcessingInitializeOnLoad (12ms)
			EditorAssembliesLoaded (0ms)
		ExecutionOrderSort2 (0ms)
		AwakeInstancesAfterBackupRestoration (21ms)
Refreshing native plugins compatible for Editor in 15.95 ms, found 3 plugins.
Preloading 0 native plugins for Editor in 0.00 ms.
Unloading 5767 Unused Serialized files (Serialized files now loaded: 0)
Unloading 61 unused Assets / (2.0 MB). Loaded Objects now: 6480.
Memory consumption went from 223.5 MB to 221.5 MB.
Total: 8.393900 ms (FindLiveObjects: 1.162100 ms CreateObjectMapping: 0.275400 ms MarkObjects: 5.366800 ms  DeleteObjects: 1.575000 ms)

Prepare: number of updated asset objects reloaded= 0
AssetImportParameters requested are different than current active one (requested -> active):
  custom:container-demuxer-ogg: 62fdf1f143b41e24485cea50d1cbac27 -> 
  custom:video-decoder-ogg-theora: a1e56fd34408186e4bbccfd4996cb3dc -> 
  custom:framework-win-MediaFoundation: 216162199b28c13a410421893ffa2e32 -> 
  custom:scripting/monoscript/fileName/slide.cs: fb7692c5d21b700d82288bd077ed9d09 -> 
  custom:scripting/monoscript/fileName/Btncooldown.cs: 960f3b71865de827f35ea8e9edb2cf51 -> 
  custom:scripting/monoscript/fileName/cooldown.cs: dd86686e1e61b62f476838352ba44f4b -> 
  custom:CustomObjectIndexerAttribute: d54d2f2da18e7612c182cf67624b6b12 -> 
  custom:container-demuxer-webm: 4f35f7cbe854078d1ac9338744f61a02 -> 
  custom:container-muxer-webm: aa71ff27fc2769a1b78a27578f13a17b -> 
  custom:video-decoder-webm-vp8: 9c59270c3fd7afecdb556c50c9e8de78 -> 
  custom:SearchIndexIgnoredProperties: e643bd26f0fe6173181afceb89e7c659 -> 
  custom:AudioImporter_EditorPlatform: d09bf68614088b80899f8185d706f6e7 -> 
  custom:video-encoder-webm-vp8: eb34c28f22e8b96e1ab97ce403110664 -> 
  custom:audio-decoder-ogg-vorbis: bf7c407c2cedff20999df2af8eb42d56 -> 
  custom:audio-encoder-webm-vorbis: bf7c407c2cedff20999df2af8eb42d56 -> 
========================================================================
Received Prepare
Begin MonoManager ReloadAssembly
Symbol file LoadedFromMemory is not a mono symbol file
- Loaded All Assemblies, in  0.653 seconds
Refreshing native plugins compatible for Editor in 5.86 ms, found 3 plugins.
Native extension for WindowsStandalone target not found
Native extension for WebGL target not found
[MODES] ModeService[none].Initialize
[MODES] ModeService[none].LoadModes
[MODES] Loading mode Default (0) for mode-current-id-EM
[Package Manager] Server::EnsureServerProcessIsRunning -- launch failed, reason: Unity was launched with the -noUpm command-line argument
[Package Manager] UpmClient::Send -- Unable to send message (not connected to UPM process).
[Package Manager] Cannot connect to Unity Package Manager local server
Mono: successfully reloaded assembly
- Finished resetting the current domain, in  2.384 seconds
Domain Reload Profiling: 3034ms
	BeginReloadAssembly (173ms)
		ExecutionOrderSort (0ms)
		DisableScriptedObjects (4ms)
		BackupInstance (0ms)
		ReleaseScriptingObjects (0ms)
		CreateAndSetChildDomain (46ms)
	RebuildCommonClasses (36ms)
	RebuildNativeTypeToScriptingClass (12ms)
	initialDomainReloadingComplete (32ms)
	LoadAllAssembliesAndSetupDomain (396ms)
		LoadAssemblies (459ms)
		RebuildTransferFunctionScriptingTraits (0ms)
		AnalyzeDomain (26ms)
			TypeCache.Refresh (9ms)
				TypeCache.ScanAssembly (0ms)
			ScanForSourceGeneratedMonoScriptInfo (0ms)
			ResolveRequiredComponents (16ms)
	FinalizeReload (2385ms)
		ReleaseScriptCaches (0ms)
		RebuildScriptCaches (0ms)
		SetupLoadedEditorAssemblies (983ms)
			LogAssemblyErrors (0ms)
			InitializePlatformSupportModulesInManaged (16ms)
			SetLoadedEditorAssemblies (8ms)
			RefreshPlugins (0ms)
			BeforeProcessingInitializeOnLoad (122ms)
			ProcessInitializeOnLoadAttributes (721ms)
			ProcessInitializeOnLoadMethodAttributes (104ms)
			AfterProcessingInitializeOnLoad (10ms)
			EditorAssembliesLoaded (1ms)
		ExecutionOrderSort2 (0ms)
		AwakeInstancesAfterBackupRestoration (19ms)
Refreshing native plugins compatible for Editor in 14.25 ms, found 3 plugins.
Preloading 0 native plugins for Editor in 0.00 ms.
Unloading 5767 Unused Serialized files (Serialized files now loaded: 0)
Unloading 61 unused Assets / (2.0 MB). Loaded Objects now: 6496.
Memory consumption went from 225.5 MB to 223.5 MB.
Total: 15.046700 ms (FindLiveObjects: 1.580500 ms CreateObjectMapping: 0.970700 ms MarkObjects: 10.756500 ms  DeleteObjects: 1.734900 ms)

Prepare: number of updated asset objects reloaded= 0
AssetImportParameters requested are different than current active one (requested -> active):
  custom:container-demuxer-ogg: 62fdf1f143b41e24485cea50d1cbac27 -> 
  custom:video-decoder-ogg-theora: a1e56fd34408186e4bbccfd4996cb3dc -> 
  custom:framework-win-MediaFoundation: 216162199b28c13a410421893ffa2e32 -> 
  custom:scripting/monoscript/fileName/slide.cs: fb7692c5d21b700d82288bd077ed9d09 -> 
  custom:scripting/monoscript/fileName/Btncooldown.cs: 960f3b71865de827f35ea8e9edb2cf51 -> 
  custom:scripting/monoscript/fileName/cooldown.cs: dd86686e1e61b62f476838352ba44f4b -> 
  custom:CustomObjectIndexerAttribute: d54d2f2da18e7612c182cf67624b6b12 -> 
  custom:container-demuxer-webm: 4f35f7cbe854078d1ac9338744f61a02 -> 
  custom:container-muxer-webm: aa71ff27fc2769a1b78a27578f13a17b -> 
  custom:video-decoder-webm-vp8: 9c59270c3fd7afecdb556c50c9e8de78 -> 
  custom:SearchIndexIgnoredProperties: e643bd26f0fe6173181afceb89e7c659 -> 
  custom:AudioImporter_EditorPlatform: d09bf68614088b80899f8185d706f6e7 -> 
  custom:video-encoder-webm-vp8: eb34c28f22e8b96e1ab97ce403110664 -> 
  custom:audio-decoder-ogg-vorbis: bf7c407c2cedff20999df2af8eb42d56 -> 
  custom:audio-encoder-webm-vorbis: bf7c407c2cedff20999df2af8eb42d56 -> 
========================================================================
Received Prepare
Begin MonoManager ReloadAssembly
Symbol file LoadedFromMemory is not a mono symbol file
- Loaded All Assemblies, in  0.613 seconds
Refreshing native plugins compatible for Editor in 5.31 ms, found 3 plugins.
Native extension for WindowsStandalone target not found
Native extension for WebGL target not found
[MODES] ModeService[none].Initialize
[MODES] ModeService[none].LoadModes
[MODES] Loading mode Default (0) for mode-current-id-EM
[Package Manager] Server::EnsureServerProcessIsRunning -- launch failed, reason: Unity was launched with the -noUpm command-line argument
[Package Manager] UpmClient::Send -- Unable to send message (not connected to UPM process).
[Package Manager] Cannot connect to Unity Package Manager local server
Mono: successfully reloaded assembly
- Finished resetting the current domain, in  3.173 seconds
Domain Reload Profiling: 3783ms
	BeginReloadAssembly (177ms)
		ExecutionOrderSort (0ms)
		DisableScriptedObjects (4ms)
		BackupInstance (0ms)
		ReleaseScriptingObjects (0ms)
		CreateAndSetChildDomain (45ms)
	RebuildCommonClasses (42ms)
	RebuildNativeTypeToScriptingClass (13ms)
	initialDomainReloadingComplete (35ms)
	LoadAllAssembliesAndSetupDomain (342ms)
		LoadAssemblies (414ms)
		RebuildTransferFunctionScriptingTraits (0ms)
		AnalyzeDomain (22ms)
			TypeCache.Refresh (7ms)
				TypeCache.ScanAssembly (0ms)
			ScanForSourceGeneratedMonoScriptInfo (0ms)
			ResolveRequiredComponents (13ms)
	FinalizeReload (3173ms)
		ReleaseScriptCaches (0ms)
		RebuildScriptCaches (0ms)
		SetupLoadedEditorAssemblies (1064ms)
			LogAssemblyErrors (0ms)
			InitializePlatformSupportModulesInManaged (14ms)
			SetLoadedEditorAssemblies (6ms)
			RefreshPlugins (0ms)
			BeforeProcessingInitializeOnLoad (125ms)
			ProcessInitializeOnLoadAttributes (815ms)
			ProcessInitializeOnLoadMethodAttributes (94ms)
			AfterProcessingInitializeOnLoad (10ms)
			EditorAssembliesLoaded (1ms)
		ExecutionOrderSort2 (0ms)
		AwakeInstancesAfterBackupRestoration (23ms)
Refreshing native plugins compatible for Editor in 8.37 ms, found 3 plugins.
Preloading 0 native plugins for Editor in 0.00 ms.
Unloading 5767 Unused Serialized files (Serialized files now loaded: 0)
Unloading 61 unused Assets / (2.0 MB). Loaded Objects now: 6512.
Memory consumption went from 227.4 MB to 225.4 MB.
Total: 8.783300 ms (FindLiveObjects: 1.425600 ms CreateObjectMapping: 0.558800 ms MarkObjects: 5.394500 ms  DeleteObjects: 1.401500 ms)

Prepare: number of updated asset objects reloaded= 0
AssetImportParameters requested are different than current active one (requested -> active):
  custom:container-demuxer-ogg: 62fdf1f143b41e24485cea50d1cbac27 -> 
  custom:video-decoder-ogg-theora: a1e56fd34408186e4bbccfd4996cb3dc -> 
  custom:framework-win-MediaFoundation: 216162199b28c13a410421893ffa2e32 -> 
  custom:scripting/monoscript/fileName/slide.cs: fb7692c5d21b700d82288bd077ed9d09 -> 
  custom:scripting/monoscript/fileName/Btncooldown.cs: 960f3b71865de827f35ea8e9edb2cf51 -> 
  custom:scripting/monoscript/fileName/cooldown.cs: dd86686e1e61b62f476838352ba44f4b -> 
  custom:CustomObjectIndexerAttribute: d54d2f2da18e7612c182cf67624b6b12 -> 
  custom:container-demuxer-webm: 4f35f7cbe854078d1ac9338744f61a02 -> 
  custom:container-muxer-webm: aa71ff27fc2769a1b78a27578f13a17b -> 
  custom:video-decoder-webm-vp8: 9c59270c3fd7afecdb556c50c9e8de78 -> 
  custom:SearchIndexIgnoredProperties: e643bd26f0fe6173181afceb89e7c659 -> 
  custom:AudioImporter_EditorPlatform: d09bf68614088b80899f8185d706f6e7 -> 
  custom:video-encoder-webm-vp8: eb34c28f22e8b96e1ab97ce403110664 -> 
  custom:audio-decoder-ogg-vorbis: bf7c407c2cedff20999df2af8eb42d56 -> 
  custom:audio-encoder-webm-vorbis: bf7c407c2cedff20999df2af8eb42d56 -> 
========================================================================
Received Prepare
Begin MonoManager ReloadAssembly
Symbol file LoadedFromMemory is not a mono symbol file
- Loaded All Assemblies, in  0.585 seconds
Refreshing native plugins compatible for Editor in 4.48 ms, found 3 plugins.
Native extension for WindowsStandalone target not found
Native extension for WebGL target not found
[MODES] ModeService[none].Initialize
[MODES] ModeService[none].LoadModes
[MODES] Loading mode Default (0) for mode-current-id-EM
[Package Manager] Server::EnsureServerProcessIsRunning -- launch failed, reason: Unity was launched with the -noUpm command-line argument
[Package Manager] UpmClient::Send -- Unable to send message (not connected to UPM process).
[Package Manager] Cannot connect to Unity Package Manager local server
Mono: successfully reloaded assembly
- Finished resetting the current domain, in  3.407 seconds
Domain Reload Profiling: 3989ms
	BeginReloadAssembly (166ms)
		ExecutionOrderSort (0ms)
		DisableScriptedObjects (5ms)
		BackupInstance (0ms)
		ReleaseScriptingObjects (0ms)
		CreateAndSetChildDomain (44ms)
	RebuildCommonClasses (35ms)
	RebuildNativeTypeToScriptingClass (12ms)
	initialDomainReloadingComplete (33ms)
	LoadAllAssembliesAndSetupDomain (336ms)
		LoadAssemblies (395ms)
		RebuildTransferFunctionScriptingTraits (0ms)
		AnalyzeDomain (24ms)
			TypeCache.Refresh (7ms)
				TypeCache.ScanAssembly (0ms)
			ScanForSourceGeneratedMonoScriptInfo (0ms)
			ResolveRequiredComponents (15ms)
	FinalizeReload (3408ms)
		ReleaseScriptCaches (0ms)
		RebuildScriptCaches (0ms)
		SetupLoadedEditorAssemblies (1101ms)
			LogAssemblyErrors (0ms)
			InitializePlatformSupportModulesInManaged (14ms)
			SetLoadedEditorAssemblies (6ms)
			RefreshPlugins (0ms)
			BeforeProcessingInitializeOnLoad (148ms)
			ProcessInitializeOnLoadAttributes (811ms)
			ProcessInitializeOnLoadMethodAttributes (111ms)
			AfterProcessingInitializeOnLoad (10ms)
			EditorAssembliesLoaded (1ms)
		ExecutionOrderSort2 (0ms)
		AwakeInstancesAfterBackupRestoration (20ms)
Refreshing native plugins compatible for Editor in 7.80 ms, found 3 plugins.
Preloading 0 native plugins for Editor in 0.00 ms.
Unloading 5767 Unused Serialized files (Serialized files now loaded: 0)
Unloading 61 unused Assets / (2.0 MB). Loaded Objects now: 6528.
Memory consumption went from 229.4 MB to 227.3 MB.
Total: 15.654900 ms (FindLiveObjects: 1.690500 ms CreateObjectMapping: 0.966700 ms MarkObjects: 10.636000 ms  DeleteObjects: 2.358000 ms)

Prepare: number of updated asset objects reloaded= 0
AssetImportParameters requested are different than current active one (requested -> active):
  custom:container-demuxer-ogg: 62fdf1f143b41e24485cea50d1cbac27 -> 
  custom:video-decoder-ogg-theora: a1e56fd34408186e4bbccfd4996cb3dc -> 
  custom:framework-win-MediaFoundation: 216162199b28c13a410421893ffa2e32 -> 
  custom:scripting/monoscript/fileName/slide.cs: fb7692c5d21b700d82288bd077ed9d09 -> 
  custom:scripting/monoscript/fileName/Btncooldown.cs: 960f3b71865de827f35ea8e9edb2cf51 -> 
  custom:scripting/monoscript/fileName/cooldown.cs: dd86686e1e61b62f476838352ba44f4b -> 
  custom:CustomObjectIndexerAttribute: d54d2f2da18e7612c182cf67624b6b12 -> 
  custom:container-demuxer-webm: 4f35f7cbe854078d1ac9338744f61a02 -> 
  custom:container-muxer-webm: aa71ff27fc2769a1b78a27578f13a17b -> 
  custom:video-decoder-webm-vp8: 9c59270c3fd7afecdb556c50c9e8de78 -> 
  custom:SearchIndexIgnoredProperties: e643bd26f0fe6173181afceb89e7c659 -> 
  custom:AudioImporter_EditorPlatform: d09bf68614088b80899f8185d706f6e7 -> 
  custom:video-encoder-webm-vp8: eb34c28f22e8b96e1ab97ce403110664 -> 
  custom:audio-decoder-ogg-vorbis: bf7c407c2cedff20999df2af8eb42d56 -> 
  custom:audio-encoder-webm-vorbis: bf7c407c2cedff20999df2af8eb42d56 -> 
========================================================================
Received Prepare
Begin MonoManager ReloadAssembly
Symbol file LoadedFromMemory is not a mono symbol file
- Loaded All Assemblies, in  0.632 seconds
Refreshing native plugins compatible for Editor in 4.71 ms, found 3 plugins.
Native extension for WindowsStandalone target not found
Native extension for WebGL target not found
[MODES] ModeService[none].Initialize
[MODES] ModeService[none].LoadModes
[MODES] Loading mode Default (0) for mode-current-id-EM
[Package Manager] Server::EnsureServerProcessIsRunning -- launch failed, reason: Unity was launched with the -noUpm command-line argument
[Package Manager] UpmClient::Send -- Unable to send message (not connected to UPM process).
[Package Manager] Cannot connect to Unity Package Manager local server
Mono: successfully reloaded assembly
- Finished resetting the current domain, in  1.873 seconds
Domain Reload Profiling: 2502ms
	BeginReloadAssembly (171ms)
		ExecutionOrderSort (0ms)
		DisableScriptedObjects (4ms)
		BackupInstance (0ms)
		ReleaseScriptingObjects (0ms)
		CreateAndSetChildDomain (46ms)
	RebuildCommonClasses (36ms)
	RebuildNativeTypeToScriptingClass (13ms)
	initialDomainReloadingComplete (35ms)
	LoadAllAssembliesAndSetupDomain (373ms)
		LoadAssemblies (438ms)
		RebuildTransferFunctionScriptingTraits (0ms)
		AnalyzeDomain (22ms)
			TypeCache.Refresh (7ms)
				TypeCache.ScanAssembly (0ms)
			ScanForSourceGeneratedMonoScriptInfo (0ms)
			ResolveRequiredComponents (14ms)
	FinalizeReload (1874ms)
		ReleaseScriptCaches (0ms)
		RebuildScriptCaches (0ms)
		SetupLoadedEditorAssemblies (957ms)
			LogAssemblyErrors (0ms)
			InitializePlatformSupportModulesInManaged (12ms)
			SetLoadedEditorAssemblies (6ms)
			RefreshPlugins (0ms)
			BeforeProcessingInitializeOnLoad (132ms)
			ProcessInitializeOnLoadAttributes (701ms)
			ProcessInitializeOnLoadMethodAttributes (95ms)
			AfterProcessingInitializeOnLoad (10ms)
			EditorAssembliesLoaded (1ms)
		ExecutionOrderSort2 (0ms)
		AwakeInstancesAfterBackupRestoration (26ms)
Refreshing native plugins compatible for Editor in 10.41 ms, found 3 plugins.
Preloading 0 native plugins for Editor in 0.00 ms.
Unloading 5767 Unused Serialized files (Serialized files now loaded: 0)
Unloading 61 unused Assets / (2.0 MB). Loaded Objects now: 6544.
Memory consumption went from 231.3 MB to 229.3 MB.
Total: 14.503700 ms (FindLiveObjects: 1.487700 ms CreateObjectMapping: 0.651700 ms MarkObjects: 9.983900 ms  DeleteObjects: 2.375800 ms)

Prepare: number of updated asset objects reloaded= 0
AssetImportParameters requested are different than current active one (requested -> active):
  custom:container-demuxer-ogg: 62fdf1f143b41e24485cea50d1cbac27 -> 
  custom:video-decoder-ogg-theora: a1e56fd34408186e4bbccfd4996cb3dc -> 
  custom:framework-win-MediaFoundation: 216162199b28c13a410421893ffa2e32 -> 
  custom:scripting/monoscript/fileName/slide.cs: fb7692c5d21b700d82288bd077ed9d09 -> 
  custom:scripting/monoscript/fileName/Btncooldown.cs: 960f3b71865de827f35ea8e9edb2cf51 -> 
  custom:scripting/monoscript/fileName/cooldown.cs: dd86686e1e61b62f476838352ba44f4b -> 
  custom:CustomObjectIndexerAttribute: d54d2f2da18e7612c182cf67624b6b12 -> 
  custom:container-demuxer-webm: 4f35f7cbe854078d1ac9338744f61a02 -> 
  custom:container-muxer-webm: aa71ff27fc2769a1b78a27578f13a17b -> 
  custom:video-decoder-webm-vp8: 9c59270c3fd7afecdb556c50c9e8de78 -> 
  custom:SearchIndexIgnoredProperties: e643bd26f0fe6173181afceb89e7c659 -> 
  custom:AudioImporter_EditorPlatform: d09bf68614088b80899f8185d706f6e7 -> 
  custom:video-encoder-webm-vp8: eb34c28f22e8b96e1ab97ce403110664 -> 
  custom:audio-decoder-ogg-vorbis: bf7c407c2cedff20999df2af8eb42d56 -> 
  custom:audio-encoder-webm-vorbis: bf7c407c2cedff20999df2af8eb42d56 -> 
========================================================================
Received Prepare
Begin MonoManager ReloadAssembly
Symbol file LoadedFromMemory is not a mono symbol file
- Loaded All Assemblies, in  0.570 seconds
Refreshing native plugins compatible for Editor in 4.92 ms, found 3 plugins.
Native extension for WindowsStandalone target not found
Native extension for WebGL target not found
[MODES] ModeService[none].Initialize
[MODES] ModeService[none].LoadModes
[MODES] Loading mode Default (0) for mode-current-id-EM
[Package Manager] Server::EnsureServerProcessIsRunning -- launch failed, reason: Unity was launched with the -noUpm command-line argument
[Package Manager] UpmClient::Send -- Unable to send message (not connected to UPM process).
[Package Manager] Cannot connect to Unity Package Manager local server
Mono: successfully reloaded assembly
- Finished resetting the current domain, in  1.769 seconds
Domain Reload Profiling: 2336ms
	BeginReloadAssembly (184ms)
		ExecutionOrderSort (0ms)
		DisableScriptedObjects (4ms)
		BackupInstance (0ms)
		ReleaseScriptingObjects (0ms)
		CreateAndSetChildDomain (53ms)
	RebuildCommonClasses (36ms)
	RebuildNativeTypeToScriptingClass (12ms)
	initialDomainReloadingComplete (32ms)
	LoadAllAssembliesAndSetupDomain (302ms)
		LoadAssemblies (369ms)
		RebuildTransferFunctionScriptingTraits (0ms)
		AnalyzeDomain (25ms)
			TypeCache.Refresh (8ms)
				TypeCache.ScanAssembly (0ms)
			ScanForSourceGeneratedMonoScriptInfo (0ms)
			ResolveRequiredComponents (16ms)
	FinalizeReload (1770ms)
		ReleaseScriptCaches (0ms)
		RebuildScriptCaches (0ms)
		SetupLoadedEditorAssemblies (888ms)
			LogAssemblyErrors (0ms)
			InitializePlatformSupportModulesInManaged (9ms)
			SetLoadedEditorAssemblies (3ms)
			RefreshPlugins (0ms)
			BeforeProcessingInitializeOnLoad (104ms)
			ProcessInitializeOnLoadAttributes (667ms)
			ProcessInitializeOnLoadMethodAttributes (94ms)
			AfterProcessingInitializeOnLoad (10ms)
			EditorAssembliesLoaded (1ms)
		ExecutionOrderSort2 (0ms)
		AwakeInstancesAfterBackupRestoration (26ms)
Refreshing native plugins compatible for Editor in 8.98 ms, found 3 plugins.
Preloading 0 native plugins for Editor in 0.00 ms.
Unloading 5767 Unused Serialized files (Serialized files now loaded: 0)
Unloading 61 unused Assets / (2.0 MB). Loaded Objects now: 6560.
Memory consumption went from 233.2 MB to 231.1 MB.
Total: 14.634300 ms (FindLiveObjects: 2.174400 ms CreateObjectMapping: 1.381900 ms MarkObjects: 8.610200 ms  DeleteObjects: 2.463700 ms)

Prepare: number of updated asset objects reloaded= 0
AssetImportParameters requested are different than current active one (requested -> active):
  custom:container-demuxer-ogg: 62fdf1f143b41e24485cea50d1cbac27 -> 
  custom:video-decoder-ogg-theora: a1e56fd34408186e4bbccfd4996cb3dc -> 
  custom:framework-win-MediaFoundation: 216162199b28c13a410421893ffa2e32 -> 
  custom:scripting/monoscript/fileName/slide.cs: fb7692c5d21b700d82288bd077ed9d09 -> 
  custom:scripting/monoscript/fileName/Btncooldown.cs: 960f3b71865de827f35ea8e9edb2cf51 -> 
  custom:scripting/monoscript/fileName/cooldown.cs: dd86686e1e61b62f476838352ba44f4b -> 
  custom:CustomObjectIndexerAttribute: d54d2f2da18e7612c182cf67624b6b12 -> 
  custom:container-demuxer-webm: 4f35f7cbe854078d1ac9338744f61a02 -> 
  custom:container-muxer-webm: aa71ff27fc2769a1b78a27578f13a17b -> 
  custom:video-decoder-webm-vp8: 9c59270c3fd7afecdb556c50c9e8de78 -> 
  custom:SearchIndexIgnoredProperties: e643bd26f0fe6173181afceb89e7c659 -> 
  custom:AudioImporter_EditorPlatform: d09bf68614088b80899f8185d706f6e7 -> 
  custom:video-encoder-webm-vp8: eb34c28f22e8b96e1ab97ce403110664 -> 
  custom:audio-decoder-ogg-vorbis: bf7c407c2cedff20999df2af8eb42d56 -> 
  custom:audio-encoder-webm-vorbis: bf7c407c2cedff20999df2af8eb42d56 -> 
========================================================================
Received Prepare
Begin MonoManager ReloadAssembly
Symbol file LoadedFromMemory is not a mono symbol file
- Loaded All Assemblies, in  0.624 seconds
Refreshing native plugins compatible for Editor in 4.93 ms, found 3 plugins.
Native extension for WindowsStandalone target not found
Native extension for WebGL target not found
[MODES] ModeService[none].Initialize
[MODES] ModeService[none].LoadModes
[MODES] Loading mode Default (0) for mode-current-id-EM
[Package Manager] Server::EnsureServerProcessIsRunning -- launch failed, reason: Unity was launched with the -noUpm command-line argument
[Package Manager] UpmClient::Send -- Unable to send message (not connected to UPM process).
[Package Manager] Cannot connect to Unity Package Manager local server
Mono: successfully reloaded assembly
- Finished resetting the current domain, in  3.685 seconds
Domain Reload Profiling: 4307ms
	BeginReloadAssembly (188ms)
		ExecutionOrderSort (0ms)
		DisableScriptedObjects (6ms)
		BackupInstance (0ms)
		ReleaseScriptingObjects (0ms)
		CreateAndSetChildDomain (47ms)
	RebuildCommonClasses (38ms)
	RebuildNativeTypeToScriptingClass (12ms)
	initialDomainReloadingComplete (35ms)
	LoadAllAssembliesAndSetupDomain (346ms)
		LoadAssemblies (419ms)
		RebuildTransferFunctionScriptingTraits (0ms)
		AnalyzeDomain (24ms)
			TypeCache.Refresh (8ms)
				TypeCache.ScanAssembly (0ms)
			ScanForSourceGeneratedMonoScriptInfo (0ms)
			ResolveRequiredComponents (14ms)
	FinalizeReload (3687ms)
		ReleaseScriptCaches (0ms)
		RebuildScriptCaches (0ms)
		SetupLoadedEditorAssemblies (1175ms)
			LogAssemblyErrors (0ms)
			InitializePlatformSupportModulesInManaged (18ms)
			SetLoadedEditorAssemblies (8ms)
			RefreshPlugins (0ms)
			BeforeProcessingInitializeOnLoad (193ms)
			ProcessInitializeOnLoadAttributes (834ms)
			ProcessInitializeOnLoadMethodAttributes (110ms)
			AfterProcessingInitializeOnLoad (11ms)
			EditorAssembliesLoaded (1ms)
		ExecutionOrderSort2 (0ms)
		AwakeInstancesAfterBackupRestoration (29ms)
Refreshing native plugins compatible for Editor in 14.97 ms, found 3 plugins.
Preloading 0 native plugins for Editor in 0.00 ms.
Unloading 5767 Unused Serialized files (Serialized files now loaded: 0)
Unloading 61 unused Assets / (2.0 MB). Loaded Objects now: 6576.
Memory consumption went from 235.1 MB to 233.1 MB.
Total: 15.838600 ms (FindLiveObjects: 1.778800 ms CreateObjectMapping: 1.584800 ms MarkObjects: 9.930300 ms  DeleteObjects: 2.538700 ms)

Prepare: number of updated asset objects reloaded= 0
AssetImportParameters requested are different than current active one (requested -> active):
  custom:container-demuxer-ogg: 62fdf1f143b41e24485cea50d1cbac27 -> 
  custom:video-decoder-ogg-theora: a1e56fd34408186e4bbccfd4996cb3dc -> 
  custom:framework-win-MediaFoundation: 216162199b28c13a410421893ffa2e32 -> 
  custom:scripting/monoscript/fileName/slide.cs: fb7692c5d21b700d82288bd077ed9d09 -> 
  custom:scripting/monoscript/fileName/Btncooldown.cs: 960f3b71865de827f35ea8e9edb2cf51 -> 
  custom:scripting/monoscript/fileName/cooldown.cs: dd86686e1e61b62f476838352ba44f4b -> 
  custom:CustomObjectIndexerAttribute: d54d2f2da18e7612c182cf67624b6b12 -> 
  custom:container-demuxer-webm: 4f35f7cbe854078d1ac9338744f61a02 -> 
  custom:container-muxer-webm: aa71ff27fc2769a1b78a27578f13a17b -> 
  custom:video-decoder-webm-vp8: 9c59270c3fd7afecdb556c50c9e8de78 -> 
  custom:SearchIndexIgnoredProperties: e643bd26f0fe6173181afceb89e7c659 -> 
  custom:AudioImporter_EditorPlatform: d09bf68614088b80899f8185d706f6e7 -> 
  custom:video-encoder-webm-vp8: eb34c28f22e8b96e1ab97ce403110664 -> 
  custom:audio-decoder-ogg-vorbis: bf7c407c2cedff20999df2af8eb42d56 -> 
  custom:audio-encoder-webm-vorbis: bf7c407c2cedff20999df2af8eb42d56 -> 
========================================================================
Received Prepare
Begin MonoManager ReloadAssembly
Symbol file LoadedFromMemory is not a mono symbol file
- Loaded All Assemblies, in  0.542 seconds
Refreshing native plugins compatible for Editor in 4.65 ms, found 3 plugins.
Native extension for WindowsStandalone target not found
Native extension for WebGL target not found
[MODES] ModeService[none].Initialize
[MODES] ModeService[none].LoadModes
[MODES] Loading mode Default (0) for mode-current-id-EM
[Package Manager] Server::EnsureServerProcessIsRunning -- launch failed, reason: Unity was launched with the -noUpm command-line argument
[Package Manager] UpmClient::Send -- Unable to send message (not connected to UPM process).
[Package Manager] Cannot connect to Unity Package Manager local server
Mono: successfully reloaded assembly
- Finished resetting the current domain, in  1.960 seconds
Domain Reload Profiling: 2499ms
	BeginReloadAssembly (164ms)
		ExecutionOrderSort (0ms)
		DisableScriptedObjects (4ms)
		BackupInstance (0ms)
		ReleaseScriptingObjects (0ms)
		CreateAndSetChildDomain (45ms)
	RebuildCommonClasses (34ms)
	RebuildNativeTypeToScriptingClass (12ms)
	initialDomainReloadingComplete (32ms)
	LoadAllAssembliesAndSetupDomain (296ms)
		LoadAssemblies (354ms)
		RebuildTransferFunctionScriptingTraits (0ms)
		AnalyzeDomain (22ms)
			TypeCache.Refresh (7ms)
				TypeCache.ScanAssembly (0ms)
			ScanForSourceGeneratedMonoScriptInfo (0ms)
			ResolveRequiredComponents (13ms)
	FinalizeReload (1961ms)
		ReleaseScriptCaches (0ms)
		RebuildScriptCaches (0ms)
		SetupLoadedEditorAssemblies (1163ms)
			LogAssemblyErrors (0ms)
			InitializePlatformSupportModulesInManaged (11ms)
			SetLoadedEditorAssemblies (5ms)
			RefreshPlugins (0ms)
			BeforeProcessingInitializeOnLoad (98ms)
			ProcessInitializeOnLoadAttributes (907ms)
			ProcessInitializeOnLoadMethodAttributes (130ms)
			AfterProcessingInitializeOnLoad (11ms)
			EditorAssembliesLoaded (1ms)
		ExecutionOrderSort2 (0ms)
		AwakeInstancesAfterBackupRestoration (29ms)
Refreshing native plugins compatible for Editor in 11.64 ms, found 3 plugins.
Preloading 0 native plugins for Editor in 0.00 ms.
Unloading 5767 Unused Serialized files (Serialized files now loaded: 0)
Unloading 61 unused Assets / (2.0 MB). Loaded Objects now: 6592.
Memory consumption went from 237.1 MB to 235.1 MB.
Total: 16.130800 ms (FindLiveObjects: 1.799200 ms CreateObjectMapping: 0.492700 ms MarkObjects: 11.167700 ms  DeleteObjects: 2.666300 ms)

Prepare: number of updated asset objects reloaded= 0
AssetImportParameters requested are different than current active one (requested -> active):
  custom:container-demuxer-ogg: 62fdf1f143b41e24485cea50d1cbac27 -> 
  custom:video-decoder-ogg-theora: a1e56fd34408186e4bbccfd4996cb3dc -> 
  custom:framework-win-MediaFoundation: 216162199b28c13a410421893ffa2e32 -> 
  custom:scripting/monoscript/fileName/slide.cs: fb7692c5d21b700d82288bd077ed9d09 -> 
  custom:scripting/monoscript/fileName/Btncooldown.cs: 960f3b71865de827f35ea8e9edb2cf51 -> 
  custom:scripting/monoscript/fileName/cooldown.cs: dd86686e1e61b62f476838352ba44f4b -> 
  custom:CustomObjectIndexerAttribute: d54d2f2da18e7612c182cf67624b6b12 -> 
  custom:container-demuxer-webm: 4f35f7cbe854078d1ac9338744f61a02 -> 
  custom:container-muxer-webm: aa71ff27fc2769a1b78a27578f13a17b -> 
  custom:video-decoder-webm-vp8: 9c59270c3fd7afecdb556c50c9e8de78 -> 
  custom:SearchIndexIgnoredProperties: e643bd26f0fe6173181afceb89e7c659 -> 
  custom:AudioImporter_EditorPlatform: d09bf68614088b80899f8185d706f6e7 -> 
  custom:video-encoder-webm-vp8: eb34c28f22e8b96e1ab97ce403110664 -> 
  custom:audio-decoder-ogg-vorbis: bf7c407c2cedff20999df2af8eb42d56 -> 
  custom:audio-encoder-webm-vorbis: bf7c407c2cedff20999df2af8eb42d56 -> 
========================================================================
Received Prepare
Begin MonoManager ReloadAssembly
Symbol file LoadedFromMemory is not a mono symbol file
- Loaded All Assemblies, in  0.515 seconds
Refreshing native plugins compatible for Editor in 4.48 ms, found 3 plugins.
Native extension for WindowsStandalone target not found
Native extension for WebGL target not found
[MODES] ModeService[none].Initialize
[MODES] ModeService[none].LoadModes
[MODES] Loading mode Default (0) for mode-current-id-EM
[Package Manager] Server::EnsureServerProcessIsRunning -- launch failed, reason: Unity was launched with the -noUpm command-line argument
[Package Manager] UpmClient::Send -- Unable to send message (not connected to UPM process).
[Package Manager] Cannot connect to Unity Package Manager local server
Mono: successfully reloaded assembly
- Finished resetting the current domain, in  1.892 seconds
Domain Reload Profiling: 2405ms
	BeginReloadAssembly (158ms)
		ExecutionOrderSort (0ms)
		DisableScriptedObjects (4ms)
		BackupInstance (0ms)
		ReleaseScriptingObjects (0ms)
		CreateAndSetChildDomain (41ms)
	RebuildCommonClasses (33ms)
	RebuildNativeTypeToScriptingClass (11ms)
	initialDomainReloadingComplete (30ms)
	LoadAllAssembliesAndSetupDomain (279ms)
		LoadAssemblies (335ms)
		RebuildTransferFunctionScriptingTraits (0ms)
		AnalyzeDomain (21ms)
			TypeCache.Refresh (6ms)
				TypeCache.ScanAssembly (0ms)
			ScanForSourceGeneratedMonoScriptInfo (0ms)
			ResolveRequiredComponents (13ms)
	FinalizeReload (1894ms)
		ReleaseScriptCaches (0ms)
		RebuildScriptCaches (0ms)
		SetupLoadedEditorAssemblies (1047ms)
			LogAssemblyErrors (0ms)
			InitializePlatformSupportModulesInManaged (15ms)
			SetLoadedEditorAssemblies (6ms)
			RefreshPlugins (0ms)
			BeforeProcessingInitializeOnLoad (157ms)
			ProcessInitializeOnLoadAttributes (739ms)
			ProcessInitializeOnLoadMethodAttributes (106ms)
			AfterProcessingInitializeOnLoad (23ms)
			EditorAssembliesLoaded (1ms)
		ExecutionOrderSort2 (0ms)
		AwakeInstancesAfterBackupRestoration (43ms)
Refreshing native plugins compatible for Editor in 9.04 ms, found 3 plugins.
Preloading 0 native plugins for Editor in 0.00 ms.
Unloading 5767 Unused Serialized files (Serialized files now loaded: 0)
Unloading 61 unused Assets / (2.0 MB). Loaded Objects now: 6608.
Memory consumption went from 239.0 MB to 237.0 MB.
Total: 12.310600 ms (FindLiveObjects: 1.502200 ms CreateObjectMapping: 0.426000 ms MarkObjects: 7.954700 ms  DeleteObjects: 2.423400 ms)

Prepare: number of updated asset objects reloaded= 0
AssetImportParameters requested are different than current active one (requested -> active):
  custom:container-demuxer-ogg: 62fdf1f143b41e24485cea50d1cbac27 -> 
  custom:video-decoder-ogg-theora: a1e56fd34408186e4bbccfd4996cb3dc -> 
  custom:framework-win-MediaFoundation: 216162199b28c13a410421893ffa2e32 -> 
  custom:scripting/monoscript/fileName/slide.cs: fb7692c5d21b700d82288bd077ed9d09 -> 
  custom:scripting/monoscript/fileName/Btncooldown.cs: 960f3b71865de827f35ea8e9edb2cf51 -> 
  custom:scripting/monoscript/fileName/cooldown.cs: dd86686e1e61b62f476838352ba44f4b -> 
  custom:CustomObjectIndexerAttribute: d54d2f2da18e7612c182cf67624b6b12 -> 
  custom:container-demuxer-webm: 4f35f7cbe854078d1ac9338744f61a02 -> 
  custom:container-muxer-webm: aa71ff27fc2769a1b78a27578f13a17b -> 
  custom:video-decoder-webm-vp8: 9c59270c3fd7afecdb556c50c9e8de78 -> 
  custom:SearchIndexIgnoredProperties: e643bd26f0fe6173181afceb89e7c659 -> 
  custom:AudioImporter_EditorPlatform: d09bf68614088b80899f8185d706f6e7 -> 
  custom:video-encoder-webm-vp8: eb34c28f22e8b96e1ab97ce403110664 -> 
  custom:audio-decoder-ogg-vorbis: bf7c407c2cedff20999df2af8eb42d56 -> 
  custom:audio-encoder-webm-vorbis: bf7c407c2cedff20999df2af8eb42d56 -> 
========================================================================
Received Prepare
Begin MonoManager ReloadAssembly
Symbol file LoadedFromMemory is not a mono symbol file
- Loaded All Assemblies, in  0.517 seconds
Refreshing native plugins compatible for Editor in 4.54 ms, found 3 plugins.
Native extension for WindowsStandalone target not found
Native extension for WebGL target not found
[MODES] ModeService[none].Initialize
[MODES] ModeService[none].LoadModes
[MODES] Loading mode Default (0) for mode-current-id-EM
[Package Manager] Server::EnsureServerProcessIsRunning -- launch failed, reason: Unity was launched with the -noUpm command-line argument
[Package Manager] UpmClient::Send -- Unable to send message (not connected to UPM process).
[Package Manager] Cannot connect to Unity Package Manager local server
Mono: successfully reloaded assembly
- Finished resetting the current domain, in  1.842 seconds
Domain Reload Profiling: 2356ms
	BeginReloadAssembly (157ms)
		ExecutionOrderSort (0ms)
		DisableScriptedObjects (4ms)
		BackupInstance (0ms)
		ReleaseScriptingObjects (0ms)
		CreateAndSetChildDomain (43ms)
	RebuildCommonClasses (33ms)
	RebuildNativeTypeToScriptingClass (11ms)
	initialDomainReloadingComplete (30ms)
	LoadAllAssembliesAndSetupDomain (281ms)
		LoadAssemblies (338ms)
		RebuildTransferFunctionScriptingTraits (0ms)
		AnalyzeDomain (21ms)
			TypeCache.Refresh (7ms)
				TypeCache.ScanAssembly (0ms)
			ScanForSourceGeneratedMonoScriptInfo (0ms)
			ResolveRequiredComponents (13ms)
	FinalizeReload (1843ms)
		ReleaseScriptCaches (0ms)
		RebuildScriptCaches (0ms)
		SetupLoadedEditorAssemblies (1059ms)
			LogAssemblyErrors (0ms)
			InitializePlatformSupportModulesInManaged (9ms)
			SetLoadedEditorAssemblies (4ms)
			RefreshPlugins (0ms)
			BeforeProcessingInitializeOnLoad (98ms)
			ProcessInitializeOnLoadAttributes (816ms)
			ProcessInitializeOnLoadMethodAttributes (122ms)
			AfterProcessingInitializeOnLoad (10ms)
			EditorAssembliesLoaded (1ms)
		ExecutionOrderSort2 (0ms)
		AwakeInstancesAfterBackupRestoration (32ms)
Refreshing native plugins compatible for Editor in 10.51 ms, found 3 plugins.
Preloading 0 native plugins for Editor in 0.00 ms.
Unloading 5767 Unused Serialized files (Serialized files now loaded: 0)
Unloading 61 unused Assets / (2.0 MB). Loaded Objects now: 6624.
Memory consumption went from 240.9 MB to 238.9 MB.
Total: 12.825600 ms (FindLiveObjects: 1.876600 ms CreateObjectMapping: 0.862200 ms MarkObjects: 8.388400 ms  DeleteObjects: 1.695500 ms)

Prepare: number of updated asset objects reloaded= 0
AssetImportParameters requested are different than current active one (requested -> active):
  custom:container-demuxer-ogg: 62fdf1f143b41e24485cea50d1cbac27 -> 
  custom:video-decoder-ogg-theora: a1e56fd34408186e4bbccfd4996cb3dc -> 
  custom:framework-win-MediaFoundation: 216162199b28c13a410421893ffa2e32 -> 
  custom:scripting/monoscript/fileName/slide.cs: fb7692c5d21b700d82288bd077ed9d09 -> 
  custom:scripting/monoscript/fileName/Btncooldown.cs: 960f3b71865de827f35ea8e9edb2cf51 -> 
  custom:scripting/monoscript/fileName/cooldown.cs: dd86686e1e61b62f476838352ba44f4b -> 
  custom:CustomObjectIndexerAttribute: d54d2f2da18e7612c182cf67624b6b12 -> 
  custom:container-demuxer-webm: 4f35f7cbe854078d1ac9338744f61a02 -> 
  custom:container-muxer-webm: aa71ff27fc2769a1b78a27578f13a17b -> 
  custom:video-decoder-webm-vp8: 9c59270c3fd7afecdb556c50c9e8de78 -> 
  custom:SearchIndexIgnoredProperties: e643bd26f0fe6173181afceb89e7c659 -> 
  custom:AudioImporter_EditorPlatform: d09bf68614088b80899f8185d706f6e7 -> 
  custom:video-encoder-webm-vp8: eb34c28f22e8b96e1ab97ce403110664 -> 
  custom:audio-decoder-ogg-vorbis: bf7c407c2cedff20999df2af8eb42d56 -> 
  custom:audio-encoder-webm-vorbis: bf7c407c2cedff20999df2af8eb42d56 -> 
========================================================================
Received Prepare
Begin MonoManager ReloadAssembly
Symbol file LoadedFromMemory is not a mono symbol file
- Loaded All Assemblies, in  0.527 seconds
Refreshing native plugins compatible for Editor in 5.17 ms, found 3 plugins.
Native extension for WindowsStandalone target not found
Native extension for WebGL target not found
[MODES] ModeService[none].Initialize
[MODES] ModeService[none].LoadModes
[MODES] Loading mode Default (0) for mode-current-id-EM
[Package Manager] Server::EnsureServerProcessIsRunning -- launch failed, reason: Unity was launched with the -noUpm command-line argument
[Package Manager] UpmClient::Send -- Unable to send message (not connected to UPM process).
[Package Manager] Cannot connect to Unity Package Manager local server
Mono: successfully reloaded assembly
- Finished resetting the current domain, in  2.037 seconds
Domain Reload Profiling: 2562ms
	BeginReloadAssembly (162ms)
		ExecutionOrderSort (0ms)
		DisableScriptedObjects (5ms)
		BackupInstance (0ms)
		ReleaseScriptingObjects (0ms)
		CreateAndSetChildDomain (41ms)
	RebuildCommonClasses (34ms)
	RebuildNativeTypeToScriptingClass (11ms)
	initialDomainReloadingComplete (31ms)
	LoadAllAssembliesAndSetupDomain (286ms)
		LoadAssemblies (342ms)
		RebuildTransferFunctionScriptingTraits (0ms)
		AnalyzeDomain (22ms)
			TypeCache.Refresh (7ms)
				TypeCache.ScanAssembly (0ms)
			ScanForSourceGeneratedMonoScriptInfo (0ms)
			ResolveRequiredComponents (13ms)
	FinalizeReload (2038ms)
		ReleaseScriptCaches (0ms)
		RebuildScriptCaches (0ms)
		SetupLoadedEditorAssemblies (1262ms)
			LogAssemblyErrors (0ms)
			InitializePlatformSupportModulesInManaged (11ms)
			SetLoadedEditorAssemblies (4ms)
			RefreshPlugins (0ms)
			BeforeProcessingInitializeOnLoad (103ms)
			ProcessInitializeOnLoadAttributes (1012ms)
			ProcessInitializeOnLoadMethodAttributes (124ms)
			AfterProcessingInitializeOnLoad (8ms)
			EditorAssembliesLoaded (0ms)
		ExecutionOrderSort2 (0ms)
		AwakeInstancesAfterBackupRestoration (27ms)
Refreshing native plugins compatible for Editor in 8.63 ms, found 3 plugins.
Preloading 0 native plugins for Editor in 0.00 ms.
Unloading 5767 Unused Serialized files (Serialized files now loaded: 0)
Unloading 61 unused Assets / (2.0 MB). Loaded Objects now: 6640.
Memory consumption went from 242.9 MB to 240.8 MB.
Total: 14.589600 ms (FindLiveObjects: 2.180900 ms CreateObjectMapping: 0.647900 ms MarkObjects: 10.021300 ms  DeleteObjects: 1.735200 ms)

Prepare: number of updated asset objects reloaded= 0
AssetImportParameters requested are different than current active one (requested -> active):
  custom:container-demuxer-ogg: 62fdf1f143b41e24485cea50d1cbac27 -> 
  custom:video-decoder-ogg-theora: a1e56fd34408186e4bbccfd4996cb3dc -> 
  custom:framework-win-MediaFoundation: 216162199b28c13a410421893ffa2e32 -> 
  custom:scripting/monoscript/fileName/slide.cs: fb7692c5d21b700d82288bd077ed9d09 -> 
  custom:scripting/monoscript/fileName/Btncooldown.cs: 960f3b71865de827f35ea8e9edb2cf51 -> 
  custom:scripting/monoscript/fileName/cooldown.cs: dd86686e1e61b62f476838352ba44f4b -> 
  custom:CustomObjectIndexerAttribute: d54d2f2da18e7612c182cf67624b6b12 -> 
  custom:container-demuxer-webm: 4f35f7cbe854078d1ac9338744f61a02 -> 
  custom:container-muxer-webm: aa71ff27fc2769a1b78a27578f13a17b -> 
  custom:video-decoder-webm-vp8: 9c59270c3fd7afecdb556c50c9e8de78 -> 
  custom:SearchIndexIgnoredProperties: e643bd26f0fe6173181afceb89e7c659 -> 
  custom:AudioImporter_EditorPlatform: d09bf68614088b80899f8185d706f6e7 -> 
  custom:video-encoder-webm-vp8: eb34c28f22e8b96e1ab97ce403110664 -> 
  custom:audio-decoder-ogg-vorbis: bf7c407c2cedff20999df2af8eb42d56 -> 
  custom:audio-encoder-webm-vorbis: bf7c407c2cedff20999df2af8eb42d56 -> 
========================================================================
Received Prepare
Begin MonoManager ReloadAssembly
Symbol file LoadedFromMemory is not a mono symbol file
- Loaded All Assemblies, in  0.509 seconds
Refreshing native plugins compatible for Editor in 4.56 ms, found 3 plugins.
Native extension for WindowsStandalone target not found
Native extension for WebGL target not found
[MODES] ModeService[none].Initialize
[MODES] ModeService[none].LoadModes
[MODES] Loading mode Default (0) for mode-current-id-EM
[Package Manager] Server::EnsureServerProcessIsRunning -- launch failed, reason: Unity was launched with the -noUpm command-line argument
[Package Manager] UpmClient::Send -- Unable to send message (not connected to UPM process).
[Package Manager] Cannot connect to Unity Package Manager local server
Mono: successfully reloaded assembly
- Finished resetting the current domain, in  2.089 seconds
Domain Reload Profiling: 2595ms
	BeginReloadAssembly (157ms)
		ExecutionOrderSort (0ms)
		DisableScriptedObjects (5ms)
		BackupInstance (0ms)
		ReleaseScriptingObjects (0ms)
		CreateAndSetChildDomain (40ms)
	RebuildCommonClasses (33ms)
	RebuildNativeTypeToScriptingClass (11ms)
	initialDomainReloadingComplete (31ms)
	LoadAllAssembliesAndSetupDomain (273ms)
		LoadAssemblies (330ms)
		RebuildTransferFunctionScriptingTraits (0ms)
		AnalyzeDomain (20ms)
			TypeCache.Refresh (6ms)
				TypeCache.ScanAssembly (0ms)
			ScanForSourceGeneratedMonoScriptInfo (0ms)
			ResolveRequiredComponents (13ms)
	FinalizeReload (2090ms)
		ReleaseScriptCaches (0ms)
		RebuildScriptCaches (0ms)
		SetupLoadedEditorAssemblies (1291ms)
			LogAssemblyErrors (0ms)
			InitializePlatformSupportModulesInManaged (10ms)
			SetLoadedEditorAssemblies (5ms)
			RefreshPlugins (0ms)
			BeforeProcessingInitializeOnLoad (119ms)
			ProcessInitializeOnLoadAttributes (1048ms)
			ProcessInitializeOnLoadMethodAttributes (96ms)
			AfterProcessingInitializeOnLoad (12ms)
			EditorAssembliesLoaded (1ms)
		ExecutionOrderSort2 (0ms)
		AwakeInstancesAfterBackupRestoration (34ms)
Refreshing native plugins compatible for Editor in 14.11 ms, found 3 plugins.
Preloading 0 native plugins for Editor in 0.00 ms.
Unloading 5767 Unused Serialized files (Serialized files now loaded: 0)
Unloading 61 unused Assets / (2.0 MB). Loaded Objects now: 6656.
Memory consumption went from 244.7 MB to 242.7 MB.
Total: 13.549000 ms (FindLiveObjects: 1.693500 ms CreateObjectMapping: 0.305300 ms MarkObjects: 9.221500 ms  DeleteObjects: 2.323700 ms)

Prepare: number of updated asset objects reloaded= 0
AssetImportParameters requested are different than current active one (requested -> active):
  custom:container-demuxer-ogg: 62fdf1f143b41e24485cea50d1cbac27 -> 
  custom:video-decoder-ogg-theora: a1e56fd34408186e4bbccfd4996cb3dc -> 
  custom:framework-win-MediaFoundation: 216162199b28c13a410421893ffa2e32 -> 
  custom:scripting/monoscript/fileName/slide.cs: fb7692c5d21b700d82288bd077ed9d09 -> 
  custom:scripting/monoscript/fileName/Btncooldown.cs: 960f3b71865de827f35ea8e9edb2cf51 -> 
  custom:scripting/monoscript/fileName/cooldown.cs: dd86686e1e61b62f476838352ba44f4b -> 
  custom:CustomObjectIndexerAttribute: d54d2f2da18e7612c182cf67624b6b12 -> 
  custom:container-demuxer-webm: 4f35f7cbe854078d1ac9338744f61a02 -> 
  custom:container-muxer-webm: aa71ff27fc2769a1b78a27578f13a17b -> 
  custom:video-decoder-webm-vp8: 9c59270c3fd7afecdb556c50c9e8de78 -> 
  custom:SearchIndexIgnoredProperties: e643bd26f0fe6173181afceb89e7c659 -> 
  custom:AudioImporter_EditorPlatform: d09bf68614088b80899f8185d706f6e7 -> 
  custom:video-encoder-webm-vp8: eb34c28f22e8b96e1ab97ce403110664 -> 
  custom:audio-decoder-ogg-vorbis: bf7c407c2cedff20999df2af8eb42d56 -> 
  custom:audio-encoder-webm-vorbis: bf7c407c2cedff20999df2af8eb42d56 -> 
========================================================================
Received Prepare
Begin MonoManager ReloadAssembly
Symbol file LoadedFromMemory is not a mono symbol file
- Loaded All Assemblies, in  0.515 seconds
Refreshing native plugins compatible for Editor in 4.51 ms, found 3 plugins.
Native extension for WindowsStandalone target not found
Native extension for WebGL target not found
[MODES] ModeService[none].Initialize
[MODES] ModeService[none].LoadModes
[MODES] Loading mode Default (0) for mode-current-id-EM
[Package Manager] Server::EnsureServerProcessIsRunning -- launch failed, reason: Unity was launched with the -noUpm command-line argument
[Package Manager] UpmClient::Send -- Unable to send message (not connected to UPM process).
[Package Manager] Cannot connect to Unity Package Manager local server
Mono: successfully reloaded assembly
- Finished resetting the current domain, in  1.873 seconds
Domain Reload Profiling: 2385ms
	BeginReloadAssembly (153ms)
		ExecutionOrderSort (0ms)
		DisableScriptedObjects (4ms)
		BackupInstance (0ms)
		ReleaseScriptingObjects (0ms)
		CreateAndSetChildDomain (38ms)
	RebuildCommonClasses (33ms)
	RebuildNativeTypeToScriptingClass (11ms)
	initialDomainReloadingComplete (31ms)
	LoadAllAssembliesAndSetupDomain (283ms)
		LoadAssemblies (338ms)
		RebuildTransferFunctionScriptingTraits (0ms)
		AnalyzeDomain (21ms)
			TypeCache.Refresh (6ms)
				TypeCache.ScanAssembly (0ms)
			ScanForSourceGeneratedMonoScriptInfo (0ms)
			ResolveRequiredComponents (13ms)
	FinalizeReload (1874ms)
		ReleaseScriptCaches (0ms)
		RebuildScriptCaches (0ms)
		SetupLoadedEditorAssemblies (1077ms)
			LogAssemblyErrors (0ms)
			InitializePlatformSupportModulesInManaged (10ms)
			SetLoadedEditorAssemblies (4ms)
			RefreshPlugins (0ms)
			BeforeProcessingInitializeOnLoad (115ms)
			ProcessInitializeOnLoadAttributes (860ms)
			ProcessInitializeOnLoadMethodAttributes (78ms)
			AfterProcessingInitializeOnLoad (9ms)
			EditorAssembliesLoaded (1ms)
		ExecutionOrderSort2 (0ms)
		AwakeInstancesAfterBackupRestoration (29ms)
Refreshing native plugins compatible for Editor in 11.64 ms, found 3 plugins.
Preloading 0 native plugins for Editor in 0.00 ms.
Unloading 5767 Unused Serialized files (Serialized files now loaded: 0)
Unloading 61 unused Assets / (2.0 MB). Loaded Objects now: 6672.
Memory consumption went from 246.7 MB to 244.7 MB.
Total: 14.543000 ms (FindLiveObjects: 1.846000 ms CreateObjectMapping: 0.383400 ms MarkObjects: 10.171200 ms  DeleteObjects: 2.138500 ms)

Prepare: number of updated asset objects reloaded= 0
AssetImportParameters requested are different than current active one (requested -> active):
  custom:container-demuxer-ogg: 62fdf1f143b41e24485cea50d1cbac27 -> 
  custom:video-decoder-ogg-theora: a1e56fd34408186e4bbccfd4996cb3dc -> 
  custom:framework-win-MediaFoundation: 216162199b28c13a410421893ffa2e32 -> 
  custom:scripting/monoscript/fileName/slide.cs: fb7692c5d21b700d82288bd077ed9d09 -> 
  custom:scripting/monoscript/fileName/Btncooldown.cs: 960f3b71865de827f35ea8e9edb2cf51 -> 
  custom:scripting/monoscript/fileName/cooldown.cs: dd86686e1e61b62f476838352ba44f4b -> 
  custom:CustomObjectIndexerAttribute: d54d2f2da18e7612c182cf67624b6b12 -> 
  custom:container-demuxer-webm: 4f35f7cbe854078d1ac9338744f61a02 -> 
  custom:container-muxer-webm: aa71ff27fc2769a1b78a27578f13a17b -> 
  custom:video-decoder-webm-vp8: 9c59270c3fd7afecdb556c50c9e8de78 -> 
  custom:SearchIndexIgnoredProperties: e643bd26f0fe6173181afceb89e7c659 -> 
  custom:AudioImporter_EditorPlatform: d09bf68614088b80899f8185d706f6e7 -> 
  custom:video-encoder-webm-vp8: eb34c28f22e8b96e1ab97ce403110664 -> 
  custom:audio-decoder-ogg-vorbis: bf7c407c2cedff20999df2af8eb42d56 -> 
  custom:audio-encoder-webm-vorbis: bf7c407c2cedff20999df2af8eb42d56 -> 
========================================================================
Received Prepare
Begin MonoManager ReloadAssembly
Symbol file LoadedFromMemory is not a mono symbol file
- Loaded All Assemblies, in  0.507 seconds
Refreshing native plugins compatible for Editor in 4.59 ms, found 3 plugins.
Native extension for WindowsStandalone target not found
Native extension for WebGL target not found
[MODES] ModeService[none].Initialize
[MODES] ModeService[none].LoadModes
[MODES] Loading mode Default (0) for mode-current-id-EM
[Package Manager] Server::EnsureServerProcessIsRunning -- launch failed, reason: Unity was launched with the -noUpm command-line argument
[Package Manager] UpmClient::Send -- Unable to send message (not connected to UPM process).
[Package Manager] Cannot connect to Unity Package Manager local server
Mono: successfully reloaded assembly
- Finished resetting the current domain, in  1.938 seconds
Domain Reload Profiling: 2443ms
	BeginReloadAssembly (154ms)
		ExecutionOrderSort (0ms)
		DisableScriptedObjects (5ms)
		BackupInstance (0ms)
		ReleaseScriptingObjects (0ms)
		CreateAndSetChildDomain (40ms)
	RebuildCommonClasses (34ms)
	RebuildNativeTypeToScriptingClass (11ms)
	initialDomainReloadingComplete (32ms)
	LoadAllAssembliesAndSetupDomain (273ms)
		LoadAssemblies (329ms)
		RebuildTransferFunctionScriptingTraits (0ms)
		AnalyzeDomain (20ms)
			TypeCache.Refresh (6ms)
				TypeCache.ScanAssembly (0ms)
			ScanForSourceGeneratedMonoScriptInfo (0ms)
			ResolveRequiredComponents (13ms)
	FinalizeReload (1939ms)
		ReleaseScriptCaches (0ms)
		RebuildScriptCaches (0ms)
		SetupLoadedEditorAssemblies (1133ms)
			LogAssemblyErrors (0ms)
			InitializePlatformSupportModulesInManaged (12ms)
			SetLoadedEditorAssemblies (5ms)
			RefreshPlugins (0ms)
			BeforeProcessingInitializeOnLoad (174ms)
			ProcessInitializeOnLoadAttributes (795ms)
			ProcessInitializeOnLoadMethodAttributes (132ms)
			AfterProcessingInitializeOnLoad (14ms)
			EditorAssembliesLoaded (1ms)
		ExecutionOrderSort2 (0ms)
		AwakeInstancesAfterBackupRestoration (47ms)
Refreshing native plugins compatible for Editor in 11.42 ms, found 3 plugins.
Preloading 0 native plugins for Editor in 0.00 ms.
Unloading 5767 Unused Serialized files (Serialized files now loaded: 0)
Unloading 61 unused Assets / (2.0 MB). Loaded Objects now: 6688.
Memory consumption went from 248.7 MB to 246.6 MB.
Total: 14.889200 ms (FindLiveObjects: 1.145300 ms CreateObjectMapping: 0.363700 ms MarkObjects: 10.960800 ms  DeleteObjects: 2.416300 ms)

Prepare: number of updated asset objects reloaded= 0
AssetImportParameters requested are different than current active one (requested -> active):
  custom:container-demuxer-ogg: 62fdf1f143b41e24485cea50d1cbac27 -> 
  custom:video-decoder-ogg-theora: a1e56fd34408186e4bbccfd4996cb3dc -> 
  custom:framework-win-MediaFoundation: 216162199b28c13a410421893ffa2e32 -> 
  custom:scripting/monoscript/fileName/slide.cs: fb7692c5d21b700d82288bd077ed9d09 -> 
  custom:scripting/monoscript/fileName/Btncooldown.cs: 960f3b71865de827f35ea8e9edb2cf51 -> 
  custom:scripting/monoscript/fileName/cooldown.cs: dd86686e1e61b62f476838352ba44f4b -> 
  custom:CustomObjectIndexerAttribute: d54d2f2da18e7612c182cf67624b6b12 -> 
  custom:container-demuxer-webm: 4f35f7cbe854078d1ac9338744f61a02 -> 
  custom:container-muxer-webm: aa71ff27fc2769a1b78a27578f13a17b -> 
  custom:video-decoder-webm-vp8: 9c59270c3fd7afecdb556c50c9e8de78 -> 
  custom:SearchIndexIgnoredProperties: e643bd26f0fe6173181afceb89e7c659 -> 
  custom:AudioImporter_EditorPlatform: d09bf68614088b80899f8185d706f6e7 -> 
  custom:video-encoder-webm-vp8: eb34c28f22e8b96e1ab97ce403110664 -> 
  custom:audio-decoder-ogg-vorbis: bf7c407c2cedff20999df2af8eb42d56 -> 
  custom:audio-encoder-webm-vorbis: bf7c407c2cedff20999df2af8eb42d56 -> 
========================================================================
Received Import Request.
  Time since last request: 2356.018245 seconds.
  path: Assets/Visual/Animation/Universal_Traversal_Anims/Art/Animations/Traversal_Movement_FrontFlipJump_fromRuntoRun.fbx
  artifactKey: Guid(ea23dbc1ceb252d4a971814c3b7fb015) Importer(815301076,1909f56bfc062723c751e8b465ee728b)
Start importing Assets/Visual/Animation/Universal_Traversal_Anims/Art/Animations/Traversal_Movement_FrontFlipJump_fromRuntoRun.fbx using Guid(ea23dbc1ceb252d4a971814c3b7fb015) Importer(815301076,1909f56bfc062723c751e8b465ee728b)  -> (artifact id: '8707c92fd32060cc90a263cd6afdf749') in 1.684733 seconds
Number of updated asset objects reloaded before import = 0
Number of asset objects unloaded after import = 139
========================================================================
Received Import Request.
  Time since last request: 0.001304 seconds.
  path: Assets/Visual/Animation/Universal_Traversal_Anims/Art/Animations/Traversal_Movement_Jump_InPlace_Landing.fbx
  artifactKey: Guid(a367ea39edd43f3439978cb55fbc6309) Importer(815301076,1909f56bfc062723c751e8b465ee728b)
Start importing Assets/Visual/Animation/Universal_Traversal_Anims/Art/Animations/Traversal_Movement_Jump_InPlace_Landing.fbx using Guid(a367ea39edd43f3439978cb55fbc6309) Importer(815301076,1909f56bfc062723c751e8b465ee728b)  -> (artifact id: '409c0e66842f33810aa44d947666a5fa') in 0.044918 seconds
Number of updated asset objects reloaded before import = 0
Number of asset objects unloaded after import = 139
========================================================================
Received Import Request.
  Time since last request: 0.000045 seconds.
  path: Assets/Visual/Animation/Universal_Traversal_Anims/Art/Animations/Traversal_Movement_Jump_InPlace_to_Pole_Climb_Idle.fbx
  artifactKey: Guid(7630c686813b690439e3a16db0102a71) Importer(815301076,1909f56bfc062723c751e8b465ee728b)
Start importing Assets/Visual/Animation/Universal_Traversal_Anims/Art/Animations/Traversal_Movement_Jump_InPlace_to_Pole_Climb_Idle.fbx using Guid(7630c686813b690439e3a16db0102a71) Importer(815301076,1909f56bfc062723c751e8b465ee728b)  -> (artifact id: 'ed985c07a8fcac579f713c0aa3302a56') in 0.057393 seconds
Number of updated asset objects reloaded before import = 0
Number of asset objects unloaded after import = 139
========================================================================
Received Import Request.
  Time since last request: 0.000034 seconds.
  path: Assets/Visual/Animation/Universal_Traversal_Anims/Art/Animations/Traversal_Movement_Jump_InPlace_PreLanding.fbx
  artifactKey: Guid(a3f4091f6e71efd4ca225e04a7ad3a0c) Importer(815301076,1909f56bfc062723c751e8b465ee728b)
Start importing Assets/Visual/Animation/Universal_Traversal_Anims/Art/Animations/Traversal_Movement_Jump_InPlace_PreLanding.fbx using Guid(a3f4091f6e71efd4ca225e04a7ad3a0c) Importer(815301076,1909f56bfc062723c751e8b465ee728b)  -> (artifact id: '00ab35bab259f83e8fcf1674ff8248c1') in 0.046876 seconds
Number of updated asset objects reloaded before import = 0
Number of asset objects unloaded after import = 139
========================================================================
Received Import Request.
  Time since last request: 0.000050 seconds.
  path: Assets/Visual/Animation/Universal_Traversal_Anims/Art/Animations/Traversal_Movement_QuickDropDownBelow_fromRunToRun.fbx
  artifactKey: Guid(0f865af68c007a64eb9d3fb3d052f212) Importer(815301076,1909f56bfc062723c751e8b465ee728b)
Start importing Assets/Visual/Animation/Universal_Traversal_Anims/Art/Animations/Traversal_Movement_QuickDropDownBelow_fromRunToRun.fbx using Guid(0f865af68c007a64eb9d3fb3d052f212) Importer(815301076,1909f56bfc062723c751e8b465ee728b)  -> (artifact id: '0fb31eb1f64b35f56fa15a0f302aa1c3') in 0.079361 seconds
Number of updated asset objects reloaded before import = 0
Number of asset objects unloaded after import = 139
========================================================================
Received Import Request.
  Time since last request: 0.000045 seconds.
  path: Assets/Visual/Animation/Universal_Traversal_Anims/Art/Animations/Traversal_Movement_Jump_InPlace_Jump.fbx
  artifactKey: Guid(121823cfff911a346b9d6c7118a30037) Importer(815301076,1909f56bfc062723c751e8b465ee728b)
Start importing Assets/Visual/Animation/Universal_Traversal_Anims/Art/Animations/Traversal_Movement_Jump_InPlace_Jump.fbx using Guid(121823cfff911a346b9d6c7118a30037) Importer(815301076,1909f56bfc062723c751e8b465ee728b)  -> (artifact id: '0e66951ef897a0f2069679b3a5e6cd50') in 0.018119 seconds
Number of updated asset objects reloaded before import = 0
Number of asset objects unloaded after import = 139
========================================================================
Received Import Request.
  Time since last request: 0.000058 seconds.
  path: Assets/Visual/Animation/Universal_Traversal_Anims/Art/Animations/Traversal_Movement_Jump_fromRun_toRun.fbx
  artifactKey: Guid(69ae6502a6c2e964c8ca34e0731deb0a) Importer(815301076,1909f56bfc062723c751e8b465ee728b)
Start importing Assets/Visual/Animation/Universal_Traversal_Anims/Art/Animations/Traversal_Movement_Jump_fromRun_toRun.fbx using Guid(69ae6502a6c2e964c8ca34e0731deb0a) Importer(815301076,1909f56bfc062723c751e8b465ee728b)  -> (artifact id: '56f2da162e35c49f08079cab8739dda0') in 0.020631 seconds
Number of updated asset objects reloaded before import = 0
Number of asset objects unloaded after import = 139
========================================================================
Received Import Request.
  Time since last request: 0.000044 seconds.
  path: Assets/Visual/Animation/Universal_Traversal_Anims/Art/Animations/Traversal_Movement_Run_BackLeft.fbx
  artifactKey: Guid(26f52dde9e06d1240a63cedd50682636) Importer(815301076,1909f56bfc062723c751e8b465ee728b)
Start importing Assets/Visual/Animation/Universal_Traversal_Anims/Art/Animations/Traversal_Movement_Run_BackLeft.fbx using Guid(26f52dde9e06d1240a63cedd50682636) Importer(815301076,1909f56bfc062723c751e8b465ee728b)  -> (artifact id: 'd34001b6d3dc25d5ec64075310463953') in 0.016609 seconds
Number of updated asset objects reloaded before import = 0
Number of asset objects unloaded after import = 139
========================================================================
Received Import Request.
  Time since last request: 0.000051 seconds.
  path: Assets/Visual/Animation/Universal_Traversal_Anims/Art/Animations/Traversal_Movement_Jump_InPlace_PreJump.fbx
  artifactKey: Guid(9b60159da7db16944895c50f4ccd0f3d) Importer(815301076,1909f56bfc062723c751e8b465ee728b)
Start importing Assets/Visual/Animation/Universal_Traversal_Anims/Art/Animations/Traversal_Movement_Jump_InPlace_PreJump.fbx using Guid(9b60159da7db16944895c50f4ccd0f3d) Importer(815301076,1909f56bfc062723c751e8b465ee728b)  -> (artifact id: '42abb8479ab3a30a7a54363e120ee859') in 0.023085 seconds
Number of updated asset objects reloaded before import = 0
Number of asset objects unloaded after import = 139
========================================================================
Received Import Request.
  Time since last request: 0.000055 seconds.
  path: Assets/Visual/Animation/Universal_Traversal_Anims/Art/Animations/Traversal_Movement_Jump_InPlace_to_Ledge_Climb_HangingIdle.fbx
  artifactKey: Guid(668f2c6d0dbb2124ca98c611789f90ad) Importer(815301076,1909f56bfc062723c751e8b465ee728b)
Start importing Assets/Visual/Animation/Universal_Traversal_Anims/Art/Animations/Traversal_Movement_Jump_InPlace_to_Ledge_Climb_HangingIdle.fbx using Guid(668f2c6d0dbb2124ca98c611789f90ad) Importer(815301076,1909f56bfc062723c751e8b465ee728b)  -> (artifact id: '211d68b3c2b7362a430d65e0975d9bf3') in 0.017354 seconds
Number of updated asset objects reloaded before import = 0
Number of asset objects unloaded after import = 139
========================================================================
Received Import Request.
  Time since last request: 0.000050 seconds.
  path: Assets/Visual/Animation/Universal_Traversal_Anims/Art/Animations/Traversal_Movement_Run_ForwardLeft.fbx
  artifactKey: Guid(c9641bb515a9e2c4b8a400b067468ec8) Importer(815301076,1909f56bfc062723c751e8b465ee728b)
Start importing Assets/Visual/Animation/Universal_Traversal_Anims/Art/Animations/Traversal_Movement_Run_ForwardLeft.fbx using Guid(c9641bb515a9e2c4b8a400b067468ec8) Importer(815301076,1909f56bfc062723c751e8b465ee728b)  -> (artifact id: 'e9f713796abb54ee30a3185b0eae3202') in 0.019290 seconds
Number of updated asset objects reloaded before import = 0
Number of asset objects unloaded after import = 139
========================================================================
Received Import Request.
  Time since last request: 0.000129 seconds.
  path: Assets/Visual/Animation/Universal_Traversal_Anims/Art/Animations/Traversal_Movement_Run_Back.fbx
  artifactKey: Guid(d59f0a1ca38a3694cb4acd3fca8081d7) Importer(815301076,1909f56bfc062723c751e8b465ee728b)
Start importing Assets/Visual/Animation/Universal_Traversal_Anims/Art/Animations/Traversal_Movement_Run_Back.fbx using Guid(d59f0a1ca38a3694cb4acd3fca8081d7) Importer(815301076,1909f56bfc062723c751e8b465ee728b)  -> (artifact id: 'b4e437022b860060f9a9a9a5e7c9e4ee') in 0.014435 seconds
Number of updated asset objects reloaded before import = 0
Number of asset objects unloaded after import = 139
========================================================================
Received Import Request.
  Time since last request: 0.000028 seconds.
  path: Assets/Visual/Animation/Universal_Traversal_Anims/Art/Animations/Traversal_Movement_LazyVault_Right.fbx
  artifactKey: Guid(668f126ab2376d949bff3c572cd85e57) Importer(815301076,1909f56bfc062723c751e8b465ee728b)
Start importing Assets/Visual/Animation/Universal_Traversal_Anims/Art/Animations/Traversal_Movement_LazyVault_Right.fbx using Guid(668f126ab2376d949bff3c572cd85e57) Importer(815301076,1909f56bfc062723c751e8b465ee728b)  -> (artifact id: '8f4daccb4c0cf93ba8d8317f0d076842') in 0.021542 seconds
Number of updated asset objects reloaded before import = 0
Number of asset objects unloaded after import = 139
========================================================================
Received Import Request.
  Time since last request: 0.000054 seconds.
  path: Assets/Visual/Animation/Universal_Traversal_Anims/Art/Animations/Traversal_Movement_Jump_InPlace_WholeSequence.fbx
  artifactKey: Guid(66e26806a0269464b8b6acd41383958b) Importer(815301076,1909f56bfc062723c751e8b465ee728b)
Start importing Assets/Visual/Animation/Universal_Traversal_Anims/Art/Animations/Traversal_Movement_Jump_InPlace_WholeSequence.fbx using Guid(66e26806a0269464b8b6acd41383958b) Importer(815301076,1909f56bfc062723c751e8b465ee728b)  -> (artifact id: '76eefe0610368996789b131db7d7ec19') in 0.013419 seconds
Number of updated asset objects reloaded before import = 0
Number of asset objects unloaded after import = 139
========================================================================
Received Import Request.
  Time since last request: 0.000048 seconds.
  path: Assets/Visual/Animation/Universal_Traversal_Anims/Art/Animations/Traversal_Movement_Jump_InPlace_Loop.fbx
  artifactKey: Guid(0108e343349b0cc4a99eccc881ee60fc) Importer(815301076,1909f56bfc062723c751e8b465ee728b)
Start importing Assets/Visual/Animation/Universal_Traversal_Anims/Art/Animations/Traversal_Movement_Jump_InPlace_Loop.fbx using Guid(0108e343349b0cc4a99eccc881ee60fc) Importer(815301076,1909f56bfc062723c751e8b465ee728b)  -> (artifact id: '987fa95fbdd274e9999c7f5e81de2c65') in 0.013955 seconds
Number of updated asset objects reloaded before import = 0
Number of asset objects unloaded after import = 139
========================================================================
Received Import Request.
  Time since last request: 0.000040 seconds.
  path: Assets/Visual/Animation/Universal_Traversal_Anims/Art/Animations/Traversal_Movement_Landing_Roll_toRun.fbx
  artifactKey: Guid(a957eeab6eef0b54eb0553a144806b54) Importer(815301076,1909f56bfc062723c751e8b465ee728b)
Start importing Assets/Visual/Animation/Universal_Traversal_Anims/Art/Animations/Traversal_Movement_Landing_Roll_toRun.fbx using Guid(a957eeab6eef0b54eb0553a144806b54) Importer(815301076,1909f56bfc062723c751e8b465ee728b)  -> (artifact id: 'bc91f2423d6474f71cefad8c9f7d5a19') in 0.013194 seconds
Number of updated asset objects reloaded before import = 0
Number of asset objects unloaded after import = 139
========================================================================
Received Import Request.
  Time since last request: 0.000025 seconds.
  path: Assets/Visual/Animation/Universal_Traversal_Anims/Art/Animations/Traversal_Movement_Run_BackRight.fbx
  artifactKey: Guid(bf269fe569881d7438bba552fc87f46b) Importer(815301076,1909f56bfc062723c751e8b465ee728b)
Start importing Assets/Visual/Animation/Universal_Traversal_Anims/Art/Animations/Traversal_Movement_Run_BackRight.fbx using Guid(bf269fe569881d7438bba552fc87f46b) Importer(815301076,1909f56bfc062723c751e8b465ee728b)  -> (artifact id: '23bfc66867132d429ed86914689ce234') in 0.012000 seconds
Number of updated asset objects reloaded before import = 0
Number of asset objects unloaded after import = 139
========================================================================
Received Import Request.
  Time since last request: 0.000032 seconds.
  path: Assets/Visual/Animation/Universal_Traversal_Anims/Art/Animations/Traversal_Movement_Idle.fbx
  artifactKey: Guid(901cf23cf51848c42ab846b25b070e6e) Importer(815301076,1909f56bfc062723c751e8b465ee728b)
Start importing Assets/Visual/Animation/Universal_Traversal_Anims/Art/Animations/Traversal_Movement_Idle.fbx using Guid(901cf23cf51848c42ab846b25b070e6e) Importer(815301076,1909f56bfc062723c751e8b465ee728b)  -> (artifact id: 'b14a6f836a82d92fae2a33c972ec892a') in 0.017231 seconds
Number of updated asset objects reloaded before import = 0
Number of asset objects unloaded after import = 139
========================================================================
Received Import Request.
  Time since last request: 0.000041 seconds.
  path: Assets/Visual/Animation/Universal_Traversal_Anims/Art/Animations/Traversal_Movement_Jump_InPlace_to_Wall_Climb_4Limbs_Hold_Idle.fbx
  artifactKey: Guid(cd83e396882dd9b4090669df587c98e1) Importer(815301076,1909f56bfc062723c751e8b465ee728b)
Start importing Assets/Visual/Animation/Universal_Traversal_Anims/Art/Animations/Traversal_Movement_Jump_InPlace_to_Wall_Climb_4Limbs_Hold_Idle.fbx using Guid(cd83e396882dd9b4090669df587c98e1) Importer(815301076,1909f56bfc062723c751e8b465ee728b)  -> (artifact id: '18a1fc1a8cf0b2470eef71fdf9c569a2') in 0.012586 seconds
Number of updated asset objects reloaded before import = 0
Number of asset objects unloaded after import = 139
========================================================================
Received Import Request.
  Time since last request: 0.000244 seconds.
  path: Assets/Visual/Animation/Universal_Traversal_Anims/Art/Animations/Traversal_Movement_LazyVault_Left.fbx
  artifactKey: Guid(c0b957413f73ee0498924fde7b6a9bbe) Importer(815301076,1909f56bfc062723c751e8b465ee728b)
Start importing Assets/Visual/Animation/Universal_Traversal_Anims/Art/Animations/Traversal_Movement_LazyVault_Left.fbx using Guid(c0b957413f73ee0498924fde7b6a9bbe) Importer(815301076,1909f56bfc062723c751e8b465ee728b)  -> (artifact id: '3ee5ad85ea18a3aac4e60ee3cdcfa665') in 0.010234 seconds
Number of updated asset objects reloaded before import = 0
Number of asset objects unloaded after import = 139
========================================================================
Received Import Request.
  Time since last request: 0.000024 seconds.
  path: Assets/Visual/Animation/Universal_Traversal_Anims/Art/Animations/Traversal_Movement_Run_Forward.fbx
  artifactKey: Guid(e9e260d367470284ab7bc0c00b4c646a) Importer(815301076,1909f56bfc062723c751e8b465ee728b)
Start importing Assets/Visual/Animation/Universal_Traversal_Anims/Art/Animations/Traversal_Movement_Run_Forward.fbx using Guid(e9e260d367470284ab7bc0c00b4c646a) Importer(815301076,1909f56bfc062723c751e8b465ee728b)  -> (artifact id: '731de55cc6a8c33748b7772b8c380d3c') in 0.011365 seconds
Number of updated asset objects reloaded before import = 0
Number of asset objects unloaded after import = 139
========================================================================
Received Prepare
Begin MonoManager ReloadAssembly
Symbol file LoadedFromMemory is not a mono symbol file
- Loaded All Assemblies, in  4.472 seconds
Refreshing native plugins compatible for Editor in 14.45 ms, found 3 plugins.
Native extension for WindowsStandalone target not found
Native extension for WebGL target not found
[MODES] ModeService[none].Initialize
[MODES] ModeService[none].LoadModes
[MODES] Loading mode Default (0) for mode-current-id-EM
[Package Manager] Server::EnsureServerProcessIsRunning -- launch failed, reason: Unity was launched with the -noUpm command-line argument
[Package Manager] UpmClient::Send -- Unable to send message (not connected to UPM process).
[Package Manager] Cannot connect to Unity Package Manager local server
Mono: successfully reloaded assembly
- Finished resetting the current domain, in  5.087 seconds
Domain Reload Profiling: 9618ms
	BeginReloadAssembly (1687ms)
		ExecutionOrderSort (0ms)
		DisableScriptedObjects (60ms)
		BackupInstance (0ms)
		ReleaseScriptingObjects (2ms)
		CreateAndSetChildDomain (817ms)
	RebuildCommonClasses (77ms)
	RebuildNativeTypeToScriptingClass (41ms)
	initialDomainReloadingComplete (90ms)
	LoadAllAssembliesAndSetupDomain (2635ms)
		LoadAssemblies (2905ms)
		RebuildTransferFunctionScriptingTraits (0ms)
		AnalyzeDomain (168ms)
			TypeCache.Refresh (103ms)
				TypeCache.ScanAssembly (0ms)
			ScanForSourceGeneratedMonoScriptInfo (2ms)
			ResolveRequiredComponents (61ms)
	FinalizeReload (5089ms)
		ReleaseScriptCaches (0ms)
		RebuildScriptCaches (0ms)
		SetupLoadedEditorAssemblies (1698ms)
			LogAssemblyErrors (0ms)
			InitializePlatformSupportModulesInManaged (34ms)
			SetLoadedEditorAssemblies (11ms)
			RefreshPlugins (0ms)
			BeforeProcessingInitializeOnLoad (222ms)
			ProcessInitializeOnLoadAttributes (1251ms)
			ProcessInitializeOnLoadMethodAttributes (167ms)
			AfterProcessingInitializeOnLoad (12ms)
			EditorAssembliesLoaded (2ms)
		ExecutionOrderSort2 (0ms)
		AwakeInstancesAfterBackupRestoration (42ms)
Refreshing native plugins compatible for Editor in 11.85 ms, found 3 plugins.
Preloading 0 native plugins for Editor in 0.00 ms.
Unloading 5767 Unused Serialized files (Serialized files now loaded: 0)
Unloading 61 unused Assets / (2.0 MB). Loaded Objects now: 6704.
Memory consumption went from 250.8 MB to 248.7 MB.
Total: 22.845200 ms (FindLiveObjects: 2.115600 ms CreateObjectMapping: 0.892000 ms MarkObjects: 17.531700 ms  DeleteObjects: 2.301100 ms)

Prepare: number of updated asset objects reloaded= 0
AssetImportParameters requested are different than current active one (requested -> active):
  custom:container-demuxer-ogg: 62fdf1f143b41e24485cea50d1cbac27 -> 
  custom:video-decoder-ogg-theora: a1e56fd34408186e4bbccfd4996cb3dc -> 
  custom:framework-win-MediaFoundation: 216162199b28c13a410421893ffa2e32 -> 
  custom:scripting/monoscript/fileName/slide.cs: fb7692c5d21b700d82288bd077ed9d09 -> 
  custom:scripting/monoscript/fileName/Btncooldown.cs: 960f3b71865de827f35ea8e9edb2cf51 -> 
  custom:scripting/monoscript/fileName/cooldown.cs: dd86686e1e61b62f476838352ba44f4b -> 
  custom:CustomObjectIndexerAttribute: d54d2f2da18e7612c182cf67624b6b12 -> 
  custom:container-demuxer-webm: 4f35f7cbe854078d1ac9338744f61a02 -> 
  custom:container-muxer-webm: aa71ff27fc2769a1b78a27578f13a17b -> 
  custom:video-decoder-webm-vp8: 9c59270c3fd7afecdb556c50c9e8de78 -> 
  custom:SearchIndexIgnoredProperties: e643bd26f0fe6173181afceb89e7c659 -> 
  custom:AudioImporter_EditorPlatform: d09bf68614088b80899f8185d706f6e7 -> 
  custom:video-encoder-webm-vp8: eb34c28f22e8b96e1ab97ce403110664 -> 
  custom:audio-decoder-ogg-vorbis: bf7c407c2cedff20999df2af8eb42d56 -> 
  custom:audio-encoder-webm-vorbis: bf7c407c2cedff20999df2af8eb42d56 -> 
Editor requested this worker to shutdown with reason: Scaling down because of idle timeout
TcpMessagingSession - receive error: operation aborted. errorcode: 995, details: ќпераци€ ввода/вывода была прервана из-за завершени€ потока команд или по запросу приложени€.
AssetImportWorker is now disconnected from the server
Process exiting
Exiting without the bug reporter. Application will terminate with return code 0