Using pre-set license
Built from '2022.3/staging' branch; Version is '2022.3.11f1 (d00248457e15) revision 13632072'; Using compiler version '192829333'; Build Type 'Release'
OS: 'Windows 11  (10.0.22000) 64bit CoreSingleLanguage' Language: 'ru' Physical Memory: 15715 MB
BatchMode: 1, IsHumanControllingUs: 0, StartBugReporterOnCrash: 0, Is64bit: 1, IsPro: 1

COMMAND LINE ARGUMENTS:
C:\Program Files\Unity\Hub\Editor\2022.3.11f1\Editor\Unity.exe
-adb2
-batchMode
-noUpm
-name
AssetImportWorker8
-projectPath
C:/Users/dimpr/Documents/GitHub/Emit-the-Cycle-Story
-logFile
Logs/AssetImportWorker8.log
-srvPort
49993
Successfully changed project path to: C:/Users/dimpr/Documents/GitHub/Emit-the-Cycle-Story
C:/Users/dimpr/Documents/GitHub/Emit-the-Cycle-Story
[UnityMemory] Configuration Parameters - Can be set up in boot.config
    "memorysetup-bucket-allocator-granularity=16"
    "memorysetup-bucket-allocator-bucket-count=8"
    "memorysetup-bucket-allocator-block-size=33554432"
    "memorysetup-bucket-allocator-block-count=8"
    "memorysetup-main-allocator-block-size=16777216"
    "memorysetup-thread-allocator-block-size=16777216"
    "memorysetup-gfx-main-allocator-block-size=16777216"
    "memorysetup-gfx-thread-allocator-block-size=16777216"
    "memorysetup-cache-allocator-block-size=4194304"
    "memorysetup-typetree-allocator-block-size=2097152"
    "memorysetup-profiler-bucket-allocator-granularity=16"
    "memorysetup-profiler-bucket-allocator-bucket-count=8"
    "memorysetup-profiler-bucket-allocator-block-size=33554432"
    "memorysetup-profiler-bucket-allocator-block-count=8"
    "memorysetup-profiler-allocator-block-size=16777216"
    "memorysetup-profiler-editor-allocator-block-size=1048576"
    "memorysetup-temp-allocator-size-main=16777216"
    "memorysetup-job-temp-allocator-block-size=2097152"
    "memorysetup-job-temp-allocator-block-size-background=1048576"
    "memorysetup-job-temp-allocator-reduction-small-platforms=262144"
    "memorysetup-allocator-temp-initial-block-size-main=262144"
    "memorysetup-allocator-temp-initial-block-size-worker=262144"
    "memorysetup-temp-allocator-size-background-worker=32768"
    "memorysetup-temp-allocator-size-job-worker=262144"
    "memorysetup-temp-allocator-size-preload-manager=33554432"
    "memorysetup-temp-allocator-size-nav-mesh-worker=65536"
    "memorysetup-temp-allocator-size-audio-worker=65536"
    "memorysetup-temp-allocator-size-cloud-worker=32768"
    "memorysetup-temp-allocator-size-gi-baking-worker=262144"
    "memorysetup-temp-allocator-size-gfx=262144"
Player connection [8224] Host "[IP] 192.168.0.107 [Port] 0 [Flags] 2 [Guid] 2806543621 [EditorId] 2806543621 [Version] 1048832 [Id] WindowsEditor(7,LAPTOP-5U3T1134) [Debug] 1 [PackageName] WindowsEditor [ProjectName] Editor" joined multi-casting on [225.0.0.222:54997]...

Player connection [8224] Host "[IP] 192.168.0.107 [Port] 0 [Flags] 2 [Guid] 2806543621 [EditorId] 2806543621 [Version] 1048832 [Id] WindowsEditor(7,LAPTOP-5U3T1134) [Debug] 1 [PackageName] WindowsEditor [ProjectName] Editor" joined alternative multi-casting on [225.0.0.222:34997]...

[Physics::Module] Initialized MultithreadedJobDispatcher with 11 workers.
Refreshing native plugins compatible for Editor in 13.78 ms, found 3 plugins.
Preloading 0 native plugins for Editor in 0.00 ms.
Initialize engine version: 2022.3.11f1 (d00248457e15)
[Subsystems] Discovering subsystems at path C:/Program Files/Unity/Hub/Editor/2022.3.11f1/Editor/Data/Resources/UnitySubsystems
[Subsystems] Discovering subsystems at path C:/Users/dimpr/Documents/GitHub/Emit-the-Cycle-Story/Assets
GfxDevice: creating device client; threaded=0; jobified=0
Direct3D:
    Version:  Direct3D 11.0 [level 11.1]
    Renderer: NVIDIA GeForce RTX 3060 Laptop GPU (ID=0x2520)
    Vendor:   NVIDIA
    VRAM:     6010 MB
    Driver:   31.0.15.4584
Initialize mono
Mono path[0] = 'C:/Program Files/Unity/Hub/Editor/2022.3.11f1/Editor/Data/Managed'
Mono path[1] = 'C:/Program Files/Unity/Hub/Editor/2022.3.11f1/Editor/Data/MonoBleedingEdge/lib/mono/unityjit-win32'
Mono config path = 'C:/Program Files/Unity/Hub/Editor/2022.3.11f1/Editor/Data/MonoBleedingEdge/etc'
Using monoOptions --debugger-agent=transport=dt_socket,embedding=1,server=y,suspend=n,address=127.0.0.1:56200
Begin MonoManager ReloadAssembly
Registering precompiled unity dll's ...
Register platform support module: C:/Program Files/Unity/Hub/Editor/2022.3.11f1/Editor/Data/PlaybackEngines/AndroidPlayer/UnityEditor.Android.Extensions.dll
Register platform support module: C:/Program Files/Unity/Hub/Editor/2022.3.11f1/Editor/Data/PlaybackEngines/WindowsStandaloneSupport/UnityEditor.WindowsStandalone.Extensions.dll
Registered in 0.016143 seconds.
- Loaded All Assemblies, in  0.588 seconds
Native extension for WindowsStandalone target not found
Native extension for Android target not found
Android Extension - Scanning For ADB Devices 219 ms
Mono: successfully reloaded assembly
- Finished resetting the current domain, in  0.627 seconds
Domain Reload Profiling: 1213ms
	BeginReloadAssembly (166ms)
		ExecutionOrderSort (0ms)
		DisableScriptedObjects (0ms)
		BackupInstance (0ms)
		ReleaseScriptingObjects (0ms)
		CreateAndSetChildDomain (1ms)
	RebuildCommonClasses (57ms)
	RebuildNativeTypeToScriptingClass (17ms)
	initialDomainReloadingComplete (103ms)
	LoadAllAssembliesAndSetupDomain (242ms)
		LoadAssemblies (162ms)
		RebuildTransferFunctionScriptingTraits (0ms)
		AnalyzeDomain (239ms)
			TypeCache.Refresh (237ms)
				TypeCache.ScanAssembly (214ms)
			ScanForSourceGeneratedMonoScriptInfo (1ms)
			ResolveRequiredComponents (1ms)
	FinalizeReload (628ms)
		ReleaseScriptCaches (0ms)
		RebuildScriptCaches (0ms)
		SetupLoadedEditorAssemblies (538ms)
			LogAssemblyErrors (0ms)
			InitializePlatformSupportModulesInManaged (379ms)
			SetLoadedEditorAssemblies (5ms)
			RefreshPlugins (0ms)
			BeforeProcessingInitializeOnLoad (2ms)
			ProcessInitializeOnLoadAttributes (104ms)
			ProcessInitializeOnLoadMethodAttributes (47ms)
			AfterProcessingInitializeOnLoad (0ms)
			EditorAssembliesLoaded (0ms)
		ExecutionOrderSort2 (0ms)
		AwakeInstancesAfterBackupRestoration (0ms)
========================================================================
Worker process is ready to serve import requests
Begin MonoManager ReloadAssembly
Symbol file LoadedFromMemory is not a mono symbol file
- Loaded All Assemblies, in  0.780 seconds
Refreshing native plugins compatible for Editor in 6.57 ms, found 3 plugins.
Native extension for WindowsStandalone target not found
Native extension for Android target not found
Package Manager log level set to [2]
[Package Manager] Server::EnsureServerProcessIsRunning -- launch failed, reason: Unity was launched with the -noUpm command-line argument
[Package Manager] UpmClient::Send -- Unable to send message (not connected to UPM process).
[Package Manager] Cannot connect to Unity Package Manager local server
Mono: successfully reloaded assembly
- Finished resetting the current domain, in  0.817 seconds
Domain Reload Profiling: 1594ms
	BeginReloadAssembly (223ms)
		ExecutionOrderSort (0ms)
		DisableScriptedObjects (9ms)
		BackupInstance (0ms)
		ReleaseScriptingObjects (0ms)
		CreateAndSetChildDomain (37ms)
	RebuildCommonClasses (36ms)
	RebuildNativeTypeToScriptingClass (10ms)
	initialDomainReloadingComplete (33ms)
	LoadAllAssembliesAndSetupDomain (475ms)
		LoadAssemblies (383ms)
		RebuildTransferFunctionScriptingTraits (0ms)
		AnalyzeDomain (214ms)
			TypeCache.Refresh (188ms)
				TypeCache.ScanAssembly (168ms)
			ScanForSourceGeneratedMonoScriptInfo (19ms)
			ResolveRequiredComponents (5ms)
	FinalizeReload (818ms)
		ReleaseScriptCaches (0ms)
		RebuildScriptCaches (0ms)
		SetupLoadedEditorAssemblies (601ms)
			LogAssemblyErrors (0ms)
			InitializePlatformSupportModulesInManaged (29ms)
			SetLoadedEditorAssemblies (5ms)
			RefreshPlugins (0ms)
			BeforeProcessingInitializeOnLoad (78ms)
			ProcessInitializeOnLoadAttributes (452ms)
			ProcessInitializeOnLoadMethodAttributes (27ms)
			AfterProcessingInitializeOnLoad (9ms)
			EditorAssembliesLoaded (0ms)
		ExecutionOrderSort2 (0ms)
		AwakeInstancesAfterBackupRestoration (6ms)
Launched and connected shader compiler UnityShaderCompiler.exe after 0.04 seconds
Refreshing native plugins compatible for Editor in 4.40 ms, found 3 plugins.
Preloading 0 native plugins for Editor in 0.00 ms.
Unloading 3865 Unused Serialized files (Serialized files now loaded: 0)
Unloading 66 unused Assets / (1.4 MB). Loaded Objects now: 4325.
Memory consumption went from 170.3 MB to 168.9 MB.
Total: 3.722600 ms (FindLiveObjects: 0.290800 ms CreateObjectMapping: 0.138800 ms MarkObjects: 2.866100 ms  DeleteObjects: 0.425400 ms)

AssetImportParameters requested are different than current active one (requested -> active):
  custom:container-demuxer-ogg: 62fdf1f143b41e24485cea50d1cbac27 -> 
  custom:video-codec-MediaFoundation-h265: 746d11721c4dcdbdad8f713fa42b33f4 -> 
  custom:video-decoder-ogg-theora: a1e56fd34408186e4bbccfd4996cb3dc -> 
  custom:framework-win-MediaFoundation: 216162199b28c13a410421893ffa2e32 -> 
  custom:CustomObjectIndexerAttribute: 756ad292c208cfabdd7b50bc23989ffe -> 
  custom:container-demuxer-webm: 4f35f7cbe854078d1ac9338744f61a02 -> 
  custom:container-muxer-webm: aa71ff27fc2769a1b78a27578f13a17b -> 
  custom:video-decoder-webm-vp8: 9c59270c3fd7afecdb556c50c9e8de78 -> 
  custom:SearchIndexIgnoredProperties: e643bd26f0fe6173181afceb89e7c659 -> 
  custom:AudioImporter_EditorPlatform: d09bf68614088b80899f8185d706f6e7 -> 
  custom:video-encoder-webm-vp8: eb34c28f22e8b96e1ab97ce403110664 -> 
  custom:audio-decoder-ogg-vorbis: bf7c407c2cedff20999df2af8eb42d56 -> 
  custom:audio-encoder-webm-vorbis: bf7c407c2cedff20999df2af8eb42d56 -> 
  custom:scripting/monoscript/fileName/SimpleCameraController.cs: 9d5e45e836538af465ffb763b138c221 -> 639b45e76fa5fda920a92b90c69d9e74
========================================================================
Received Import Request.
  Time since last request: 6157.857876 seconds.
  path: Assets/Visual/3D Models/PolygonSciFiCity/Prefabs/Buildings/SM_Bld_Advanced_02.prefab
  artifactKey: Guid(6c47e359451615e409f3d203232f5ee5) Importer(815301076,1909f56bfc062723c751e8b465ee728b)
Start importing Assets/Visual/3D Models/PolygonSciFiCity/Prefabs/Buildings/SM_Bld_Advanced_02.prefab using Guid(6c47e359451615e409f3d203232f5ee5) Importer(815301076,1909f56bfc062723c751e8b465ee728b)  -> (artifact id: '38884cbbdfaad2f380e6bbe77fd87a03') in 0.183182 seconds
Number of updated asset objects reloaded before import = 0
Number of asset objects unloaded after import = 15
========================================================================
Received Import Request.
  Time since last request: 0.000049 seconds.
  path: Assets/Visual/3D Models/PolygonSciFiCity/Prefabs/Buildings/SM_Bld_Large_Part_05.prefab
  artifactKey: Guid(163acdb00268b5e498aad6a2f0828b90) Importer(815301076,1909f56bfc062723c751e8b465ee728b)
Start importing Assets/Visual/3D Models/PolygonSciFiCity/Prefabs/Buildings/SM_Bld_Large_Part_05.prefab using Guid(163acdb00268b5e498aad6a2f0828b90) Importer(815301076,1909f56bfc062723c751e8b465ee728b)  -> (artifact id: '66938345a9fcf8d67799d9919d7fab9a') in 0.056408 seconds
Number of updated asset objects reloaded before import = 0
Number of asset objects unloaded after import = 15
========================================================================
Received Import Request.
  Time since last request: 0.000047 seconds.
  path: Assets/Visual/3D Models/PolygonSciFiCity/Prefabs/Buildings/SM_Bld_LandingPad_01.prefab
  artifactKey: Guid(e9a4f67b7f329ca4abf5de824f66db82) Importer(815301076,1909f56bfc062723c751e8b465ee728b)
Start importing Assets/Visual/3D Models/PolygonSciFiCity/Prefabs/Buildings/SM_Bld_LandingPad_01.prefab using Guid(e9a4f67b7f329ca4abf5de824f66db82) Importer(815301076,1909f56bfc062723c751e8b465ee728b)  -> (artifact id: '2a450f1eaf6a94b8f7e6235a7a4d0e87') in 0.042099 seconds
Number of updated asset objects reloaded before import = 0
Number of asset objects unloaded after import = 21
========================================================================
Received Import Request.
  Time since last request: 0.000030 seconds.
  path: Assets/Visual/3D Models/PolygonSciFiCity/Prefabs/Buildings/SM_Bld_Chopshop_Interior_01.prefab
  artifactKey: Guid(ea7874a759654f14a913adac2d315006) Importer(815301076,1909f56bfc062723c751e8b465ee728b)
Start importing Assets/Visual/3D Models/PolygonSciFiCity/Prefabs/Buildings/SM_Bld_Chopshop_Interior_01.prefab using Guid(ea7874a759654f14a913adac2d315006) Importer(815301076,1909f56bfc062723c751e8b465ee728b)  -> (artifact id: '6eda133676275ded45c5f1cadca3d16a') in 0.037637 seconds
Number of updated asset objects reloaded before import = 0
Number of asset objects unloaded after import = 15
========================================================================
Received Import Request.
  Time since last request: 0.000026 seconds.
  path: Assets/Visual/3D Models/PolygonSciFiCity/Prefabs/Buildings/SM_Bld_Section_Door_05.prefab
  artifactKey: Guid(713cc0a3dfe2279499ed8b72f056607e) Importer(815301076,1909f56bfc062723c751e8b465ee728b)
Start importing Assets/Visual/3D Models/PolygonSciFiCity/Prefabs/Buildings/SM_Bld_Section_Door_05.prefab using Guid(713cc0a3dfe2279499ed8b72f056607e) Importer(815301076,1909f56bfc062723c751e8b465ee728b)  -> (artifact id: '1395b4028db50ae09331a8ef992f0190') in 0.325131 seconds
Number of updated asset objects reloaded before import = 0
Number of asset objects unloaded after import = 23
========================================================================
Received Import Request.
  Time since last request: 0.000027 seconds.
  path: Assets/Visual/3D Models/PolygonSciFiCity/Prefabs/Buildings/SM_Bld_City_Wall_01.prefab
  artifactKey: Guid(8feb2335a05b64642a1d35a6a73cb21c) Importer(815301076,1909f56bfc062723c751e8b465ee728b)
Start importing Assets/Visual/3D Models/PolygonSciFiCity/Prefabs/Buildings/SM_Bld_City_Wall_01.prefab using Guid(8feb2335a05b64642a1d35a6a73cb21c) Importer(815301076,1909f56bfc062723c751e8b465ee728b)  -> (artifact id: '5cb7c9b4a4686f1c01ac0e81c6f61993') in 0.041329 seconds
Number of updated asset objects reloaded before import = 0
Number of asset objects unloaded after import = 25
========================================================================
Received Import Request.
  Time since last request: 0.000028 seconds.
  path: Assets/Visual/3D Models/PolygonSciFiCity/Prefabs/Buildings/SM_Bld_Background_Small_02.prefab
  artifactKey: Guid(346d59f0a37939843934a260b13f9d2e) Importer(815301076,1909f56bfc062723c751e8b465ee728b)
Start importing Assets/Visual/3D Models/PolygonSciFiCity/Prefabs/Buildings/SM_Bld_Background_Small_02.prefab using Guid(346d59f0a37939843934a260b13f9d2e) Importer(815301076,1909f56bfc062723c751e8b465ee728b)  -> (artifact id: 'ca899690d1245be1521be7e8f4b63d03') in 0.011388 seconds
Number of updated asset objects reloaded before import = 0
Number of asset objects unloaded after import = 9
========================================================================
Received Import Request.
  Time since last request: 0.000012 seconds.
  path: Assets/Visual/3D Models/PolygonSciFiCity/Prefabs/Buildings/SM_Bld_Background_Lrg_03.prefab
  artifactKey: Guid(8ad4c6a0a99ada5458178e9156b85b0e) Importer(815301076,1909f56bfc062723c751e8b465ee728b)
Start importing Assets/Visual/3D Models/PolygonSciFiCity/Prefabs/Buildings/SM_Bld_Background_Lrg_03.prefab using Guid(8ad4c6a0a99ada5458178e9156b85b0e) Importer(815301076,1909f56bfc062723c751e8b465ee728b)  -> (artifact id: '2aa5de7e6cbb16ea71a211c0ae70b9fd') in 0.008508 seconds
Number of updated asset objects reloaded before import = 0
Number of asset objects unloaded after import = 9
========================================================================
Received Import Request.
  Time since last request: 0.000017 seconds.
  path: Assets/Visual/3D Models/PolygonSciFiCity/Prefabs/Buildings/SM_Bld_Roof_Pagoda_01.prefab
  artifactKey: Guid(36c676f9fda4bd24db00380adc3e77f1) Importer(815301076,1909f56bfc062723c751e8b465ee728b)
Start importing Assets/Visual/3D Models/PolygonSciFiCity/Prefabs/Buildings/SM_Bld_Roof_Pagoda_01.prefab using Guid(36c676f9fda4bd24db00380adc3e77f1) Importer(815301076,1909f56bfc062723c751e8b465ee728b)  -> (artifact id: '2b5c77bf47e78e348aa918586938778f') in 0.036175 seconds
Number of updated asset objects reloaded before import = 0
Number of asset objects unloaded after import = 15
========================================================================
Received Import Request.
  Time since last request: 0.000023 seconds.
  path: Assets/Visual/3D Models/PolygonSciFiCity/Prefabs/Buildings/SM_Bld_Background_Small_01.prefab
  artifactKey: Guid(1337ff3f0ba67b743a229bd87105578f) Importer(815301076,1909f56bfc062723c751e8b465ee728b)
Start importing Assets/Visual/3D Models/PolygonSciFiCity/Prefabs/Buildings/SM_Bld_Background_Small_01.prefab using Guid(1337ff3f0ba67b743a229bd87105578f) Importer(815301076,1909f56bfc062723c751e8b465ee728b)  -> (artifact id: 'bd56dd07c6b2b4b1964a1cda6f9f26a6') in 0.010717 seconds
Number of updated asset objects reloaded before import = 0
Number of asset objects unloaded after import = 9
========================================================================
Received Import Request.
  Time since last request: 0.000032 seconds.
  path: Assets/Visual/3D Models/PolygonSciFiCity/Prefabs/Buildings/SM_Bld_Background_Lrg_01.prefab
  artifactKey: Guid(65f76c5f923964045833f09a3f767a16) Importer(815301076,1909f56bfc062723c751e8b465ee728b)
Start importing Assets/Visual/3D Models/PolygonSciFiCity/Prefabs/Buildings/SM_Bld_Background_Lrg_01.prefab using Guid(65f76c5f923964045833f09a3f767a16) Importer(815301076,1909f56bfc062723c751e8b465ee728b)  -> (artifact id: '75c4fc25786c777751d13641724b0670') in 0.009342 seconds
Number of updated asset objects reloaded before import = 0
Number of asset objects unloaded after import = 9
========================================================================
Received Import Request.
  Time since last request: 0.000019 seconds.
  path: Assets/Visual/3D Models/PolygonSciFiCity/Prefabs/Buildings/SM_Bld_Section_Grid_01.prefab
  artifactKey: Guid(d61e39d73d9919d40b9c31f5ea2bdcd9) Importer(815301076,1909f56bfc062723c751e8b465ee728b)
Start importing Assets/Visual/3D Models/PolygonSciFiCity/Prefabs/Buildings/SM_Bld_Section_Grid_01.prefab using Guid(d61e39d73d9919d40b9c31f5ea2bdcd9) Importer(815301076,1909f56bfc062723c751e8b465ee728b)  -> (artifact id: '739dcf6cc4d4ab84ad3c54faf6c966cb') in 0.047239 seconds
Number of updated asset objects reloaded before import = 0
Number of asset objects unloaded after import = 15
========================================================================
Received Import Request.
  Time since last request: 0.000021 seconds.
  path: Assets/Visual/3D Models/PolygonSciFiCity/Prefabs/Buildings/SM_Bld_Background_Med_09.prefab
  artifactKey: Guid(049ba413acf1dae40a25c7020b124049) Importer(815301076,1909f56bfc062723c751e8b465ee728b)
Start importing Assets/Visual/3D Models/PolygonSciFiCity/Prefabs/Buildings/SM_Bld_Background_Med_09.prefab using Guid(049ba413acf1dae40a25c7020b124049) Importer(815301076,1909f56bfc062723c751e8b465ee728b)  -> (artifact id: '230eec6ec705d783c983fc8d60a11973') in 0.010768 seconds
Number of updated asset objects reloaded before import = 0
Number of asset objects unloaded after import = 9
========================================================================
Received Import Request.
  Time since last request: 0.000020 seconds.
  path: Assets/Visual/3D Models/PolygonSciFiCity/Prefabs/Buildings/SM_Bld_Section_Door_04.prefab
  artifactKey: Guid(1d198b720862bb8498ccdedf7d0e4cde) Importer(815301076,1909f56bfc062723c751e8b465ee728b)
Start importing Assets/Visual/3D Models/PolygonSciFiCity/Prefabs/Buildings/SM_Bld_Section_Door_04.prefab using Guid(1d198b720862bb8498ccdedf7d0e4cde) Importer(815301076,1909f56bfc062723c751e8b465ee728b)  -> (artifact id: '78948e00f1894e3f358b36230c3b3c80') in 0.036008 seconds
Number of updated asset objects reloaded before import = 0
Number of asset objects unloaded after import = 23
========================================================================
Received Import Request.
  Time since last request: 0.000047 seconds.
  path: Assets/Visual/3D Models/PolygonSciFiCity/Prefabs/Buildings/SM_Bld_Section_Industrial_01.prefab
  artifactKey: Guid(2e01469249653a2469d8db1673fd4505) Importer(815301076,1909f56bfc062723c751e8b465ee728b)
Start importing Assets/Visual/3D Models/PolygonSciFiCity/Prefabs/Buildings/SM_Bld_Section_Industrial_01.prefab using Guid(2e01469249653a2469d8db1673fd4505) Importer(815301076,1909f56bfc062723c751e8b465ee728b)  -> (artifact id: '34b9dc4ac3f6062b2ef21aff10cb7842') in 0.036488 seconds
Number of updated asset objects reloaded before import = 0
Number of asset objects unloaded after import = 15
========================================================================
Received Import Request.
  Time since last request: 0.000031 seconds.
  path: Assets/Visual/3D Models/PolygonSciFiCity/Prefabs/Buildings/SM_Bld_Section_Door_07.prefab
  artifactKey: Guid(e490d3326fa7830428d227a7818f0e7e) Importer(815301076,1909f56bfc062723c751e8b465ee728b)
Start importing Assets/Visual/3D Models/PolygonSciFiCity/Prefabs/Buildings/SM_Bld_Section_Door_07.prefab using Guid(e490d3326fa7830428d227a7818f0e7e) Importer(815301076,1909f56bfc062723c751e8b465ee728b)  -> (artifact id: '903a5ae7281d7eb0cafedbc35b4b7807') in 0.033511 seconds
Number of updated asset objects reloaded before import = 0
Number of asset objects unloaded after import = 28
========================================================================
Received Import Request.
  Time since last request: 0.000034 seconds.
  path: Assets/Visual/3D Models/PolygonSciFiCity/Prefabs/Buildings/SM_Bld_Background_Med_08.prefab
  artifactKey: Guid(94634f97a9c7b83498a8e59c7c8f115b) Importer(815301076,1909f56bfc062723c751e8b465ee728b)
Start importing Assets/Visual/3D Models/PolygonSciFiCity/Prefabs/Buildings/SM_Bld_Background_Med_08.prefab using Guid(94634f97a9c7b83498a8e59c7c8f115b) Importer(815301076,1909f56bfc062723c751e8b465ee728b)  -> (artifact id: 'daa26d8610cb9e321018ce3b0a8c5dc9') in 0.010126 seconds
Number of updated asset objects reloaded before import = 0
Number of asset objects unloaded after import = 9
========================================================================
Received Import Request.
  Time since last request: 5.136958 seconds.
  path: Assets/Visual/3D Models/PolygonSciFiCity/Prefabs/Buildings/SM_Bld_Section_Wall_03.prefab
  artifactKey: Guid(f9cf3ae7e4a962a408af376d301642e9) Importer(815301076,1909f56bfc062723c751e8b465ee728b)
Start importing Assets/Visual/3D Models/PolygonSciFiCity/Prefabs/Buildings/SM_Bld_Section_Wall_03.prefab using Guid(f9cf3ae7e4a962a408af376d301642e9) Importer(815301076,1909f56bfc062723c751e8b465ee728b)  -> (artifact id: '8dd98db6f13a1ff865eb64ae6ada45df') in 0.066890 seconds
Number of updated asset objects reloaded before import = 0
Number of asset objects unloaded after import = 15
========================================================================
Received Import Request.
  Time since last request: 0.000020 seconds.
  path: Assets/Visual/3D Models/PolygonSciFiCity/Prefabs/Buildings/SM_Bld_Section_Window_02.prefab
  artifactKey: Guid(f4c7ff12cc628584b9ad227f43d6129c) Importer(815301076,1909f56bfc062723c751e8b465ee728b)
Start importing Assets/Visual/3D Models/PolygonSciFiCity/Prefabs/Buildings/SM_Bld_Section_Window_02.prefab using Guid(f4c7ff12cc628584b9ad227f43d6129c) Importer(815301076,1909f56bfc062723c751e8b465ee728b)  -> (artifact id: 'ea350785fee18c0b022a15d9fa7714a1') in 0.066016 seconds
Number of updated asset objects reloaded before import = 0
Number of asset objects unloaded after import = 15
========================================================================
Received Import Request.
  Time since last request: 0.000034 seconds.
  path: Assets/Visual/3D Models/PolygonSciFiCity/Prefabs/Buildings/SM_Bld_StripClub_Interior_03.prefab
  artifactKey: Guid(140f01481537acc4fb074232e94f41b6) Importer(815301076,1909f56bfc062723c751e8b465ee728b)
Start importing Assets/Visual/3D Models/PolygonSciFiCity/Prefabs/Buildings/SM_Bld_StripClub_Interior_03.prefab using Guid(140f01481537acc4fb074232e94f41b6) Importer(815301076,1909f56bfc062723c751e8b465ee728b)  -> (artifact id: 'af7a1f69fbfc728d5985da5b51d6a63f') in 0.058975 seconds
Number of updated asset objects reloaded before import = 0
Number of asset objects unloaded after import = 15
========================================================================
Received Import Request.
  Time since last request: 0.000024 seconds.
  path: Assets/Visual/3D Models/PolygonSciFiCity/Prefabs/Buildings/SM_Bld_StripClub_Interior_01.prefab
  artifactKey: Guid(2550aaaacfde22f4993a04a13d4f5b05) Importer(815301076,1909f56bfc062723c751e8b465ee728b)
Start importing Assets/Visual/3D Models/PolygonSciFiCity/Prefabs/Buildings/SM_Bld_StripClub_Interior_01.prefab using Guid(2550aaaacfde22f4993a04a13d4f5b05) Importer(815301076,1909f56bfc062723c751e8b465ee728b)  -> (artifact id: '7f83449284288e405377ee93fe29c2a9') in 0.161694 seconds
Number of updated asset objects reloaded before import = 0
Number of asset objects unloaded after import = 56
========================================================================
Received Import Request.
  Time since last request: 1.837242 seconds.
  path: Assets/Visual/3D Models/PolygonSciFiCity/Prefabs/Buildings/SM_Building_Shack_02.prefab
  artifactKey: Guid(fda403bfb7f9ddb4bb2f8dce1834ea75) Importer(815301076,1909f56bfc062723c751e8b465ee728b)
Start importing Assets/Visual/3D Models/PolygonSciFiCity/Prefabs/Buildings/SM_Building_Shack_02.prefab using Guid(fda403bfb7f9ddb4bb2f8dce1834ea75) Importer(815301076,1909f56bfc062723c751e8b465ee728b)  -> (artifact id: '7674d11878e109ea52493a0c0e38892b') in 0.035008 seconds
Number of updated asset objects reloaded before import = 0
Number of asset objects unloaded after import = 15
========================================================================
Received Import Request.
  Time since last request: 4.257347 seconds.
  path: Assets/Visual/3D Models/PolygonSciFiCity/Prefabs/Props/SM_Prop_AirConditioningGrid_01.prefab
  artifactKey: Guid(7b5c2f4e59886dc448873ceb3e338f97) Importer(815301076,1909f56bfc062723c751e8b465ee728b)
Start importing Assets/Visual/3D Models/PolygonSciFiCity/Prefabs/Props/SM_Prop_AirConditioningGrid_01.prefab using Guid(7b5c2f4e59886dc448873ceb3e338f97) Importer(815301076,1909f56bfc062723c751e8b465ee728b)  -> (artifact id: '14634124df215da3570528c4cbb1eebb') in 0.056850 seconds
Number of updated asset objects reloaded before import = 0
Number of asset objects unloaded after import = 15
========================================================================
Received Import Request.
  Time since last request: 0.000017 seconds.
  path: Assets/Visual/3D Models/PolygonSciFiCity/Prefabs/Props/SM_Prop_Crate_02.prefab
  artifactKey: Guid(71cd22b8bb52e62449fd0023abb58750) Importer(815301076,1909f56bfc062723c751e8b465ee728b)
Start importing Assets/Visual/3D Models/PolygonSciFiCity/Prefabs/Props/SM_Prop_Crate_02.prefab using Guid(71cd22b8bb52e62449fd0023abb58750) Importer(815301076,1909f56bfc062723c751e8b465ee728b)  -> (artifact id: '87631b2b78b6df1c73ed160dd72eac21') in 0.057907 seconds
Number of updated asset objects reloaded before import = 0
Number of asset objects unloaded after import = 20
========================================================================
Received Import Request.
  Time since last request: 0.000044 seconds.
  path: Assets/Visual/3D Models/PolygonSciFiCity/Prefabs/Props/SM_Prop_Barrier_line_01.prefab
  artifactKey: Guid(800458afd8edd8347948cf025aeebfa6) Importer(815301076,1909f56bfc062723c751e8b465ee728b)
Start importing Assets/Visual/3D Models/PolygonSciFiCity/Prefabs/Props/SM_Prop_Barrier_line_01.prefab using Guid(800458afd8edd8347948cf025aeebfa6) Importer(815301076,1909f56bfc062723c751e8b465ee728b)  -> (artifact id: 'df138a17acc341fa32a1f906906346dc') in 0.034820 seconds
Number of updated asset objects reloaded before import = 0
Number of asset objects unloaded after import = 15
========================================================================
Received Import Request.
  Time since last request: 0.000027 seconds.
  path: Assets/Visual/3D Models/PolygonSciFiCity/Prefabs/Props/SM_Prop_Box_Supplies_01.prefab
  artifactKey: Guid(8c52c17108ac4d14b93017d91e804006) Importer(815301076,1909f56bfc062723c751e8b465ee728b)
Start importing Assets/Visual/3D Models/PolygonSciFiCity/Prefabs/Props/SM_Prop_Box_Supplies_01.prefab using Guid(8c52c17108ac4d14b93017d91e804006) Importer(815301076,1909f56bfc062723c751e8b465ee728b)  -> (artifact id: '32b7b8fdbaf9b73bcacb90a37bd31833') in 0.039863 seconds
Number of updated asset objects reloaded before import = 0
Number of asset objects unloaded after import = 15
========================================================================
Received Import Request.
  Time since last request: 0.000044 seconds.
  path: Assets/Visual/3D Models/PolygonSciFiCity/Prefabs/Props/SM_Prop_Barrier_Plastic_02.prefab
  artifactKey: Guid(75e6fadbd499393488ef69a3ee7c3bdb) Importer(815301076,1909f56bfc062723c751e8b465ee728b)
Start importing Assets/Visual/3D Models/PolygonSciFiCity/Prefabs/Props/SM_Prop_Barrier_Plastic_02.prefab using Guid(75e6fadbd499393488ef69a3ee7c3bdb) Importer(815301076,1909f56bfc062723c751e8b465ee728b)  -> (artifact id: 'deb38a1577ed97034f1e0542128ac0af') in 0.038291 seconds
Number of updated asset objects reloaded before import = 0
Number of asset objects unloaded after import = 17
========================================================================
Received Import Request.
  Time since last request: 0.000028 seconds.
  path: Assets/Visual/3D Models/PolygonSciFiCity/Prefabs/Props/SM_Prop_Cage_03.prefab
  artifactKey: Guid(eb84224342a883d49a76493e407fce4c) Importer(815301076,1909f56bfc062723c751e8b465ee728b)
Start importing Assets/Visual/3D Models/PolygonSciFiCity/Prefabs/Props/SM_Prop_Cage_03.prefab using Guid(eb84224342a883d49a76493e407fce4c) Importer(815301076,1909f56bfc062723c751e8b465ee728b)  -> (artifact id: 'f7197fc07892dd9d1578e992ec8cb61e') in 0.036456 seconds
Number of updated asset objects reloaded before import = 0
Number of asset objects unloaded after import = 15
========================================================================
Received Import Request.
  Time since last request: 0.000037 seconds.
  path: Assets/Visual/3D Models/PolygonSciFiCity/Prefabs/Props/SM_Prop_Cable_Crossing_Rail_01.prefab
  artifactKey: Guid(76602162c8e9a0e4c9ae4af0a1bb448a) Importer(815301076,1909f56bfc062723c751e8b465ee728b)
Start importing Assets/Visual/3D Models/PolygonSciFiCity/Prefabs/Props/SM_Prop_Cable_Crossing_Rail_01.prefab using Guid(76602162c8e9a0e4c9ae4af0a1bb448a) Importer(815301076,1909f56bfc062723c751e8b465ee728b)  -> (artifact id: '9111e1da6ba7872bf942926463612f9c') in 0.038609 seconds
Number of updated asset objects reloaded before import = 0
Number of asset objects unloaded after import = 15
========================================================================
Received Import Request.
  Time since last request: 0.000045 seconds.
  path: Assets/Visual/3D Models/PolygonSciFiCity/Prefabs/Props/SM_Prop_Crate_Military_02.prefab
  artifactKey: Guid(06128526e98616140acd6dde88d0f1dc) Importer(815301076,1909f56bfc062723c751e8b465ee728b)
Start importing Assets/Visual/3D Models/PolygonSciFiCity/Prefabs/Props/SM_Prop_Crate_Military_02.prefab using Guid(06128526e98616140acd6dde88d0f1dc) Importer(815301076,1909f56bfc062723c751e8b465ee728b)  -> (artifact id: 'bfa60e4880fa9ac106d218b698000d3a') in 0.037980 seconds
Number of updated asset objects reloaded before import = 0
Number of asset objects unloaded after import = 20
========================================================================
Received Import Request.
  Time since last request: 0.000042 seconds.
  path: Assets/Visual/3D Models/PolygonSciFiCity/Prefabs/Props/SM_Prop_Cables_01.prefab
  artifactKey: Guid(e5ea23645ddbb58408bd3bb44e10f168) Importer(815301076,1909f56bfc062723c751e8b465ee728b)
Start importing Assets/Visual/3D Models/PolygonSciFiCity/Prefabs/Props/SM_Prop_Cables_01.prefab using Guid(e5ea23645ddbb58408bd3bb44e10f168) Importer(815301076,1909f56bfc062723c751e8b465ee728b)  -> (artifact id: '6f81f343dc8bc30b68055806191709bd') in 0.037336 seconds
Number of updated asset objects reloaded before import = 0
Number of asset objects unloaded after import = 13
========================================================================
Received Import Request.
  Time since last request: 0.000044 seconds.
  path: Assets/Visual/3D Models/PolygonSciFiCity/Prefabs/Props/SM_Prop_Books_01.prefab
  artifactKey: Guid(14b1fd83cdee2be4d821633cca21d71c) Importer(815301076,1909f56bfc062723c751e8b465ee728b)
Start importing Assets/Visual/3D Models/PolygonSciFiCity/Prefabs/Props/SM_Prop_Books_01.prefab using Guid(14b1fd83cdee2be4d821633cca21d71c) Importer(815301076,1909f56bfc062723c751e8b465ee728b)  -> (artifact id: '7f95e6602763f74289e9f2e31e388542') in 0.038628 seconds
Number of updated asset objects reloaded before import = 0
Number of asset objects unloaded after import = 15
========================================================================
Received Import Request.
  Time since last request: 0.000037 seconds.
  path: Assets/Visual/3D Models/PolygonSciFiCity/Prefabs/Props/SM_Prop_Cables_02.prefab
  artifactKey: Guid(41bd131f003d8da439dd229aa2c850f4) Importer(815301076,1909f56bfc062723c751e8b465ee728b)
Start importing Assets/Visual/3D Models/PolygonSciFiCity/Prefabs/Props/SM_Prop_Cables_02.prefab using Guid(41bd131f003d8da439dd229aa2c850f4) Importer(815301076,1909f56bfc062723c751e8b465ee728b)  -> (artifact id: 'fbbe4fd79915464bd98d02979d580929') in 0.036910 seconds
Number of updated asset objects reloaded before import = 0
Number of asset objects unloaded after import = 13
========================================================================
Received Import Request.
  Time since last request: 0.000036 seconds.
  path: Assets/Visual/3D Models/PolygonSciFiCity/Prefabs/Props/SM_Prop_DeadZub_01.prefab
  artifactKey: Guid(a981b0231c6c9d54498045dcdea75e5d) Importer(815301076,1909f56bfc062723c751e8b465ee728b)
Start importing Assets/Visual/3D Models/PolygonSciFiCity/Prefabs/Props/SM_Prop_DeadZub_01.prefab using Guid(a981b0231c6c9d54498045dcdea75e5d) Importer(815301076,1909f56bfc062723c751e8b465ee728b)  -> (artifact id: 'd2198c0cd1053133ea735b31faea1158') in 0.039420 seconds
Number of updated asset objects reloaded before import = 0
Number of asset objects unloaded after import = 15
========================================================================
Received Import Request.
  Time since last request: 0.000036 seconds.
  path: Assets/Visual/3D Models/PolygonSciFiCity/Prefabs/Props/SM_Prop_Cylinder_02.prefab
  artifactKey: Guid(deaa1ad20dc81704da4397729a67fd47) Importer(815301076,1909f56bfc062723c751e8b465ee728b)
Start importing Assets/Visual/3D Models/PolygonSciFiCity/Prefabs/Props/SM_Prop_Cylinder_02.prefab using Guid(deaa1ad20dc81704da4397729a67fd47) Importer(815301076,1909f56bfc062723c751e8b465ee728b)  -> (artifact id: 'd106ee24a06e61214ec750fce2be2851') in 0.036279 seconds
Number of updated asset objects reloaded before import = 0
Number of asset objects unloaded after import = 15
========================================================================
Received Import Request.
  Time since last request: 0.000020 seconds.
  path: Assets/Visual/3D Models/PolygonSciFiCity/Prefabs/Props/SM_Prop_DeadZub_02.prefab
  artifactKey: Guid(c2e979821c92f724d9c34f8fbe52e0e2) Importer(815301076,1909f56bfc062723c751e8b465ee728b)
Start importing Assets/Visual/3D Models/PolygonSciFiCity/Prefabs/Props/SM_Prop_DeadZub_02.prefab using Guid(c2e979821c92f724d9c34f8fbe52e0e2) Importer(815301076,1909f56bfc062723c751e8b465ee728b)  -> (artifact id: '1404f453df9be1bc5c5897be4907ec71') in 0.044217 seconds
Number of updated asset objects reloaded before import = 0
Number of asset objects unloaded after import = 15
========================================================================
Received Import Request.
  Time since last request: 0.000041 seconds.
  path: Assets/Visual/3D Models/PolygonSciFiCity/Prefabs/Props/SM_Prop_Atm_01.prefab
  artifactKey: Guid(a56da3c44063ebe4e8fdac7b93bf1969) Importer(815301076,1909f56bfc062723c751e8b465ee728b)
Start importing Assets/Visual/3D Models/PolygonSciFiCity/Prefabs/Props/SM_Prop_Atm_01.prefab using Guid(a56da3c44063ebe4e8fdac7b93bf1969) Importer(815301076,1909f56bfc062723c751e8b465ee728b)  -> (artifact id: '7e0fa6d9b311ce939efe70d61fce5308') in 0.039441 seconds
Number of updated asset objects reloaded before import = 0
Number of asset objects unloaded after import = 15
========================================================================
Received Import Request.
  Time since last request: 0.000104 seconds.
  path: Assets/Visual/3D Models/PolygonSciFiCity/Prefabs/Props/SM_Prop_Barrier_01.prefab
  artifactKey: Guid(c444ce6e54943f64a895431df8872a52) Importer(815301076,1909f56bfc062723c751e8b465ee728b)
Start importing Assets/Visual/3D Models/PolygonSciFiCity/Prefabs/Props/SM_Prop_Barrier_01.prefab using Guid(c444ce6e54943f64a895431df8872a52) Importer(815301076,1909f56bfc062723c751e8b465ee728b)  -> (artifact id: 'ce0782ac49d0a822237d3be04202f94a') in 0.040475 seconds
Number of updated asset objects reloaded before import = 0
Number of asset objects unloaded after import = 15
========================================================================
Received Import Request.
  Time since last request: 0.000043 seconds.
  path: Assets/Visual/3D Models/PolygonSciFiCity/Prefabs/Props/SM_Prop_Cables_03.prefab
  artifactKey: Guid(8211dfbdf5b200e44a83c7b7db5d8a45) Importer(815301076,1909f56bfc062723c751e8b465ee728b)
Start importing Assets/Visual/3D Models/PolygonSciFiCity/Prefabs/Props/SM_Prop_Cables_03.prefab using Guid(8211dfbdf5b200e44a83c7b7db5d8a45) Importer(815301076,1909f56bfc062723c751e8b465ee728b)  -> (artifact id: 'e33cda054e493a5195ef5e33520dbc02') in 0.038473 seconds
Number of updated asset objects reloaded before import = 0
Number of asset objects unloaded after import = 13
========================================================================
Received Import Request.
  Time since last request: 0.000025 seconds.
  path: Assets/Visual/3D Models/PolygonSciFiCity/Prefabs/Props/SM_Prop_Bottles_01.prefab
  artifactKey: Guid(8c5efe8072b66414495d7036b80dac59) Importer(815301076,1909f56bfc062723c751e8b465ee728b)
Start importing Assets/Visual/3D Models/PolygonSciFiCity/Prefabs/Props/SM_Prop_Bottles_01.prefab using Guid(8c5efe8072b66414495d7036b80dac59) Importer(815301076,1909f56bfc062723c751e8b465ee728b)  -> (artifact id: 'ac2dcf66d76b7afcf19cf122976481f4') in 0.037418 seconds
Number of updated asset objects reloaded before import = 0
Number of asset objects unloaded after import = 13
========================================================================
Received Import Request.
  Time since last request: 0.000024 seconds.
  path: Assets/Visual/3D Models/PolygonSciFiCity/Prefabs/Props/SM_Prop_Cable_Crossing_Machine_01.prefab
  artifactKey: Guid(cbceef30a3e489d49b0d717018a71050) Importer(815301076,1909f56bfc062723c751e8b465ee728b)
Start importing Assets/Visual/3D Models/PolygonSciFiCity/Prefabs/Props/SM_Prop_Cable_Crossing_Machine_01.prefab using Guid(cbceef30a3e489d49b0d717018a71050) Importer(815301076,1909f56bfc062723c751e8b465ee728b)  -> (artifact id: 'bad32c07ebbea4ba15719001f1785a01') in 0.034966 seconds
Number of updated asset objects reloaded before import = 0
Number of asset objects unloaded after import = 15
========================================================================
Received Import Request.
  Time since last request: 0.000027 seconds.
  path: Assets/Visual/3D Models/PolygonSciFiCity/Prefabs/Props/SM_Prop_Antenna.prefab
  artifactKey: Guid(313738dbd200760498b76b1c93a2b3f5) Importer(815301076,1909f56bfc062723c751e8b465ee728b)
Start importing Assets/Visual/3D Models/PolygonSciFiCity/Prefabs/Props/SM_Prop_Antenna.prefab using Guid(313738dbd200760498b76b1c93a2b3f5) Importer(815301076,1909f56bfc062723c751e8b465ee728b)  -> (artifact id: 'cb5739bb1d3f630d271dce2c383dc6a0') in 0.035255 seconds
Number of updated asset objects reloaded before import = 0
Number of asset objects unloaded after import = 17
========================================================================
Received Import Request.
  Time since last request: 0.000042 seconds.
  path: Assets/Visual/3D Models/PolygonSciFiCity/Prefabs/Props/SM_Prop_Barrier_02.prefab
  artifactKey: Guid(4bda712f3633c1848a137f9f5f310588) Importer(815301076,1909f56bfc062723c751e8b465ee728b)
Start importing Assets/Visual/3D Models/PolygonSciFiCity/Prefabs/Props/SM_Prop_Barrier_02.prefab using Guid(4bda712f3633c1848a137f9f5f310588) Importer(815301076,1909f56bfc062723c751e8b465ee728b)  -> (artifact id: '30a392c7f4b3945006feaf6b96da39cd') in 0.036933 seconds
Number of updated asset objects reloaded before import = 0
Number of asset objects unloaded after import = 15
========================================================================
Received Import Request.
  Time since last request: 0.000052 seconds.
  path: Assets/Visual/3D Models/PolygonSciFiCity/Prefabs/Props/SM_Prop_Bank_Booth_Pillar_01.prefab
  artifactKey: Guid(a1ece4b2496c0e54b8e5d0eea4d5b040) Importer(815301076,1909f56bfc062723c751e8b465ee728b)
Start importing Assets/Visual/3D Models/PolygonSciFiCity/Prefabs/Props/SM_Prop_Bank_Booth_Pillar_01.prefab using Guid(a1ece4b2496c0e54b8e5d0eea4d5b040) Importer(815301076,1909f56bfc062723c751e8b465ee728b)  -> (artifact id: '666ac88df789ea8fd78e5ba1949ba99e') in 0.034760 seconds
Number of updated asset objects reloaded before import = 0
Number of asset objects unloaded after import = 15
========================================================================
Received Import Request.
  Time since last request: 9.763855 seconds.
  path: Assets/Visual/3D Models/PolygonSciFiCity/Prefabs/Props/SM_Prop_Detail_01.prefab
  artifactKey: Guid(9e9aebb36a880c34787d890288e5d6af) Importer(815301076,1909f56bfc062723c751e8b465ee728b)
Start importing Assets/Visual/3D Models/PolygonSciFiCity/Prefabs/Props/SM_Prop_Detail_01.prefab using Guid(9e9aebb36a880c34787d890288e5d6af) Importer(815301076,1909f56bfc062723c751e8b465ee728b)  -> (artifact id: '19ea303933e7b9034941b49d05943685') in 0.063185 seconds
Number of updated asset objects reloaded before import = 0
Number of asset objects unloaded after import = 15
========================================================================
Received Import Request.
  Time since last request: 0.000025 seconds.
  path: Assets/Visual/3D Models/PolygonSciFiCity/Prefabs/Props/SM_Prop_Door_05.prefab
  artifactKey: Guid(eb2cbf3d027e36349836843fcefb51bb) Importer(815301076,1909f56bfc062723c751e8b465ee728b)
Start importing Assets/Visual/3D Models/PolygonSciFiCity/Prefabs/Props/SM_Prop_Door_05.prefab using Guid(eb2cbf3d027e36349836843fcefb51bb) Importer(815301076,1909f56bfc062723c751e8b465ee728b)  -> (artifact id: '6943c1fdde84f7adc24c64168f9b344a') in 0.042216 seconds
Number of updated asset objects reloaded before import = 0
Number of asset objects unloaded after import = 15
========================================================================
Received Import Request.
  Time since last request: 0.000025 seconds.
  path: Assets/Visual/3D Models/PolygonSciFiCity/Prefabs/Props/SM_Prop_Drone_02.prefab
  artifactKey: Guid(21e93e3c4dcc475448060e7fecbebe83) Importer(815301076,1909f56bfc062723c751e8b465ee728b)
Start importing Assets/Visual/3D Models/PolygonSciFiCity/Prefabs/Props/SM_Prop_Drone_02.prefab using Guid(21e93e3c4dcc475448060e7fecbebe83) Importer(815301076,1909f56bfc062723c751e8b465ee728b)  -> (artifact id: 'd5d7647a67cc27c41b2f425e846332df') in 0.038038 seconds
Number of updated asset objects reloaded before import = 0
Number of asset objects unloaded after import = 15
========================================================================
Received Import Request.
  Time since last request: 0.000118 seconds.
  path: Assets/Visual/3D Models/PolygonSciFiCity/Prefabs/Props/SM_Prop_Door_02.prefab
  artifactKey: Guid(dbe584c23a4a0804da19beb55b3e2433) Importer(815301076,1909f56bfc062723c751e8b465ee728b)
Start importing Assets/Visual/3D Models/PolygonSciFiCity/Prefabs/Props/SM_Prop_Door_02.prefab using Guid(dbe584c23a4a0804da19beb55b3e2433) Importer(815301076,1909f56bfc062723c751e8b465ee728b)  -> (artifact id: 'bda85281799f037932e1f5638d65c0c6') in 0.040466 seconds
Number of updated asset objects reloaded before import = 0
Number of asset objects unloaded after import = 15
========================================================================
Received Import Request.
  Time since last request: 0.000064 seconds.
  path: Assets/Visual/3D Models/PolygonSciFiCity/Prefabs/Props/SM_Prop_Door_03.prefab
  artifactKey: Guid(69ecde87dde10024bbddde222adba714) Importer(815301076,1909f56bfc062723c751e8b465ee728b)
Start importing Assets/Visual/3D Models/PolygonSciFiCity/Prefabs/Props/SM_Prop_Door_03.prefab using Guid(69ecde87dde10024bbddde222adba714) Importer(815301076,1909f56bfc062723c751e8b465ee728b)  -> (artifact id: '8829c565578e06440e7e918b6903d5f7') in 0.050241 seconds
Number of updated asset objects reloaded before import = 0
Number of asset objects unloaded after import = 21
========================================================================
Received Import Request.
  Time since last request: 0.000033 seconds.
  path: Assets/Visual/3D Models/PolygonSciFiCity/Prefabs/Props/SM_Prop_Drone_01.prefab
  artifactKey: Guid(dbf6bcdd65b2193449fd6ca552a72b95) Importer(815301076,1909f56bfc062723c751e8b465ee728b)
Start importing Assets/Visual/3D Models/PolygonSciFiCity/Prefabs/Props/SM_Prop_Drone_01.prefab using Guid(dbf6bcdd65b2193449fd6ca552a72b95) Importer(815301076,1909f56bfc062723c751e8b465ee728b)  -> (artifact id: '9ee0c4a32def1451a77b713afb276f74') in 0.030824 seconds
Number of updated asset objects reloaded before import = 0
Number of asset objects unloaded after import = 15
========================================================================
Received Import Request.
  Time since last request: 5.026164 seconds.
  path: Assets/Visual/3D Models/PolygonSciFiCity/Prefabs/Props/SM_Prop_Food_01.prefab
  artifactKey: Guid(83320064da93aae48a240f62dbb1b4f7) Importer(815301076,1909f56bfc062723c751e8b465ee728b)
Start importing Assets/Visual/3D Models/PolygonSciFiCity/Prefabs/Props/SM_Prop_Food_01.prefab using Guid(83320064da93aae48a240f62dbb1b4f7) Importer(815301076,1909f56bfc062723c751e8b465ee728b)  -> (artifact id: 'b2809e936f7915ac4b7a32c1c59605f9') in 0.066491 seconds
Number of updated asset objects reloaded before import = 0
Number of asset objects unloaded after import = 15
========================================================================
Received Import Request.
  Time since last request: 0.000023 seconds.
  path: Assets/Visual/3D Models/PolygonSciFiCity/Prefabs/Props/SM_Prop_FoodTray_04.prefab
  artifactKey: Guid(636fb01b6b0e031418f4a433d89e6992) Importer(815301076,1909f56bfc062723c751e8b465ee728b)
Start importing Assets/Visual/3D Models/PolygonSciFiCity/Prefabs/Props/SM_Prop_FoodTray_04.prefab using Guid(636fb01b6b0e031418f4a433d89e6992) Importer(815301076,1909f56bfc062723c751e8b465ee728b)  -> (artifact id: '351d999a754c43d5108057bba81e0b7a') in 0.058765 seconds
Number of updated asset objects reloaded before import = 0
Number of asset objects unloaded after import = 15
========================================================================
Received Import Request.
  Time since last request: 0.000034 seconds.
  path: Assets/Visual/3D Models/PolygonSciFiCity/Prefabs/Props/SM_Prop_FoodTray_03.prefab
  artifactKey: Guid(65d941e3e5f97694a8565bc553c899db) Importer(815301076,1909f56bfc062723c751e8b465ee728b)
Start importing Assets/Visual/3D Models/PolygonSciFiCity/Prefabs/Props/SM_Prop_FoodTray_03.prefab using Guid(65d941e3e5f97694a8565bc553c899db) Importer(815301076,1909f56bfc062723c751e8b465ee728b)  -> (artifact id: 'df474c7895fffb6f88c85bee2c5e06f0') in 0.046943 seconds
Number of updated asset objects reloaded before import = 0
Number of asset objects unloaded after import = 15
========================================================================
Received Import Request.
  Time since last request: 0.000028 seconds.
  path: Assets/Visual/3D Models/PolygonSciFiCity/Prefabs/Props/SM_Prop_Jar_01.prefab
  artifactKey: Guid(97ed1aafe96f84846bc4cb0c56032037) Importer(815301076,1909f56bfc062723c751e8b465ee728b)
Start importing Assets/Visual/3D Models/PolygonSciFiCity/Prefabs/Props/SM_Prop_Jar_01.prefab using Guid(97ed1aafe96f84846bc4cb0c56032037) Importer(815301076,1909f56bfc062723c751e8b465ee728b)  -> (artifact id: 'c657aa3ec760290e7bc6b5a8547b6805') in 0.036682 seconds
Number of updated asset objects reloaded before import = 0
Number of asset objects unloaded after import = 22
========================================================================
Received Import Request.
  Time since last request: 0.000024 seconds.
  path: Assets/Visual/3D Models/PolygonSciFiCity/Prefabs/Props/SM_Prop_Hologram_Burger_03.prefab
  artifactKey: Guid(c1141c296070e564bbdd3c2eb6bc0c30) Importer(815301076,1909f56bfc062723c751e8b465ee728b)
Start importing Assets/Visual/3D Models/PolygonSciFiCity/Prefabs/Props/SM_Prop_Hologram_Burger_03.prefab using Guid(c1141c296070e564bbdd3c2eb6bc0c30) Importer(815301076,1909f56bfc062723c751e8b465ee728b)  -> (artifact id: 'b0f584752b9bdeb5bf0c7c044f690694') in 0.033208 seconds
Number of updated asset objects reloaded before import = 0
Number of asset objects unloaded after import = 21
========================================================================
Received Import Request.
  Time since last request: 0.000020 seconds.
  path: Assets/Visual/3D Models/PolygonSciFiCity/Prefabs/Props/SM_Prop_Hologram_Noodles_01.prefab
  artifactKey: Guid(99e09e7755daf7346a907df1e8ca4d33) Importer(815301076,1909f56bfc062723c751e8b465ee728b)
Start importing Assets/Visual/3D Models/PolygonSciFiCity/Prefabs/Props/SM_Prop_Hologram_Noodles_01.prefab using Guid(99e09e7755daf7346a907df1e8ca4d33) Importer(815301076,1909f56bfc062723c751e8b465ee728b)  -> (artifact id: '122482d6f24bdf6b353fa63bdb327350') in 0.035776 seconds
Number of updated asset objects reloaded before import = 0
Number of asset objects unloaded after import = 21
========================================================================
Received Import Request.
  Time since last request: 0.000022 seconds.
  path: Assets/Visual/3D Models/PolygonSciFiCity/Prefabs/Props/SM_Prop_Jar_02.prefab
  artifactKey: Guid(6b2978f9e44145d46a5283f2cbedadba) Importer(815301076,1909f56bfc062723c751e8b465ee728b)
Start importing Assets/Visual/3D Models/PolygonSciFiCity/Prefabs/Props/SM_Prop_Jar_02.prefab using Guid(6b2978f9e44145d46a5283f2cbedadba) Importer(815301076,1909f56bfc062723c751e8b465ee728b)  -> (artifact id: '57585d12957ebef7c34cdb868a85f10c') in 0.036754 seconds
Number of updated asset objects reloaded before import = 0
Number of asset objects unloaded after import = 22
========================================================================
Received Import Request.
  Time since last request: 299.437977 seconds.
  path: Assets/Visual/3D Models/PolygonSciFiCity/Prefabs/Props/SM_Prop_Jar_04.prefab
  artifactKey: Guid(94d723a273497e2438530879951c7c55) Importer(815301076,1909f56bfc062723c751e8b465ee728b)
Start importing Assets/Visual/3D Models/PolygonSciFiCity/Prefabs/Props/SM_Prop_Jar_04.prefab using Guid(94d723a273497e2438530879951c7c55) Importer(815301076,1909f56bfc062723c751e8b465ee728b)  -> (artifact id: 'dbde27a1f86bf7516dea2aebf96c7a07') in 0.039159 seconds
Number of updated asset objects reloaded before import = 0
Number of asset objects unloaded after import = 22
========================================================================
Received Import Request.
  Time since last request: 0.000021 seconds.
  path: Assets/Visual/3D Models/PolygonSciFiCity/Prefabs/Props/SM_Prop_MarketCover_02.prefab
  artifactKey: Guid(d1c50647ac4408a498acb44fc4ee423c) Importer(815301076,1909f56bfc062723c751e8b465ee728b)
Start importing Assets/Visual/3D Models/PolygonSciFiCity/Prefabs/Props/SM_Prop_MarketCover_02.prefab using Guid(d1c50647ac4408a498acb44fc4ee423c) Importer(815301076,1909f56bfc062723c751e8b465ee728b)  -> (artifact id: 'e90c71f5b8addd7d2951becce1c057e1') in 0.035481 seconds
Number of updated asset objects reloaded before import = 0
Number of asset objects unloaded after import = 15
========================================================================
Received Import Request.
  Time since last request: 0.000018 seconds.
  path: Assets/Visual/3D Models/PolygonSciFiCity/Prefabs/Props/SM_Prop_Meter_01.prefab
  artifactKey: Guid(ddece26d5bd591d4a9101773229e67aa) Importer(815301076,1909f56bfc062723c751e8b465ee728b)
Start importing Assets/Visual/3D Models/PolygonSciFiCity/Prefabs/Props/SM_Prop_Meter_01.prefab using Guid(ddece26d5bd591d4a9101773229e67aa) Importer(815301076,1909f56bfc062723c751e8b465ee728b)  -> (artifact id: 'cab6fd6f9e877558d05a75f8af3faa7f') in 0.036492 seconds
Number of updated asset objects reloaded before import = 0
Number of asset objects unloaded after import = 15
========================================================================
Received Import Request.
  Time since last request: 0.000017 seconds.
  path: Assets/Visual/3D Models/PolygonSciFiCity/Prefabs/Props/SM_Prop_Pipes_02.prefab
  artifactKey: Guid(4a04ac585c75e09439142d5def79782b) Importer(815301076,1909f56bfc062723c751e8b465ee728b)
Start importing Assets/Visual/3D Models/PolygonSciFiCity/Prefabs/Props/SM_Prop_Pipes_02.prefab using Guid(4a04ac585c75e09439142d5def79782b) Importer(815301076,1909f56bfc062723c751e8b465ee728b)  -> (artifact id: '63c601ed7135c0958a1047c52fe7de6d') in 0.035002 seconds
Number of updated asset objects reloaded before import = 0
Number of asset objects unloaded after import = 15
========================================================================
Received Import Request.
  Time since last request: 0.000019 seconds.
  path: Assets/Visual/3D Models/PolygonSciFiCity/Prefabs/Props/SM_Prop_Jar_Hanging_01.prefab
  artifactKey: Guid(5e48e04605c133a42bd31976852c2095) Importer(815301076,1909f56bfc062723c751e8b465ee728b)
Start importing Assets/Visual/3D Models/PolygonSciFiCity/Prefabs/Props/SM_Prop_Jar_Hanging_01.prefab using Guid(5e48e04605c133a42bd31976852c2095) Importer(815301076,1909f56bfc062723c751e8b465ee728b)  -> (artifact id: '793c6ee5fbf7720b1ad0300bd604ea6b') in 0.032855 seconds
Number of updated asset objects reloaded before import = 0
Number of asset objects unloaded after import = 22
========================================================================
Received Import Request.
  Time since last request: 0.000020 seconds.
  path: Assets/Visual/3D Models/PolygonSciFiCity/Prefabs/Props/SM_Prop_Monitor_02.prefab
  artifactKey: Guid(943628e3220013346b1b593556274672) Importer(815301076,1909f56bfc062723c751e8b465ee728b)
Start importing Assets/Visual/3D Models/PolygonSciFiCity/Prefabs/Props/SM_Prop_Monitor_02.prefab using Guid(943628e3220013346b1b593556274672) Importer(815301076,1909f56bfc062723c751e8b465ee728b)  -> (artifact id: '0ee581bcbf112b23fc4b445a84af8908') in 0.034433 seconds
Number of updated asset objects reloaded before import = 0
Number of asset objects unloaded after import = 20
========================================================================
Received Import Request.
  Time since last request: 0.000038 seconds.
  path: Assets/Visual/3D Models/PolygonSciFiCity/Prefabs/Props/SM_Prop_Overhang_01.prefab
  artifactKey: Guid(799bc30141649c94b83c28803d619b42) Importer(815301076,1909f56bfc062723c751e8b465ee728b)
Start importing Assets/Visual/3D Models/PolygonSciFiCity/Prefabs/Props/SM_Prop_Overhang_01.prefab using Guid(799bc30141649c94b83c28803d619b42) Importer(815301076,1909f56bfc062723c751e8b465ee728b)  -> (artifact id: '93b559de6a1427e5f49553ce21d1e555') in 0.034507 seconds
Number of updated asset objects reloaded before import = 0
Number of asset objects unloaded after import = 15
========================================================================
Received Import Request.
  Time since last request: 0.000022 seconds.
  path: Assets/Visual/3D Models/PolygonSciFiCity/Prefabs/Props/SM_Prop_Paper_Lantern_01.prefab
  artifactKey: Guid(d71ef14e65958ca4cb303cb74b7c1f3d) Importer(815301076,1909f56bfc062723c751e8b465ee728b)
Start importing Assets/Visual/3D Models/PolygonSciFiCity/Prefabs/Props/SM_Prop_Paper_Lantern_01.prefab using Guid(d71ef14e65958ca4cb303cb74b7c1f3d) Importer(815301076,1909f56bfc062723c751e8b465ee728b)  -> (artifact id: '49de88197358bc99de0633449ba54cec') in 0.033464 seconds
Number of updated asset objects reloaded before import = 0
Number of asset objects unloaded after import = 15
========================================================================
Received Import Request.
  Time since last request: 0.000021 seconds.
  path: Assets/Visual/3D Models/PolygonSciFiCity/Prefabs/Props/SM_Prop_Posters_01.prefab
  artifactKey: Guid(6f8a5731d498a7941ae27c87225b97f7) Importer(815301076,1909f56bfc062723c751e8b465ee728b)
Start importing Assets/Visual/3D Models/PolygonSciFiCity/Prefabs/Props/SM_Prop_Posters_01.prefab using Guid(6f8a5731d498a7941ae27c87225b97f7) Importer(815301076,1909f56bfc062723c751e8b465ee728b)  -> (artifact id: 'd940736fe91c0853843308c6ae0e0188') in 0.009338 seconds
Number of updated asset objects reloaded before import = 0
Number of asset objects unloaded after import = 9
========================================================================
Received Import Request.
  Time since last request: 0.000045 seconds.
  path: Assets/Visual/3D Models/PolygonSciFiCity/Prefabs/Props/SM_Prop_MarketTable_02.prefab
  artifactKey: Guid(d791db173db22b54e9e8ba224d900292) Importer(815301076,1909f56bfc062723c751e8b465ee728b)
Start importing Assets/Visual/3D Models/PolygonSciFiCity/Prefabs/Props/SM_Prop_MarketTable_02.prefab using Guid(d791db173db22b54e9e8ba224d900292) Importer(815301076,1909f56bfc062723c751e8b465ee728b)  -> (artifact id: '48e529c821c511683a705cf75e727f04') in 0.032744 seconds
Number of updated asset objects reloaded before import = 0
Number of asset objects unloaded after import = 15
========================================================================
Received Import Request.
  Time since last request: 0.000020 seconds.
  path: Assets/Visual/3D Models/PolygonSciFiCity/Prefabs/Props/SM_Prop_Posters_02.prefab
  artifactKey: Guid(841772c057afff444a19598c79562f6c) Importer(815301076,1909f56bfc062723c751e8b465ee728b)
Start importing Assets/Visual/3D Models/PolygonSciFiCity/Prefabs/Props/SM_Prop_Posters_02.prefab using Guid(841772c057afff444a19598c79562f6c) Importer(815301076,1909f56bfc062723c751e8b465ee728b)  -> (artifact id: '6786ed758b17ac60e7fdffa8b1362bb1') in 0.011437 seconds
Number of updated asset objects reloaded before import = 0
Number of asset objects unloaded after import = 9
========================================================================
Received Import Request.
  Time since last request: 0.000024 seconds.
  path: Assets/Visual/3D Models/PolygonSciFiCity/Prefabs/Props/SM_Prop_Plant_Vase_01.prefab
  artifactKey: Guid(7de50d5a3b0d1c74bb541e18a0d30f0a) Importer(815301076,1909f56bfc062723c751e8b465ee728b)
Start importing Assets/Visual/3D Models/PolygonSciFiCity/Prefabs/Props/SM_Prop_Plant_Vase_01.prefab using Guid(7de50d5a3b0d1c74bb541e18a0d30f0a) Importer(815301076,1909f56bfc062723c751e8b465ee728b)  -> (artifact id: '03118318b95b7c065595f3551e8b0c55') in 0.034761 seconds
Number of updated asset objects reloaded before import = 0
Number of asset objects unloaded after import = 15
========================================================================
Received Import Request.
  Time since last request: 0.000026 seconds.
  path: Assets/Visual/3D Models/PolygonSciFiCity/Prefabs/Props/SM_Prop_Pillar_03.prefab
  artifactKey: Guid(4677398eb0ca00544824b9c6c9e8c3aa) Importer(815301076,1909f56bfc062723c751e8b465ee728b)
Start importing Assets/Visual/3D Models/PolygonSciFiCity/Prefabs/Props/SM_Prop_Pillar_03.prefab using Guid(4677398eb0ca00544824b9c6c9e8c3aa) Importer(815301076,1909f56bfc062723c751e8b465ee728b)  -> (artifact id: 'cbbbd4caca3b0921e209bb816b0feba5') in 0.034337 seconds
Number of updated asset objects reloaded before import = 0
Number of asset objects unloaded after import = 15
========================================================================
Received Import Request.
  Time since last request: 0.000034 seconds.
  path: Assets/Visual/3D Models/PolygonSciFiCity/Prefabs/Props/SM_Prop_Plant_Vase_02.prefab
  artifactKey: Guid(92cda5d9d5371c6458ab649792ba5e60) Importer(815301076,1909f56bfc062723c751e8b465ee728b)
Start importing Assets/Visual/3D Models/PolygonSciFiCity/Prefabs/Props/SM_Prop_Plant_Vase_02.prefab using Guid(92cda5d9d5371c6458ab649792ba5e60) Importer(815301076,1909f56bfc062723c751e8b465ee728b)  -> (artifact id: 'baae137d3573b7d52778bd5e5720b557') in 0.031496 seconds
Number of updated asset objects reloaded before import = 0
Number of asset objects unloaded after import = 15
========================================================================
Received Import Request.
  Time since last request: 0.000055 seconds.
  path: Assets/Visual/3D Models/PolygonSciFiCity/Prefabs/Props/SM_Prop_Pillar_02.prefab
  artifactKey: Guid(a6ef39decdd8823418a28d63543c77ea) Importer(815301076,1909f56bfc062723c751e8b465ee728b)
Start importing Assets/Visual/3D Models/PolygonSciFiCity/Prefabs/Props/SM_Prop_Pillar_02.prefab using Guid(a6ef39decdd8823418a28d63543c77ea) Importer(815301076,1909f56bfc062723c751e8b465ee728b)  -> (artifact id: '9857d5671bafa74e004501185dbdec24') in 0.029598 seconds
Number of updated asset objects reloaded before import = 0
Number of asset objects unloaded after import = 15
========================================================================
Received Import Request.
  Time since last request: 0.000053 seconds.
  path: Assets/Visual/3D Models/PolygonSciFiCity/Prefabs/Props/SM_Prop_MarketCover_04.prefab
  artifactKey: Guid(2116cbffcdc93b54da3cf623bfa07ffd) Importer(815301076,1909f56bfc062723c751e8b465ee728b)
Start importing Assets/Visual/3D Models/PolygonSciFiCity/Prefabs/Props/SM_Prop_MarketCover_04.prefab using Guid(2116cbffcdc93b54da3cf623bfa07ffd) Importer(815301076,1909f56bfc062723c751e8b465ee728b)  -> (artifact id: 'ee4636d6760e10c148dee65018f87a45') in 0.030095 seconds
Number of updated asset objects reloaded before import = 0
Number of asset objects unloaded after import = 15
========================================================================
Received Import Request.
  Time since last request: 0.000035 seconds.
  path: Assets/Visual/3D Models/PolygonSciFiCity/Prefabs/Props/SM_Prop_MarketCovcer_02.prefab
  artifactKey: Guid(b50b10b32b48fc147b8da7bf818cc53b) Importer(815301076,1909f56bfc062723c751e8b465ee728b)
Start importing Assets/Visual/3D Models/PolygonSciFiCity/Prefabs/Props/SM_Prop_MarketCovcer_02.prefab using Guid(b50b10b32b48fc147b8da7bf818cc53b) Importer(815301076,1909f56bfc062723c751e8b465ee728b)  -> (artifact id: '964bfabbe7282fa3505101ec2d390aa6') in 0.031700 seconds
Number of updated asset objects reloaded before import = 0
Number of asset objects unloaded after import = 15
========================================================================
Received Import Request.
  Time since last request: 0.000035 seconds.
  path: Assets/Visual/3D Models/PolygonSciFiCity/Prefabs/Props/SM_Prop_MarketCover_01.prefab
  artifactKey: Guid(244ba0d968ab9624f8fbeed4105ed29e) Importer(815301076,1909f56bfc062723c751e8b465ee728b)
Start importing Assets/Visual/3D Models/PolygonSciFiCity/Prefabs/Props/SM_Prop_MarketCover_01.prefab using Guid(244ba0d968ab9624f8fbeed4105ed29e) Importer(815301076,1909f56bfc062723c751e8b465ee728b)  -> (artifact id: '4088d6d1d658f369e8adcf952565f871') in 0.031227 seconds
Number of updated asset objects reloaded before import = 0
Number of asset objects unloaded after import = 15
========================================================================
Received Import Request.
  Time since last request: 0.000040 seconds.
  path: Assets/Visual/3D Models/PolygonSciFiCity/Prefabs/Props/SM_Prop_MarketCover_05.prefab
  artifactKey: Guid(bc74d1af733c9dd42b24fa0018d92a18) Importer(815301076,1909f56bfc062723c751e8b465ee728b)
Start importing Assets/Visual/3D Models/PolygonSciFiCity/Prefabs/Props/SM_Prop_MarketCover_05.prefab using Guid(bc74d1af733c9dd42b24fa0018d92a18) Importer(815301076,1909f56bfc062723c751e8b465ee728b)  -> (artifact id: 'f8ab56e41870185eaa45b2cf629b90e2') in 0.030449 seconds
Number of updated asset objects reloaded before import = 0
Number of asset objects unloaded after import = 15
========================================================================
Received Import Request.
  Time since last request: 0.000051 seconds.
  path: Assets/Visual/3D Models/PolygonSciFiCity/Prefabs/Props/SM_Prop_Medical_Table_01.prefab
  artifactKey: Guid(3c3e56cbd647a6849a98b32d7c000f9c) Importer(815301076,1909f56bfc062723c751e8b465ee728b)
Start importing Assets/Visual/3D Models/PolygonSciFiCity/Prefabs/Props/SM_Prop_Medical_Table_01.prefab using Guid(3c3e56cbd647a6849a98b32d7c000f9c) Importer(815301076,1909f56bfc062723c751e8b465ee728b)  -> (artifact id: 'd8651b6c960d41653fb77ed2c2cf90e7') in 0.031358 seconds
Number of updated asset objects reloaded before import = 0
Number of asset objects unloaded after import = 15
========================================================================
Received Import Request.
  Time since last request: 0.000044 seconds.
  path: Assets/Visual/3D Models/PolygonSciFiCity/Prefabs/Props/SM_Prop_LightBar_01.prefab
  artifactKey: Guid(4a0b0c9679de4f7488eecac608c76b4d) Importer(815301076,1909f56bfc062723c751e8b465ee728b)
Start importing Assets/Visual/3D Models/PolygonSciFiCity/Prefabs/Props/SM_Prop_LightBar_01.prefab using Guid(4a0b0c9679de4f7488eecac608c76b4d) Importer(815301076,1909f56bfc062723c751e8b465ee728b)  -> (artifact id: '7309f75d6330d951d6f971c440cd53e3') in 0.029174 seconds
Number of updated asset objects reloaded before import = 0
Number of asset objects unloaded after import = 15
========================================================================
Received Import Request.
  Time since last request: 0.000046 seconds.
  path: Assets/Visual/3D Models/PolygonSciFiCity/Prefabs/Props/SM_Prop_Office_Chair_01.prefab
  artifactKey: Guid(e4f7e14bc7c7b084da102cf695d3a557) Importer(815301076,1909f56bfc062723c751e8b465ee728b)
Start importing Assets/Visual/3D Models/PolygonSciFiCity/Prefabs/Props/SM_Prop_Office_Chair_01.prefab using Guid(e4f7e14bc7c7b084da102cf695d3a557) Importer(815301076,1909f56bfc062723c751e8b465ee728b)  -> (artifact id: 'a631fbeb3e7cd46aea7f0d888807f606') in 0.028516 seconds
Number of updated asset objects reloaded before import = 0
Number of asset objects unloaded after import = 15
========================================================================
Received Import Request.
  Time since last request: 0.000038 seconds.
  path: Assets/Visual/3D Models/PolygonSciFiCity/Prefabs/Props/SM_Prop_MarketTable_01.prefab
  artifactKey: Guid(7cecc1acfc0597a419339c5e35fd0b18) Importer(815301076,1909f56bfc062723c751e8b465ee728b)
Start importing Assets/Visual/3D Models/PolygonSciFiCity/Prefabs/Props/SM_Prop_MarketTable_01.prefab using Guid(7cecc1acfc0597a419339c5e35fd0b18) Importer(815301076,1909f56bfc062723c751e8b465ee728b)  -> (artifact id: 'ee8ba49a32051cbfb100ed874c44cf06') in 0.030852 seconds
Number of updated asset objects reloaded before import = 0
Number of asset objects unloaded after import = 15
========================================================================
Received Import Request.
  Time since last request: 0.000042 seconds.
  path: Assets/Visual/3D Models/PolygonSciFiCity/Prefabs/Props/SM_Prop_Meat_03.prefab
  artifactKey: Guid(6eee665d2628dde4eb0b8556904233fa) Importer(815301076,1909f56bfc062723c751e8b465ee728b)
Start importing Assets/Visual/3D Models/PolygonSciFiCity/Prefabs/Props/SM_Prop_Meat_03.prefab using Guid(6eee665d2628dde4eb0b8556904233fa) Importer(815301076,1909f56bfc062723c751e8b465ee728b)  -> (artifact id: '9a773b2b8a6f54afb45cbeb04ba477cc') in 0.033975 seconds
Number of updated asset objects reloaded before import = 0
Number of asset objects unloaded after import = 15
========================================================================
Received Import Request.
  Time since last request: 0.000033 seconds.
  path: Assets/Visual/3D Models/PolygonSciFiCity/Prefabs/Props/SM_Prop_Noodles_01.prefab
  artifactKey: Guid(a43086555232f7c41bc875b5e5ccd081) Importer(815301076,1909f56bfc062723c751e8b465ee728b)
Start importing Assets/Visual/3D Models/PolygonSciFiCity/Prefabs/Props/SM_Prop_Noodles_01.prefab using Guid(a43086555232f7c41bc875b5e5ccd081) Importer(815301076,1909f56bfc062723c751e8b465ee728b)  -> (artifact id: '69c0a6daa3d429aef7984c04ef209445') in 0.032177 seconds
Number of updated asset objects reloaded before import = 0
Number of asset objects unloaded after import = 15
========================================================================
Received Import Request.
  Time since last request: 3.907102 seconds.
  path: Assets/Visual/3D Models/PolygonSciFiCity/Prefabs/Props/SM_Prop_Powerpoll_01.prefab
  artifactKey: Guid(8d5b51ef008472d438a5e4cc4bf5c2c2) Importer(815301076,1909f56bfc062723c751e8b465ee728b)
Start importing Assets/Visual/3D Models/PolygonSciFiCity/Prefabs/Props/SM_Prop_Powerpoll_01.prefab using Guid(8d5b51ef008472d438a5e4cc4bf5c2c2) Importer(815301076,1909f56bfc062723c751e8b465ee728b)  -> (artifact id: '89344c4c74e7ccdec35ae86c6de6206d') in 0.033748 seconds
Number of updated asset objects reloaded before import = 0
Number of asset objects unloaded after import = 17
========================================================================
Received Import Request.
  Time since last request: 0.000033 seconds.
  path: Assets/Visual/3D Models/PolygonSciFiCity/Prefabs/Props/SM_Prop_Robotic_Part_07.prefab
  artifactKey: Guid(408bdce30c57df44086ab2f5f68581e3) Importer(815301076,1909f56bfc062723c751e8b465ee728b)
Start importing Assets/Visual/3D Models/PolygonSciFiCity/Prefabs/Props/SM_Prop_Robotic_Part_07.prefab using Guid(408bdce30c57df44086ab2f5f68581e3) Importer(815301076,1909f56bfc062723c751e8b465ee728b)  -> (artifact id: 'cf959c9af744efe5f1e651bb64bbe717') in 0.045574 seconds
Number of updated asset objects reloaded before import = 0
Number of asset objects unloaded after import = 15
========================================================================
Received Import Request.
  Time since last request: 0.000022 seconds.
  path: Assets/Visual/3D Models/PolygonSciFiCity/Prefabs/Props/SM_Prop_Robotic_Part_01.prefab
  artifactKey: Guid(13f4bb37d63f0d84e8205ded3e900963) Importer(815301076,1909f56bfc062723c751e8b465ee728b)
Start importing Assets/Visual/3D Models/PolygonSciFiCity/Prefabs/Props/SM_Prop_Robotic_Part_01.prefab using Guid(13f4bb37d63f0d84e8205ded3e900963) Importer(815301076,1909f56bfc062723c751e8b465ee728b)  -> (artifact id: '64a2432fd85d34373c898b50ccb66eac') in 0.034845 seconds
Number of updated asset objects reloaded before import = 0
Number of asset objects unloaded after import = 15
========================================================================
Received Import Request.
  Time since last request: 0.000041 seconds.
  path: Assets/Visual/3D Models/PolygonSciFiCity/Prefabs/Props/SM_Prop_Rubbish_Paper_04.prefab
  artifactKey: Guid(e3fae3baab587ff4f92eebeebe23cb58) Importer(815301076,1909f56bfc062723c751e8b465ee728b)
Start importing Assets/Visual/3D Models/PolygonSciFiCity/Prefabs/Props/SM_Prop_Rubbish_Paper_04.prefab using Guid(e3fae3baab587ff4f92eebeebe23cb58) Importer(815301076,1909f56bfc062723c751e8b465ee728b)  -> (artifact id: 'a58d3b0284ebc74d1c5f3aeec05d56e1') in 0.034990 seconds
Number of updated asset objects reloaded before import = 0
Number of asset objects unloaded after import = 16
========================================================================
Received Import Request.
  Time since last request: 0.000047 seconds.
  path: Assets/Visual/3D Models/PolygonSciFiCity/Prefabs/Props/SM_Prop_RubbishPile_03.prefab
  artifactKey: Guid(a018652472678ac4da0156a81a55a871) Importer(815301076,1909f56bfc062723c751e8b465ee728b)
Start importing Assets/Visual/3D Models/PolygonSciFiCity/Prefabs/Props/SM_Prop_RubbishPile_03.prefab using Guid(a018652472678ac4da0156a81a55a871) Importer(815301076,1909f56bfc062723c751e8b465ee728b)  -> (artifact id: '943626e1d483ac45fbc4abdfd4effc2c') in 0.035154 seconds
Number of updated asset objects reloaded before import = 0
Number of asset objects unloaded after import = 15
========================================================================
Received Import Request.
  Time since last request: 0.000053 seconds.
  path: Assets/Visual/3D Models/PolygonSciFiCity/Prefabs/Props/SM_Prop_Security_Scanner_01.prefab
  artifactKey: Guid(535a9a71db4d0294b9bb9b868e7a6124) Importer(815301076,1909f56bfc062723c751e8b465ee728b)
Start importing Assets/Visual/3D Models/PolygonSciFiCity/Prefabs/Props/SM_Prop_Security_Scanner_01.prefab using Guid(535a9a71db4d0294b9bb9b868e7a6124) Importer(815301076,1909f56bfc062723c751e8b465ee728b)  -> (artifact id: '36b72358dc1932a654d26d2529761262') in 0.037979 seconds
Number of updated asset objects reloaded before import = 0
Number of asset objects unloaded after import = 19
========================================================================
Received Import Request.
  Time since last request: 0.000041 seconds.
  path: Assets/Visual/3D Models/PolygonSciFiCity/Prefabs/Props/SM_Prop_Shelves_01.prefab
  artifactKey: Guid(47ac941a4e24e844699f6e20831e861d) Importer(815301076,1909f56bfc062723c751e8b465ee728b)
Start importing Assets/Visual/3D Models/PolygonSciFiCity/Prefabs/Props/SM_Prop_Shelves_01.prefab using Guid(47ac941a4e24e844699f6e20831e861d) Importer(815301076,1909f56bfc062723c751e8b465ee728b)  -> (artifact id: '692fdc734e16f36a0bc8eed5c76bd0a2') in 0.034343 seconds
Number of updated asset objects reloaded before import = 0
Number of asset objects unloaded after import = 15
========================================================================
Received Import Request.
  Time since last request: 0.000039 seconds.
  path: Assets/Visual/3D Models/PolygonSciFiCity/Prefabs/Props/SM_Prop_Sidewalk_Panel_05.prefab
  artifactKey: Guid(1616b4b5aee7ec94fb1ecd0da1f195c6) Importer(815301076,1909f56bfc062723c751e8b465ee728b)
Start importing Assets/Visual/3D Models/PolygonSciFiCity/Prefabs/Props/SM_Prop_Sidewalk_Panel_05.prefab using Guid(1616b4b5aee7ec94fb1ecd0da1f195c6) Importer(815301076,1909f56bfc062723c751e8b465ee728b)  -> (artifact id: '59abe920e91fda1236507fb4b2b77bc5') in 0.034200 seconds
Number of updated asset objects reloaded before import = 0
Number of asset objects unloaded after import = 15
========================================================================
Received Import Request.
  Time since last request: 0.000024 seconds.
  path: Assets/Visual/3D Models/PolygonSciFiCity/Prefabs/Props/SM_Prop_Sidewalk_Panel_02.prefab
  artifactKey: Guid(1d90cc10843d4ca4fa13bb8a31860f89) Importer(815301076,1909f56bfc062723c751e8b465ee728b)
Start importing Assets/Visual/3D Models/PolygonSciFiCity/Prefabs/Props/SM_Prop_Sidewalk_Panel_02.prefab using Guid(1d90cc10843d4ca4fa13bb8a31860f89) Importer(815301076,1909f56bfc062723c751e8b465ee728b)  -> (artifact id: '2093079c8c2e3ac50a376751b01eb710') in 0.033945 seconds
Number of updated asset objects reloaded before import = 0
Number of asset objects unloaded after import = 15
========================================================================
Received Import Request.
  Time since last request: 0.000031 seconds.
  path: Assets/Visual/3D Models/PolygonSciFiCity/Prefabs/Props/SM_Prop_Shelf_01.prefab
  artifactKey: Guid(0dd2230605e7ead498df7ef8a2de3871) Importer(815301076,1909f56bfc062723c751e8b465ee728b)
Start importing Assets/Visual/3D Models/PolygonSciFiCity/Prefabs/Props/SM_Prop_Shelf_01.prefab using Guid(0dd2230605e7ead498df7ef8a2de3871) Importer(815301076,1909f56bfc062723c751e8b465ee728b)  -> (artifact id: 'c3ea887a4a8408ae4268b977f0ec9db2') in 0.035488 seconds
Number of updated asset objects reloaded before import = 0
Number of asset objects unloaded after import = 15
========================================================================
Received Import Request.
  Time since last request: 0.000034 seconds.
  path: Assets/Visual/3D Models/PolygonSciFiCity/Prefabs/Props/SM_Prop_Shelf_Wall_Preset_03.prefab
  artifactKey: Guid(2e3f89d7e5e86e940a3b315db7f449bf) Importer(815301076,1909f56bfc062723c751e8b465ee728b)
Start importing Assets/Visual/3D Models/PolygonSciFiCity/Prefabs/Props/SM_Prop_Shelf_Wall_Preset_03.prefab using Guid(2e3f89d7e5e86e940a3b315db7f449bf) Importer(815301076,1909f56bfc062723c751e8b465ee728b)  -> (artifact id: '31c182b49c7a48dc4edd5df1429dbfde') in 0.035592 seconds
Number of updated asset objects reloaded before import = 0
Number of asset objects unloaded after import = 15
========================================================================
Received Import Request.
  Time since last request: 0.000021 seconds.
  path: Assets/Visual/3D Models/PolygonSciFiCity/Prefabs/Props/SM_Prop_Security_Camera_01.prefab
  artifactKey: Guid(e8be6a656aa13f94e9c475b6f6f2e2a3) Importer(815301076,1909f56bfc062723c751e8b465ee728b)
Start importing Assets/Visual/3D Models/PolygonSciFiCity/Prefabs/Props/SM_Prop_Security_Camera_01.prefab using Guid(e8be6a656aa13f94e9c475b6f6f2e2a3) Importer(815301076,1909f56bfc062723c751e8b465ee728b)  -> (artifact id: '3e396b10d3c4e8cd93c5b62c40e29ce9') in 0.036537 seconds
Number of updated asset objects reloaded before import = 0
Number of asset objects unloaded after import = 20
========================================================================
Received Import Request.
  Time since last request: 0.000032 seconds.
  path: Assets/Visual/3D Models/PolygonSciFiCity/Prefabs/Props/SM_Prop_Powerpoll_02.prefab
  artifactKey: Guid(f8ec2d8240c24ec4abeccbc47f63fde9) Importer(815301076,1909f56bfc062723c751e8b465ee728b)
Start importing Assets/Visual/3D Models/PolygonSciFiCity/Prefabs/Props/SM_Prop_Powerpoll_02.prefab using Guid(f8ec2d8240c24ec4abeccbc47f63fde9) Importer(815301076,1909f56bfc062723c751e8b465ee728b)  -> (artifact id: '921e390453e17110cce6c1e06706c185') in 0.038935 seconds
Number of updated asset objects reloaded before import = 0
Number of asset objects unloaded after import = 19
========================================================================
Received Import Request.
  Time since last request: 0.000024 seconds.
  path: Assets/Visual/3D Models/PolygonSciFiCity/Prefabs/Props/SM_Prop_Robotic_Part_04.prefab
  artifactKey: Guid(61b8f3ab787fda74291bbde164182f3f) Importer(815301076,1909f56bfc062723c751e8b465ee728b)
Start importing Assets/Visual/3D Models/PolygonSciFiCity/Prefabs/Props/SM_Prop_Robotic_Part_04.prefab using Guid(61b8f3ab787fda74291bbde164182f3f) Importer(815301076,1909f56bfc062723c751e8b465ee728b)  -> (artifact id: 'babc4cddf6040fa6f0dddf0ecb8aa912') in 0.034125 seconds
Number of updated asset objects reloaded before import = 0
Number of asset objects unloaded after import = 15
========================================================================
Received Import Request.
  Time since last request: 0.000021 seconds.
  path: Assets/Visual/3D Models/PolygonSciFiCity/Prefabs/Props/SM_Prop_Robotic_Part_02.prefab
  artifactKey: Guid(d706e3bea7d32ea4b91e08975d63320f) Importer(815301076,1909f56bfc062723c751e8b465ee728b)
Start importing Assets/Visual/3D Models/PolygonSciFiCity/Prefabs/Props/SM_Prop_Robotic_Part_02.prefab using Guid(d706e3bea7d32ea4b91e08975d63320f) Importer(815301076,1909f56bfc062723c751e8b465ee728b)  -> (artifact id: 'd484ceed43e42e3629a05182f0b11f7e') in 0.036237 seconds
Number of updated asset objects reloaded before import = 0
Number of asset objects unloaded after import = 15
========================================================================
Received Import Request.
  Time since last request: 0.000020 seconds.
  path: Assets/Visual/3D Models/PolygonSciFiCity/Prefabs/Props/SM_Prop_Shelf_Wall_Preset_01.prefab
  artifactKey: Guid(37b6ad62cb2640b41bedf7a18eaf66ae) Importer(815301076,1909f56bfc062723c751e8b465ee728b)
Start importing Assets/Visual/3D Models/PolygonSciFiCity/Prefabs/Props/SM_Prop_Shelf_Wall_Preset_01.prefab using Guid(37b6ad62cb2640b41bedf7a18eaf66ae) Importer(815301076,1909f56bfc062723c751e8b465ee728b)  -> (artifact id: '18d489144abdb187025d9a7eee9b507c') in 0.040962 seconds
Number of updated asset objects reloaded before import = 0
Number of asset objects unloaded after import = 15
========================================================================
Received Import Request.
  Time since last request: 0.000018 seconds.
  path: Assets/Visual/3D Models/PolygonSciFiCity/Prefabs/Props/SM_Prop_Rubbish_Paper_03.prefab
  artifactKey: Guid(f4e7aafddc507f340b682560df2b00f6) Importer(815301076,1909f56bfc062723c751e8b465ee728b)
Start importing Assets/Visual/3D Models/PolygonSciFiCity/Prefabs/Props/SM_Prop_Rubbish_Paper_03.prefab using Guid(f4e7aafddc507f340b682560df2b00f6) Importer(815301076,1909f56bfc062723c751e8b465ee728b)  -> (artifact id: '8f78d0576165df20849c8c5b4fc9f4aa') in 0.035930 seconds
Number of updated asset objects reloaded before import = 0
Number of asset objects unloaded after import = 16
========================================================================
Received Import Request.
  Time since last request: 0.000036 seconds.
  path: Assets/Visual/3D Models/PolygonSciFiCity/Prefabs/Props/SM_Prop_Sidewalk_Barrier_01.prefab
  artifactKey: Guid(9433d2e860cc27c45851217484c26fa5) Importer(815301076,1909f56bfc062723c751e8b465ee728b)
Start importing Assets/Visual/3D Models/PolygonSciFiCity/Prefabs/Props/SM_Prop_Sidewalk_Barrier_01.prefab using Guid(9433d2e860cc27c45851217484c26fa5) Importer(815301076,1909f56bfc062723c751e8b465ee728b)  -> (artifact id: '7cdf6adfe6cfcad6be171810a5c7e123') in 0.037074 seconds
Number of updated asset objects reloaded before import = 0
Number of asset objects unloaded after import = 15
========================================================================
Received Import Request.
  Time since last request: 0.000034 seconds.
  path: Assets/Visual/3D Models/PolygonSciFiCity/Prefabs/Props/SM_Prop_Sidewalk_Panel_01.prefab
  artifactKey: Guid(9797a32a9292ad9419299827ae26b84f) Importer(815301076,1909f56bfc062723c751e8b465ee728b)
Start importing Assets/Visual/3D Models/PolygonSciFiCity/Prefabs/Props/SM_Prop_Sidewalk_Panel_01.prefab using Guid(9797a32a9292ad9419299827ae26b84f) Importer(815301076,1909f56bfc062723c751e8b465ee728b)  -> (artifact id: '4442c4b048bc42c98b0d5d6f5d04450e') in 0.035103 seconds
Number of updated asset objects reloaded before import = 0
Number of asset objects unloaded after import = 15
========================================================================
Received Import Request.
  Time since last request: 3.390463 seconds.
  path: Assets/Visual/3D Models/PolygonSciFiCity/Prefabs/Props/SM_Prop_Sidewalk_Rubble_01.prefab
  artifactKey: Guid(a9089a8996de8574c8a12b63cba7a0b5) Importer(815301076,1909f56bfc062723c751e8b465ee728b)
Start importing Assets/Visual/3D Models/PolygonSciFiCity/Prefabs/Props/SM_Prop_Sidewalk_Rubble_01.prefab using Guid(a9089a8996de8574c8a12b63cba7a0b5) Importer(815301076,1909f56bfc062723c751e8b465ee728b)  -> (artifact id: 'd3ca48ff3d99c9c6ee723b3e437c2e39') in 0.038282 seconds
Number of updated asset objects reloaded before import = 0
Number of asset objects unloaded after import = 15
========================================================================
Received Import Request.
  Time since last request: 0.000018 seconds.
  path: Assets/Visual/3D Models/PolygonSciFiCity/Prefabs/Props/SM_Prop_StripClub_Stage_02.prefab
  artifactKey: Guid(92c9289d19c6e074d9c51ea15293c0b2) Importer(815301076,1909f56bfc062723c751e8b465ee728b)
Start importing Assets/Visual/3D Models/PolygonSciFiCity/Prefabs/Props/SM_Prop_StripClub_Stage_02.prefab using Guid(92c9289d19c6e074d9c51ea15293c0b2) Importer(815301076,1909f56bfc062723c751e8b465ee728b)  -> (artifact id: 'cf0a9fcc8328b74328659e48901694b1') in 0.043998 seconds
Number of updated asset objects reloaded before import = 0
Number of asset objects unloaded after import = 15
========================================================================
Received Import Request.
  Time since last request: 0.000024 seconds.
  path: Assets/Visual/3D Models/PolygonSciFiCity/Prefabs/Props/SM_Prop_StripClub_Chair_01.prefab
  artifactKey: Guid(81b5f406b403acb4a900c1525507b489) Importer(815301076,1909f56bfc062723c751e8b465ee728b)
Start importing Assets/Visual/3D Models/PolygonSciFiCity/Prefabs/Props/SM_Prop_StripClub_Chair_01.prefab using Guid(81b5f406b403acb4a900c1525507b489) Importer(815301076,1909f56bfc062723c751e8b465ee728b)  -> (artifact id: '43075c7b0dfa808635e63a4b8a99118e') in 0.062922 seconds
Number of updated asset objects reloaded before import = 0
Number of asset objects unloaded after import = 15
========================================================================
Received Import Request.
  Time since last request: 0.000026 seconds.
  path: Assets/Visual/3D Models/PolygonSciFiCity/Prefabs/Props/SM_Prop_Vent_02.prefab
  artifactKey: Guid(9a8b5936370ace844990b9c4815bdc8c) Importer(815301076,1909f56bfc062723c751e8b465ee728b)
Start importing Assets/Visual/3D Models/PolygonSciFiCity/Prefabs/Props/SM_Prop_Vent_02.prefab using Guid(9a8b5936370ace844990b9c4815bdc8c) Importer(815301076,1909f56bfc062723c751e8b465ee728b)  -> (artifact id: '9f699875b37d9c5689f38059047aa7c1') in 0.043044 seconds
Number of updated asset objects reloaded before import = 0
Number of asset objects unloaded after import = 15
========================================================================
Received Import Request.
  Time since last request: 0.000027 seconds.
  path: Assets/Visual/3D Models/PolygonSciFiCity/Prefabs/Props/SM_Prop_Vent_01.prefab
  artifactKey: Guid(5c1f86aeb0747f6449927587c59d8e9e) Importer(815301076,1909f56bfc062723c751e8b465ee728b)
Start importing Assets/Visual/3D Models/PolygonSciFiCity/Prefabs/Props/SM_Prop_Vent_01.prefab using Guid(5c1f86aeb0747f6449927587c59d8e9e) Importer(815301076,1909f56bfc062723c751e8b465ee728b)  -> (artifact id: 'ee0cdfb75991afc595c37dc9719730e6') in 0.042968 seconds
Number of updated asset objects reloaded before import = 0
Number of asset objects unloaded after import = 15
========================================================================
Received Import Request.
  Time since last request: 0.000034 seconds.
  path: Assets/Visual/3D Models/PolygonSciFiCity/Prefabs/Props/SM_Prop_VendingMachine_01.prefab
  artifactKey: Guid(8ba9f6f578fbcc14bab044d1234ab1a1) Importer(815301076,1909f56bfc062723c751e8b465ee728b)
Start importing Assets/Visual/3D Models/PolygonSciFiCity/Prefabs/Props/SM_Prop_VendingMachine_01.prefab using Guid(8ba9f6f578fbcc14bab044d1234ab1a1) Importer(815301076,1909f56bfc062723c751e8b465ee728b)  -> (artifact id: '6495c640ad19cbcca9372122180ac56c') in 0.041991 seconds
Number of updated asset objects reloaded before import = 0
Number of asset objects unloaded after import = 15
========================================================================
Received Import Request.
  Time since last request: 0.000016 seconds.
  path: Assets/Visual/3D Models/PolygonSciFiCity/Prefabs/Props/SM_Prop_TrashBag_01.prefab
  artifactKey: Guid(6327f3b529212ab4692c4ce3714ab082) Importer(815301076,1909f56bfc062723c751e8b465ee728b)
Start importing Assets/Visual/3D Models/PolygonSciFiCity/Prefabs/Props/SM_Prop_TrashBag_01.prefab using Guid(6327f3b529212ab4692c4ce3714ab082) Importer(815301076,1909f56bfc062723c751e8b465ee728b)  -> (artifact id: '9cb8f8517c17c619e614e302878ed64e') in 0.044470 seconds
Number of updated asset objects reloaded before import = 0
Number of asset objects unloaded after import = 15
========================================================================
Received Import Request.
  Time since last request: 0.000022 seconds.
  path: Assets/Visual/3D Models/PolygonSciFiCity/Prefabs/Props/SM_Prop_Vent_04.prefab
  artifactKey: Guid(43a23ba7d46ab234abe49791c0812130) Importer(815301076,1909f56bfc062723c751e8b465ee728b)
Start importing Assets/Visual/3D Models/PolygonSciFiCity/Prefabs/Props/SM_Prop_Vent_04.prefab using Guid(43a23ba7d46ab234abe49791c0812130) Importer(815301076,1909f56bfc062723c751e8b465ee728b)  -> (artifact id: 'e27e4dffb018eccd744623927793af0e') in 0.042217 seconds
Number of updated asset objects reloaded before import = 0
Number of asset objects unloaded after import = 15
========================================================================
Received Import Request.
  Time since last request: 0.000036 seconds.
  path: Assets/Visual/3D Models/PolygonSciFiCity/Prefabs/Props/SM_Prop_table_01.prefab
  artifactKey: Guid(fb85b3c23b991e249a29afe99d47b0eb) Importer(815301076,1909f56bfc062723c751e8b465ee728b)
Start importing Assets/Visual/3D Models/PolygonSciFiCity/Prefabs/Props/SM_Prop_table_01.prefab using Guid(fb85b3c23b991e249a29afe99d47b0eb) Importer(815301076,1909f56bfc062723c751e8b465ee728b)  -> (artifact id: 'f8a2fc22da79e7b2ca776003d59876f3') in 0.044443 seconds
Number of updated asset objects reloaded before import = 0
Number of asset objects unloaded after import = 15
========================================================================
Received Import Request.
  Time since last request: 0.000019 seconds.
  path: Assets/Visual/3D Models/PolygonSciFiCity/Prefabs/Props/SM_Prop_Vent_03.prefab
  artifactKey: Guid(0ba81889122d96648a967ae1b9972575) Importer(815301076,1909f56bfc062723c751e8b465ee728b)
Start importing Assets/Visual/3D Models/PolygonSciFiCity/Prefabs/Props/SM_Prop_Vent_03.prefab using Guid(0ba81889122d96648a967ae1b9972575) Importer(815301076,1909f56bfc062723c751e8b465ee728b)  -> (artifact id: 'f12cf718c14f5dd45bdfb1799c92dd90') in 0.043868 seconds
Number of updated asset objects reloaded before import = 0
Number of asset objects unloaded after import = 15
========================================================================
Received Import Request.
  Time since last request: 0.000019 seconds.
  path: Assets/Visual/3D Models/PolygonSciFiCity/Prefabs/Props/SM_Prop_TrashBag_02.prefab
  artifactKey: Guid(debe807fa5b29714089d99f8db9c2c48) Importer(815301076,1909f56bfc062723c751e8b465ee728b)
Start importing Assets/Visual/3D Models/PolygonSciFiCity/Prefabs/Props/SM_Prop_TrashBag_02.prefab using Guid(debe807fa5b29714089d99f8db9c2c48) Importer(815301076,1909f56bfc062723c751e8b465ee728b)  -> (artifact id: '9c5441f2788d30ca95c9c7b2ef8f82df') in 0.036014 seconds
Number of updated asset objects reloaded before import = 0
Number of asset objects unloaded after import = 15
========================================================================
Received Import Request.
  Time since last request: 6.327256 seconds.
  path: Assets/Visual/3D Models/PolygonSciFiCity/Prefabs/Props/SM_Prop_WallAttach_Electronics_04.prefab
  artifactKey: Guid(82155322b0937bd409b9d45d4142e450) Importer(815301076,1909f56bfc062723c751e8b465ee728b)
Start importing Assets/Visual/3D Models/PolygonSciFiCity/Prefabs/Props/SM_Prop_WallAttach_Electronics_04.prefab using Guid(82155322b0937bd409b9d45d4142e450) Importer(815301076,1909f56bfc062723c751e8b465ee728b)  -> (artifact id: '2ad6c12bbc7069b0b23bb5f8dc3381ba') in 0.098784 seconds
Number of updated asset objects reloaded before import = 0
Number of asset objects unloaded after import = 15
========================================================================
Received Import Request.
  Time since last request: 0.000025 seconds.
  path: Assets/Visual/3D Models/PolygonSciFiCity/Prefabs/Props/SM_Prop_WallAttach_Electronics_06.prefab
  artifactKey: Guid(3ff513b5269aae844aef7b92609fc79f) Importer(815301076,1909f56bfc062723c751e8b465ee728b)
Start importing Assets/Visual/3D Models/PolygonSciFiCity/Prefabs/Props/SM_Prop_WallAttach_Electronics_06.prefab using Guid(3ff513b5269aae844aef7b92609fc79f) Importer(815301076,1909f56bfc062723c751e8b465ee728b)  -> (artifact id: '9125c49e6777288dd6c1eeb3b27c0961') in 0.041148 seconds
Number of updated asset objects reloaded before import = 0
Number of asset objects unloaded after import = 15
========================================================================
Received Import Request.
  Time since last request: 0.000030 seconds.
  path: Assets/Visual/3D Models/PolygonSciFiCity/Prefabs/Props/SM_Prop_WoodenPath_01.prefab
  artifactKey: Guid(284c9b45742e87d4fa48a08a2ba995be) Importer(815301076,1909f56bfc062723c751e8b465ee728b)
Start importing Assets/Visual/3D Models/PolygonSciFiCity/Prefabs/Props/SM_Prop_WoodenPath_01.prefab using Guid(284c9b45742e87d4fa48a08a2ba995be) Importer(815301076,1909f56bfc062723c751e8b465ee728b)  -> (artifact id: '506a50938a0e6c4c794fa95ac6849c61') in 0.042688 seconds
Number of updated asset objects reloaded before import = 0
Number of asset objects unloaded after import = 15
========================================================================
Received Import Request.
  Time since last request: 0.000032 seconds.
  path: Assets/Visual/3D Models/PolygonSciFiCity/Prefabs/Props/SM_Prop_Window_01.prefab
  artifactKey: Guid(285bab2f8ffd9f3478a1e2eda34ee33e) Importer(815301076,1909f56bfc062723c751e8b465ee728b)
Start importing Assets/Visual/3D Models/PolygonSciFiCity/Prefabs/Props/SM_Prop_Window_01.prefab using Guid(285bab2f8ffd9f3478a1e2eda34ee33e) Importer(815301076,1909f56bfc062723c751e8b465ee728b)  -> (artifact id: '8c0ba3f07a27c6d9aa87063571dd0ddb') in 0.041062 seconds
Number of updated asset objects reloaded before import = 0
Number of asset objects unloaded after import = 15
========================================================================
Received Import Request.
  Time since last request: 0.000035 seconds.
  path: Assets/Visual/3D Models/PolygonSciFiCity/Prefabs/Props/SM_Prop_Watercooler_01.prefab
  artifactKey: Guid(fa6b8ca1a9514294a90e679dcf57b29e) Importer(815301076,1909f56bfc062723c751e8b465ee728b)
Start importing Assets/Visual/3D Models/PolygonSciFiCity/Prefabs/Props/SM_Prop_Watercooler_01.prefab using Guid(fa6b8ca1a9514294a90e679dcf57b29e) Importer(815301076,1909f56bfc062723c751e8b465ee728b)  -> (artifact id: '5157f7b4e3147abd9d8d75efa4a4a08a') in 0.039243 seconds
Number of updated asset objects reloaded before import = 0
Number of asset objects unloaded after import = 21
========================================================================
Received Import Request.
  Time since last request: 867.240211 seconds.
  path: Assets/Visual/3D Models/PolygonApocalypse/Prefabs/Item
  artifactKey: Guid(0eceef193e688b54d88742aece0503e4) Importer(815301076,1909f56bfc062723c751e8b465ee728b)
Start importing Assets/Visual/3D Models/PolygonApocalypse/Prefabs/Item using Guid(0eceef193e688b54d88742aece0503e4) Importer(815301076,1909f56bfc062723c751e8b465ee728b)  -> (artifact id: 'a0df3e07d0ff8437de8045c047882907') in 0.000948 seconds
Number of updated asset objects reloaded before import = 0
Number of asset objects unloaded after import = 0
========================================================================
Received Import Request.
  Time since last request: 0.392944 seconds.
  path: Assets/Visual/3D Models/PolygonApocalypse/Prefabs/Item/SM_Item_Air_Horn_01.prefab
  artifactKey: Guid(3db91374ff13ad14e98c0fd485df17d0) Importer(815301076,1909f56bfc062723c751e8b465ee728b)
Start importing Assets/Visual/3D Models/PolygonApocalypse/Prefabs/Item/SM_Item_Air_Horn_01.prefab using Guid(3db91374ff13ad14e98c0fd485df17d0) Importer(815301076,1909f56bfc062723c751e8b465ee728b)  -> (artifact id: '8bd314102856ad7601c13fc3a35a8e0c') in 0.067669 seconds
Number of updated asset objects reloaded before import = 0
Number of asset objects unloaded after import = 13
========================================================================
Received Import Request.
  Time since last request: 0.000019 seconds.
  path: Assets/Visual/3D Models/PolygonApocalypse/Prefabs/Item/SM_Item_Alcohol_02.prefab
  artifactKey: Guid(5313621d332ebb24cb1b12d175865cd5) Importer(815301076,1909f56bfc062723c751e8b465ee728b)
Start importing Assets/Visual/3D Models/PolygonApocalypse/Prefabs/Item/SM_Item_Alcohol_02.prefab using Guid(5313621d332ebb24cb1b12d175865cd5) Importer(815301076,1909f56bfc062723c751e8b465ee728b)  -> (artifact id: '24c9b3a0d0aada921056cf1efb5d4424') in 0.063772 seconds
Number of updated asset objects reloaded before import = 0
Number of asset objects unloaded after import = 13
========================================================================
Received Import Request.
  Time since last request: 0.000026 seconds.
  path: Assets/Visual/3D Models/PolygonApocalypse/Prefabs/Item/SM_Item_BeerCup_01.prefab
  artifactKey: Guid(1db3c76848f9c8b46877c5c15a1767fd) Importer(815301076,1909f56bfc062723c751e8b465ee728b)
Start importing Assets/Visual/3D Models/PolygonApocalypse/Prefabs/Item/SM_Item_BeerCup_01.prefab using Guid(1db3c76848f9c8b46877c5c15a1767fd) Importer(815301076,1909f56bfc062723c751e8b465ee728b)  -> (artifact id: 'd141e4ffc9abd4b13a79ff3c0766074d') in 0.053459 seconds
Number of updated asset objects reloaded before import = 0
Number of asset objects unloaded after import = 13
========================================================================
Received Import Request.
  Time since last request: 0.000068 seconds.
  path: Assets/Visual/3D Models/PolygonApocalypse/Prefabs/Item/SM_Item_Can_05.prefab
  artifactKey: Guid(d6b062349986fcf4cbd2cdef910c6482) Importer(815301076,1909f56bfc062723c751e8b465ee728b)
Start importing Assets/Visual/3D Models/PolygonApocalypse/Prefabs/Item/SM_Item_Can_05.prefab using Guid(d6b062349986fcf4cbd2cdef910c6482) Importer(815301076,1909f56bfc062723c751e8b465ee728b)  -> (artifact id: 'e6c310eabcdc0b828e137e94724a79ac') in 0.050931 seconds
Number of updated asset objects reloaded before import = 0
Number of asset objects unloaded after import = 13
========================================================================
Received Import Request.
  Time since last request: 0.000026 seconds.
  path: Assets/Visual/3D Models/PolygonApocalypse/Prefabs/Item/SM_Item_Ammo_12G_Open_01.prefab
  artifactKey: Guid(b14a3ba2b9ee51b438a2687b64a0578a) Importer(815301076,1909f56bfc062723c751e8b465ee728b)
Start importing Assets/Visual/3D Models/PolygonApocalypse/Prefabs/Item/SM_Item_Ammo_12G_Open_01.prefab using Guid(b14a3ba2b9ee51b438a2687b64a0578a) Importer(815301076,1909f56bfc062723c751e8b465ee728b)  -> (artifact id: '260147dbb3f233f1aa2dda7b1b1d9caf') in 0.045436 seconds
Number of updated asset objects reloaded before import = 0
Number of asset objects unloaded after import = 13
========================================================================
Received Import Request.
  Time since last request: 0.000038 seconds.
  path: Assets/Visual/3D Models/PolygonApocalypse/Prefabs/Item/SM_Item_Ammo_9mm_Open_01.prefab
  artifactKey: Guid(7a5dc0c73dd33934e8c72bd06458e20f) Importer(815301076,1909f56bfc062723c751e8b465ee728b)
Start importing Assets/Visual/3D Models/PolygonApocalypse/Prefabs/Item/SM_Item_Ammo_9mm_Open_01.prefab using Guid(7a5dc0c73dd33934e8c72bd06458e20f) Importer(815301076,1909f56bfc062723c751e8b465ee728b)  -> (artifact id: 'f46a8cb77c2c569180d35e82a580688e') in 0.042221 seconds
Number of updated asset objects reloaded before import = 0
Number of asset objects unloaded after import = 13
========================================================================
Received Import Request.
  Time since last request: 0.000027 seconds.
  path: Assets/Visual/3D Models/PolygonApocalypse/Prefabs/Item/SM_Item_Drink_01.prefab
  artifactKey: Guid(907f8303af992f44289b29cb614b45c5) Importer(815301076,1909f56bfc062723c751e8b465ee728b)
Start importing Assets/Visual/3D Models/PolygonApocalypse/Prefabs/Item/SM_Item_Drink_01.prefab using Guid(907f8303af992f44289b29cb614b45c5) Importer(815301076,1909f56bfc062723c751e8b465ee728b)  -> (artifact id: 'd11951e616556abfe798795512c0740a') in 0.049263 seconds
Number of updated asset objects reloaded before import = 0
Number of asset objects unloaded after import = 13
========================================================================
Received Import Request.
  Time since last request: 0.000045 seconds.
  path: Assets/Visual/3D Models/PolygonApocalypse/Prefabs/Item/SM_Item_Bottle_02.prefab
  artifactKey: Guid(c79615aa59b92cc4eab7c677ede3a060) Importer(815301076,1909f56bfc062723c751e8b465ee728b)
Start importing Assets/Visual/3D Models/PolygonApocalypse/Prefabs/Item/SM_Item_Bottle_02.prefab using Guid(c79615aa59b92cc4eab7c677ede3a060) Importer(815301076,1909f56bfc062723c751e8b465ee728b)  -> (artifact id: '6936e7ba2073cae9b0c26a1160a2b1b3') in 0.046816 seconds
Number of updated asset objects reloaded before import = 0
Number of asset objects unloaded after import = 13
========================================================================
Received Import Request.
  Time since last request: 0.000038 seconds.
  path: Assets/Visual/3D Models/PolygonApocalypse/Prefabs/Item/SM_Item_Alcohol_04.prefab
  artifactKey: Guid(119deb9a1b861344eb8660c95692a006) Importer(815301076,1909f56bfc062723c751e8b465ee728b)
Start importing Assets/Visual/3D Models/PolygonApocalypse/Prefabs/Item/SM_Item_Alcohol_04.prefab using Guid(119deb9a1b861344eb8660c95692a006) Importer(815301076,1909f56bfc062723c751e8b465ee728b)  -> (artifact id: '2d46a0e2ae59a8be0dac1178a107e6f8') in 0.046593 seconds
Number of updated asset objects reloaded before import = 0
Number of asset objects unloaded after import = 13
========================================================================
Received Import Request.
  Time since last request: 0.000028 seconds.
  path: Assets/Visual/3D Models/PolygonApocalypse/Prefabs/Item/SM_Item_Ammo_556_Open_01.prefab
  artifactKey: Guid(1f7ce2f8fb1bad345a338ecd334b3ace) Importer(815301076,1909f56bfc062723c751e8b465ee728b)
Start importing Assets/Visual/3D Models/PolygonApocalypse/Prefabs/Item/SM_Item_Ammo_556_Open_01.prefab using Guid(1f7ce2f8fb1bad345a338ecd334b3ace) Importer(815301076,1909f56bfc062723c751e8b465ee728b)  -> (artifact id: '79d7d90849983893e0ad2dbb202f4b39') in 0.046716 seconds
Number of updated asset objects reloaded before import = 0
Number of asset objects unloaded after import = 13
========================================================================
Received Import Request.
  Time since last request: 0.000021 seconds.
  path: Assets/Visual/3D Models/PolygonApocalypse/Prefabs/Item/SM_Item_Alcohol_07.prefab
  artifactKey: Guid(d48ad9c1809a65e47b786f1ef3f8c26f) Importer(815301076,1909f56bfc062723c751e8b465ee728b)
Start importing Assets/Visual/3D Models/PolygonApocalypse/Prefabs/Item/SM_Item_Alcohol_07.prefab using Guid(d48ad9c1809a65e47b786f1ef3f8c26f) Importer(815301076,1909f56bfc062723c751e8b465ee728b)  -> (artifact id: 'c13cc60549fe4ff1f60ec85034c82e9e') in 0.052382 seconds
Number of updated asset objects reloaded before import = 0
Number of asset objects unloaded after import = 13
========================================================================
Received Import Request.
  Time since last request: 0.000039 seconds.
  path: Assets/Visual/3D Models/PolygonApocalypse/Prefabs/Item/SM_Item_Ammo_9mm_01.prefab
  artifactKey: Guid(86bb9dc1b51ac1b40881bebab79f89cf) Importer(815301076,1909f56bfc062723c751e8b465ee728b)
Start importing Assets/Visual/3D Models/PolygonApocalypse/Prefabs/Item/SM_Item_Ammo_9mm_01.prefab using Guid(86bb9dc1b51ac1b40881bebab79f89cf) Importer(815301076,1909f56bfc062723c751e8b465ee728b)  -> (artifact id: 'bb41e7cfeb1d14ceaa57e157701af384') in 0.045594 seconds
Number of updated asset objects reloaded before import = 0
Number of asset objects unloaded after import = 13
========================================================================
Received Import Request.
  Time since last request: 0.000024 seconds.
  path: Assets/Visual/3D Models/PolygonApocalypse/Prefabs/Item/SM_Item_Alcohol_03.prefab
  artifactKey: Guid(5ecd7ef4327b4dd40800a95e990697ef) Importer(815301076,1909f56bfc062723c751e8b465ee728b)
Start importing Assets/Visual/3D Models/PolygonApocalypse/Prefabs/Item/SM_Item_Alcohol_03.prefab using Guid(5ecd7ef4327b4dd40800a95e990697ef) Importer(815301076,1909f56bfc062723c751e8b465ee728b)  -> (artifact id: 'd76b801cf33e3106d4c9823994c8e321') in 0.044225 seconds
Number of updated asset objects reloaded before import = 0
Number of asset objects unloaded after import = 13
========================================================================
Received Import Request.
  Time since last request: 0.000031 seconds.
  path: Assets/Visual/3D Models/PolygonApocalypse/Prefabs/Item/SM_Item_Jar_01.prefab
  artifactKey: Guid(74bb9c0d68e161047ba2ff77572a8f6f) Importer(815301076,1909f56bfc062723c751e8b465ee728b)
Start importing Assets/Visual/3D Models/PolygonApocalypse/Prefabs/Item/SM_Item_Jar_01.prefab using Guid(74bb9c0d68e161047ba2ff77572a8f6f) Importer(815301076,1909f56bfc062723c751e8b465ee728b)  -> (artifact id: '7a510e226ff44743ddf7e7168b4da58e') in 0.043593 seconds
Number of updated asset objects reloaded before import = 0
Number of asset objects unloaded after import = 13
========================================================================
Received Import Request.
  Time since last request: 0.000029 seconds.
  path: Assets/Visual/3D Models/PolygonApocalypse/Prefabs/Item/SM_Item_Camera_01.prefab
  artifactKey: Guid(c63081b7c68aab742937fce11cf85e90) Importer(815301076,1909f56bfc062723c751e8b465ee728b)
Start importing Assets/Visual/3D Models/PolygonApocalypse/Prefabs/Item/SM_Item_Camera_01.prefab using Guid(c63081b7c68aab742937fce11cf85e90) Importer(815301076,1909f56bfc062723c751e8b465ee728b)  -> (artifact id: 'e0e1dfc6115a89a19211c1ea0eaa950b') in 0.045808 seconds
Number of updated asset objects reloaded before import = 0
Number of asset objects unloaded after import = 13
========================================================================
Received Import Request.
  Time since last request: 0.000041 seconds.
  path: Assets/Visual/3D Models/PolygonApocalypse/Prefabs/Item/SM_Item_Can_06.prefab
  artifactKey: Guid(c0094da9415593445a19c3dc77e9511f) Importer(815301076,1909f56bfc062723c751e8b465ee728b)
Start importing Assets/Visual/3D Models/PolygonApocalypse/Prefabs/Item/SM_Item_Can_06.prefab using Guid(c0094da9415593445a19c3dc77e9511f) Importer(815301076,1909f56bfc062723c751e8b465ee728b)  -> (artifact id: '30150ba6fd3814a8d611786486c1a725') in 0.047515 seconds
Number of updated asset objects reloaded before import = 0
Number of asset objects unloaded after import = 13
========================================================================
Received Import Request.
  Time since last request: 0.000033 seconds.
  path: Assets/Visual/3D Models/PolygonApocalypse/Prefabs/Item/SM_Item_Drink_Bottle_02.prefab
  artifactKey: Guid(fe7485ddc63a5764981aa828ce2734e4) Importer(815301076,1909f56bfc062723c751e8b465ee728b)
Start importing Assets/Visual/3D Models/PolygonApocalypse/Prefabs/Item/SM_Item_Drink_Bottle_02.prefab using Guid(fe7485ddc63a5764981aa828ce2734e4) Importer(815301076,1909f56bfc062723c751e8b465ee728b)  -> (artifact id: '263e1527fb908f12d216990d769aba51') in 0.044897 seconds
Number of updated asset objects reloaded before import = 0
Number of asset objects unloaded after import = 13
========================================================================
Received Import Request.
  Time since last request: 0.000031 seconds.
  path: Assets/Visual/3D Models/PolygonApocalypse/Prefabs/Item/SM_Item_Battery_01.prefab
  artifactKey: Guid(e4cf0824496bede4bb19ba9967e020f6) Importer(815301076,1909f56bfc062723c751e8b465ee728b)
Start importing Assets/Visual/3D Models/PolygonApocalypse/Prefabs/Item/SM_Item_Battery_01.prefab using Guid(e4cf0824496bede4bb19ba9967e020f6) Importer(815301076,1909f56bfc062723c751e8b465ee728b)  -> (artifact id: '1803ebba05e0273d7490219417979696') in 0.048090 seconds
Number of updated asset objects reloaded before import = 0
Number of asset objects unloaded after import = 13
========================================================================
Received Import Request.
  Time since last request: 0.000047 seconds.
  path: Assets/Visual/3D Models/PolygonApocalypse/Prefabs/Item/SM_Item_Ammo_Paper_Open_01.prefab
  artifactKey: Guid(d573dca06bd66504eac034222175d09b) Importer(815301076,1909f56bfc062723c751e8b465ee728b)
Start importing Assets/Visual/3D Models/PolygonApocalypse/Prefabs/Item/SM_Item_Ammo_Paper_Open_01.prefab using Guid(d573dca06bd66504eac034222175d09b) Importer(815301076,1909f56bfc062723c751e8b465ee728b)  -> (artifact id: 'b060048c132676025fd109c3ca42e24a') in 0.047162 seconds
Number of updated asset objects reloaded before import = 0
Number of asset objects unloaded after import = 13
========================================================================
Received Import Request.
  Time since last request: 0.000026 seconds.
  path: Assets/Visual/3D Models/PolygonApocalypse/Prefabs/Item/SM_Item_Drink_Bottle_01.prefab
  artifactKey: Guid(6f4046d7967c3b74a88971615df168e4) Importer(815301076,1909f56bfc062723c751e8b465ee728b)
Start importing Assets/Visual/3D Models/PolygonApocalypse/Prefabs/Item/SM_Item_Drink_Bottle_01.prefab using Guid(6f4046d7967c3b74a88971615df168e4) Importer(815301076,1909f56bfc062723c751e8b465ee728b)  -> (artifact id: '2c63b1e30dbdd3b926e5375c2e8bf7d5') in 0.045664 seconds
Number of updated asset objects reloaded before import = 0
Number of asset objects unloaded after import = 13
========================================================================
Received Import Request.
  Time since last request: 0.000023 seconds.
  path: Assets/Visual/3D Models/PolygonApocalypse/Prefabs/Item/SM_Item_Bottle_01.prefab
  artifactKey: Guid(ce5e76ba17268e64783bd8d5212a8c02) Importer(815301076,1909f56bfc062723c751e8b465ee728b)
Start importing Assets/Visual/3D Models/PolygonApocalypse/Prefabs/Item/SM_Item_Bottle_01.prefab using Guid(ce5e76ba17268e64783bd8d5212a8c02) Importer(815301076,1909f56bfc062723c751e8b465ee728b)  -> (artifact id: '35825e9122c3c5de99aea52221e0cc00') in 0.044780 seconds
Number of updated asset objects reloaded before import = 0
Number of asset objects unloaded after import = 13
========================================================================
Received Import Request.
  Time since last request: 0.000021 seconds.
  path: Assets/Visual/3D Models/PolygonApocalypse/Prefabs/Item/SM_Item_Alcohol_06.prefab
  artifactKey: Guid(fa80349110d7b50418da3097608bb2a7) Importer(815301076,1909f56bfc062723c751e8b465ee728b)
Start importing Assets/Visual/3D Models/PolygonApocalypse/Prefabs/Item/SM_Item_Alcohol_06.prefab using Guid(fa80349110d7b50418da3097608bb2a7) Importer(815301076,1909f56bfc062723c751e8b465ee728b)  -> (artifact id: '90e8c21c225ebecd0b57f82603d8b84f') in 0.044691 seconds
Number of updated asset objects reloaded before import = 0
Number of asset objects unloaded after import = 13
========================================================================
Received Import Request.
  Time since last request: 0.000029 seconds.
  path: Assets/Visual/3D Models/PolygonApocalypse/Prefabs/Item/SM_Item_Ammo_Crate_01.prefab
  artifactKey: Guid(2fb12b997a3549a49a41cb4258122166) Importer(815301076,1909f56bfc062723c751e8b465ee728b)
Start importing Assets/Visual/3D Models/PolygonApocalypse/Prefabs/Item/SM_Item_Ammo_Crate_01.prefab using Guid(2fb12b997a3549a49a41cb4258122166) Importer(815301076,1909f56bfc062723c751e8b465ee728b)  -> (artifact id: '656ec6aab3aa8ccd94ad814636670c0f') in 0.045413 seconds
Number of updated asset objects reloaded before import = 0
Number of asset objects unloaded after import = 18
========================================================================
Received Import Request.
  Time since last request: 0.000029 seconds.
  path: Assets/Visual/3D Models/PolygonApocalypse/Prefabs/Item/SM_Item_Bullet_Shotgun_01.prefab
  artifactKey: Guid(c943f29a94dea64479cda2fd9c1ce107) Importer(815301076,1909f56bfc062723c751e8b465ee728b)
Start importing Assets/Visual/3D Models/PolygonApocalypse/Prefabs/Item/SM_Item_Bullet_Shotgun_01.prefab using Guid(c943f29a94dea64479cda2fd9c1ce107) Importer(815301076,1909f56bfc062723c751e8b465ee728b)  -> (artifact id: '1cf64ca0e71f7955a2cad054eafea3d0') in 0.048300 seconds
Number of updated asset objects reloaded before import = 0
Number of asset objects unloaded after import = 13
========================================================================
Received Import Request.
  Time since last request: 0.000027 seconds.
  path: Assets/Visual/3D Models/PolygonApocalypse/Prefabs/Item/SM_Item_Ammo_Crate_03.prefab
  artifactKey: Guid(3e929c997b3a59442a790eecab3edd7f) Importer(815301076,1909f56bfc062723c751e8b465ee728b)
Start importing Assets/Visual/3D Models/PolygonApocalypse/Prefabs/Item/SM_Item_Ammo_Crate_03.prefab using Guid(3e929c997b3a59442a790eecab3edd7f) Importer(815301076,1909f56bfc062723c751e8b465ee728b)  -> (artifact id: '9780330160d9e934f8cc734c9df61cdc') in 0.047448 seconds
Number of updated asset objects reloaded before import = 0
Number of asset objects unloaded after import = 18
========================================================================
Received Import Request.
  Time since last request: 0.000028 seconds.
  path: Assets/Visual/3D Models/PolygonApocalypse/Prefabs/Item/SM_Item_Can_02.prefab
  artifactKey: Guid(5f3d8b2c4e94c7647b280ab37c8452a4) Importer(815301076,1909f56bfc062723c751e8b465ee728b)
Start importing Assets/Visual/3D Models/PolygonApocalypse/Prefabs/Item/SM_Item_Can_02.prefab using Guid(5f3d8b2c4e94c7647b280ab37c8452a4) Importer(815301076,1909f56bfc062723c751e8b465ee728b)  -> (artifact id: '311d7219607ab3cc7812c57bd1a4329c') in 0.043240 seconds
Number of updated asset objects reloaded before import = 0
Number of asset objects unloaded after import = 13
========================================================================
Received Import Request.
  Time since last request: 0.000028 seconds.
  path: Assets/Visual/3D Models/PolygonApocalypse/Prefabs/Item/SM_Item_Binoculars_01.prefab
  artifactKey: Guid(1606171f5520cde4490b5bb029454b57) Importer(815301076,1909f56bfc062723c751e8b465ee728b)
Start importing Assets/Visual/3D Models/PolygonApocalypse/Prefabs/Item/SM_Item_Binoculars_01.prefab using Guid(1606171f5520cde4490b5bb029454b57) Importer(815301076,1909f56bfc062723c751e8b465ee728b)  -> (artifact id: '1a01ec757ccf1a601493ddcedc6eb42b') in 0.046573 seconds
Number of updated asset objects reloaded before import = 0
Number of asset objects unloaded after import = 13
========================================================================
Received Import Request.
  Time since last request: 0.000034 seconds.
  path: Assets/Visual/3D Models/PolygonApocalypse/Prefabs/Item/SM_Item_Log_02.prefab
  artifactKey: Guid(9fb49ad0440681b4493820bc697b4680) Importer(815301076,1909f56bfc062723c751e8b465ee728b)
Start importing Assets/Visual/3D Models/PolygonApocalypse/Prefabs/Item/SM_Item_Log_02.prefab using Guid(9fb49ad0440681b4493820bc697b4680) Importer(815301076,1909f56bfc062723c751e8b465ee728b)  -> (artifact id: '02ed8c4a334d3ba909c4cb0815ad5c46') in 0.042037 seconds
Number of updated asset objects reloaded before import = 0
Number of asset objects unloaded after import = 13
========================================================================
Received Import Request.
  Time since last request: 0.000044 seconds.
  path: Assets/Visual/3D Models/PolygonApocalypse/Prefabs/Item/SM_Item_Battery_02.prefab
  artifactKey: Guid(3227180798afcde40a94b36943725c6d) Importer(815301076,1909f56bfc062723c751e8b465ee728b)
Start importing Assets/Visual/3D Models/PolygonApocalypse/Prefabs/Item/SM_Item_Battery_02.prefab using Guid(3227180798afcde40a94b36943725c6d) Importer(815301076,1909f56bfc062723c751e8b465ee728b)  -> (artifact id: '3b881540ad20affc5f3325914c6bdfca') in 0.043472 seconds
Number of updated asset objects reloaded before import = 0
Number of asset objects unloaded after import = 13
========================================================================
Received Import Request.
  Time since last request: 0.000045 seconds.
  path: Assets/Visual/3D Models/PolygonApocalypse/Prefabs/Item/SM_Item_Compass_01.prefab
  artifactKey: Guid(f9bf4d782a1fbd54783d4d28c995240d) Importer(815301076,1909f56bfc062723c751e8b465ee728b)
Start importing Assets/Visual/3D Models/PolygonApocalypse/Prefabs/Item/SM_Item_Compass_01.prefab using Guid(f9bf4d782a1fbd54783d4d28c995240d) Importer(815301076,1909f56bfc062723c751e8b465ee728b)  -> (artifact id: '1819ce286186bc134445bbfd24e58cfd') in 0.042929 seconds
Number of updated asset objects reloaded before import = 0
Number of asset objects unloaded after import = 23
========================================================================
Received Import Request.
  Time since last request: 0.000020 seconds.
  path: Assets/Visual/3D Models/PolygonApocalypse/Prefabs/Item/SM_Item_Frypan_02.prefab
  artifactKey: Guid(03d5098d00509404aa5d44447a56a381) Importer(815301076,1909f56bfc062723c751e8b465ee728b)
Start importing Assets/Visual/3D Models/PolygonApocalypse/Prefabs/Item/SM_Item_Frypan_02.prefab using Guid(03d5098d00509404aa5d44447a56a381) Importer(815301076,1909f56bfc062723c751e8b465ee728b)  -> (artifact id: '21794686c1761b40b40dcbadf9f284b5') in 0.050040 seconds
Number of updated asset objects reloaded before import = 0
Number of asset objects unloaded after import = 13
========================================================================
Received Import Request.
  Time since last request: 0.000033 seconds.
  path: Assets/Visual/3D Models/PolygonApocalypse/Prefabs/Item/SM_Item_Log_01.prefab
  artifactKey: Guid(76268956b264f0146950f405edf04c42) Importer(815301076,1909f56bfc062723c751e8b465ee728b)
Start importing Assets/Visual/3D Models/PolygonApocalypse/Prefabs/Item/SM_Item_Log_01.prefab using Guid(76268956b264f0146950f405edf04c42) Importer(815301076,1909f56bfc062723c751e8b465ee728b)  -> (artifact id: '57dcfefecb17a68e669f2008ee1feb3e') in 0.046569 seconds
Number of updated asset objects reloaded before import = 0
Number of asset objects unloaded after import = 13
========================================================================
Received Import Request.
  Time since last request: 2.071941 seconds.
  path: Assets/Visual/Animation/Universal_Traversal_Anims/Art/Animations/In_Place_Versions/AnimSeq_Traversal_BarSwing_ForwardAcross_SwingJump_FallingLoop.FBX
  artifactKey: Guid(7b6870d59f5941649a406556fec58054) Importer(815301076,1909f56bfc062723c751e8b465ee728b)
Start importing Assets/Visual/Animation/Universal_Traversal_Anims/Art/Animations/In_Place_Versions/AnimSeq_Traversal_BarSwing_ForwardAcross_SwingJump_FallingLoop.FBX using Guid(7b6870d59f5941649a406556fec58054) Importer(815301076,1909f56bfc062723c751e8b465ee728b)  -> (artifact id: 'b88968192e39467861462b4527351f93') in 0.006621 seconds
Number of updated asset objects reloaded before import = 0
Number of asset objects unloaded after import = 141
========================================================================
Received Import Request.
  Time since last request: 0.000015 seconds.
  path: Assets/TextMesh Pro/Examples & Extras/Resources/Fonts & Materials/Bangers SDF Glow.mat
  artifactKey: Guid(d75b8f41e959450c84ac6e967084d3e1) Importer(815301076,1909f56bfc062723c751e8b465ee728b)
Start importing Assets/TextMesh Pro/Examples & Extras/Resources/Fonts & Materials/Bangers SDF Glow.mat using Guid(d75b8f41e959450c84ac6e967084d3e1) Importer(815301076,1909f56bfc062723c751e8b465ee728b)  -> (artifact id: 'b7802caf8a6966625258665618ef83ec') in 0.127199 seconds
Number of updated asset objects reloaded before import = 0
Number of asset objects unloaded after import = 3
========================================================================
Received Import Request.
  Time since last request: 0.000029 seconds.
  path: Assets/Visual/3D Models/PolygonApocalypse/Models/Convex/SM_Prop_Globe_01_Convex.asset
  artifactKey: Guid(090fb5f7f195a3340b7198795c16f45f) Importer(815301076,1909f56bfc062723c751e8b465ee728b)
Start importing Assets/Visual/3D Models/PolygonApocalypse/Models/Convex/SM_Prop_Globe_01_Convex.asset using Guid(090fb5f7f195a3340b7198795c16f45f) Importer(815301076,1909f56bfc062723c751e8b465ee728b)  -> (artifact id: 'bd0c4aa87c64b52dbb505a2425220864') in 0.022701 seconds
Number of updated asset objects reloaded before import = 0
Number of asset objects unloaded after import = 3
========================================================================
Received Import Request.
  Time since last request: 8.525557 seconds.
  path: Assets/Visual/3D Models/PolygonApocalypse/Prefabs/Item/SM_Item_Stick_01.prefab
  artifactKey: Guid(6cf91da3d004a0b4096c83c7a865dfec) Importer(815301076,1909f56bfc062723c751e8b465ee728b)
Start importing Assets/Visual/3D Models/PolygonApocalypse/Prefabs/Item/SM_Item_Stick_01.prefab using Guid(6cf91da3d004a0b4096c83c7a865dfec) Importer(815301076,1909f56bfc062723c751e8b465ee728b)  -> (artifact id: '819f59ec18cf1069174b8c61b48bda03') in 0.049755 seconds
Number of updated asset objects reloaded before import = 0
Number of asset objects unloaded after import = 13
========================================================================
Received Import Request.
  Time since last request: 0.000023 seconds.
  path: Assets/Visual/3D Models/PolygonApocalypse/Models/SM_Prop_Barrier_Plastic_02.fbx
  artifactKey: Guid(fc8f3496574dd274489ae2655fe3cba9) Importer(815301076,1909f56bfc062723c751e8b465ee728b)
Start importing Assets/Visual/3D Models/PolygonApocalypse/Models/SM_Prop_Barrier_Plastic_02.fbx using Guid(fc8f3496574dd274489ae2655fe3cba9) Importer(815301076,1909f56bfc062723c751e8b465ee728b)  -> (artifact id: '20aa4cfa827e3801ff70cd5fc00ede34') in 0.015084 seconds
Number of updated asset objects reloaded before import = 0
Number of asset objects unloaded after import = 7
========================================================================
Received Import Request.
  Time since last request: 0.000014 seconds.
  path: Assets/Visual/3D Models/PolygonSciFiCity/Models/SM_Prop_Barrier_Plastic_03_Convex.asset
  artifactKey: Guid(ae26f35193544784bbe2aff4e364d82e) Importer(815301076,1909f56bfc062723c751e8b465ee728b)
Start importing Assets/Visual/3D Models/PolygonSciFiCity/Models/SM_Prop_Barrier_Plastic_03_Convex.asset using Guid(ae26f35193544784bbe2aff4e364d82e) Importer(815301076,1909f56bfc062723c751e8b465ee728b)  -> (artifact id: 'de274375dc739c7d9f3d461885389fce') in 0.012248 seconds
Number of updated asset objects reloaded before import = 0
Number of asset objects unloaded after import = 3
========================================================================
Received Import Request.
  Time since last request: 0.000023 seconds.
  path: Assets/Visual/3D Models/PolygonApocalypse/Models/Convex/SM_Prop_Barrier_Plastic_02_Convex.asset
  artifactKey: Guid(331d0a701e8f8304aaf1033a48f33610) Importer(815301076,1909f56bfc062723c751e8b465ee728b)
Start importing Assets/Visual/3D Models/PolygonApocalypse/Models/Convex/SM_Prop_Barrier_Plastic_02_Convex.asset using Guid(331d0a701e8f8304aaf1033a48f33610) Importer(815301076,1909f56bfc062723c751e8b465ee728b)  -> (artifact id: 'b1cc9ccde996a231c4d278380e386489') in 0.009975 seconds
Number of updated asset objects reloaded before import = 0
Number of asset objects unloaded after import = 3
========================================================================
Received Import Request.
  Time since last request: 0.000028 seconds.
  path: Assets/Visual/3D Models/PolygonSciFiCity/Models/SM_Prop_Barrier_Plastic_02.fbx
  artifactKey: Guid(ef9137cfabbb7c24a9065ba826c40c51) Importer(815301076,1909f56bfc062723c751e8b465ee728b)
Start importing Assets/Visual/3D Models/PolygonSciFiCity/Models/SM_Prop_Barrier_Plastic_02.fbx using Guid(ef9137cfabbb7c24a9065ba826c40c51) Importer(815301076,1909f56bfc062723c751e8b465ee728b)  -> (artifact id: '70d142e22faf348872456cf32635c236') in 0.015450 seconds
Number of updated asset objects reloaded before import = 0
Number of asset objects unloaded after import = 9
========================================================================
Received Import Request.
  Time since last request: 0.000035 seconds.
  path: Assets/Visual/3D Models/PolygonApocalypse/Prefabs/Item/SM_Item_Stick_02.prefab
  artifactKey: Guid(7135daec5c9f4834bb09e3b1683b9746) Importer(815301076,1909f56bfc062723c751e8b465ee728b)
Start importing Assets/Visual/3D Models/PolygonApocalypse/Prefabs/Item/SM_Item_Stick_02.prefab using Guid(7135daec5c9f4834bb09e3b1683b9746) Importer(815301076,1909f56bfc062723c751e8b465ee728b)  -> (artifact id: '7c5635c5a207c61c306be1abee1e1266') in 0.047303 seconds
Number of updated asset objects reloaded before import = 0
Number of asset objects unloaded after import = 13
========================================================================
Received Import Request.
  Time since last request: 0.000030 seconds.
  path: Assets/Visual/3D Models/PolygonApocalypse/Models/SM_Prop_GraveStick_01.fbx
  artifactKey: Guid(cb772cd596348e84593b4abca8ca95e2) Importer(815301076,1909f56bfc062723c751e8b465ee728b)
Start importing Assets/Visual/3D Models/PolygonApocalypse/Models/SM_Prop_GraveStick_01.fbx using Guid(cb772cd596348e84593b4abca8ca95e2) Importer(815301076,1909f56bfc062723c751e8b465ee728b)  -> (artifact id: '1f5e24e7c0490aa5f45480c4b633e84f') in 0.029088 seconds
Number of updated asset objects reloaded before import = 0
Number of asset objects unloaded after import = 12
========================================================================
Received Import Request.
  Time since last request: 0.000027 seconds.
  path: Assets/Visual/3D Models/PolygonApocalypse/Models/Convex/SM_Prop_Chair_Plastic_01_Convex.asset
  artifactKey: Guid(b195efe98dd3b7044bbad5ed50ed1dab) Importer(815301076,1909f56bfc062723c751e8b465ee728b)
Start importing Assets/Visual/3D Models/PolygonApocalypse/Models/Convex/SM_Prop_Chair_Plastic_01_Convex.asset using Guid(b195efe98dd3b7044bbad5ed50ed1dab) Importer(815301076,1909f56bfc062723c751e8b465ee728b)  -> (artifact id: '98cb61d35e06eb1e3dcc7fdb1dadf094') in 0.010788 seconds
Number of updated asset objects reloaded before import = 0
Number of asset objects unloaded after import = 3
========================================================================
Received Import Request.
  Time since last request: 0.000025 seconds.
  path: Assets/Visual/3D Models/PolygonSciFiCity/Models/SM_Prop_Barrier_Plastic_01_Convex.asset
  artifactKey: Guid(dc088e10551c2dc4d98d450ca39889c8) Importer(815301076,1909f56bfc062723c751e8b465ee728b)
Start importing Assets/Visual/3D Models/PolygonSciFiCity/Models/SM_Prop_Barrier_Plastic_01_Convex.asset using Guid(dc088e10551c2dc4d98d450ca39889c8) Importer(815301076,1909f56bfc062723c751e8b465ee728b)  -> (artifact id: '2a8c53622bcb81912ac2e202d58608f9') in 0.009004 seconds
Number of updated asset objects reloaded before import = 0
Number of asset objects unloaded after import = 3
========================================================================
Received Import Request.
  Time since last request: 0.000015 seconds.
  path: Assets/Visual/3D Models/PolygonSciFiCity/Models/SM_Prop_Barrier_Plastic_02_Convex.asset
  artifactKey: Guid(1b362c2553e48e548a734e806a7cc314) Importer(815301076,1909f56bfc062723c751e8b465ee728b)
Start importing Assets/Visual/3D Models/PolygonSciFiCity/Models/SM_Prop_Barrier_Plastic_02_Convex.asset using Guid(1b362c2553e48e548a734e806a7cc314) Importer(815301076,1909f56bfc062723c751e8b465ee728b)  -> (artifact id: 'fe6c56735ee7e9d1f35852a1af23cd9c') in 0.006806 seconds
Number of updated asset objects reloaded before import = 0
Number of asset objects unloaded after import = 3
========================================================================
Received Import Request.
  Time since last request: 0.000022 seconds.
  path: Assets/Visual/3D Models/PolygonApocalypse/Models/SM_Item_Stick_02.fbx
  artifactKey: Guid(7c867d61bb6f8ab4fb8c866f1d71835b) Importer(815301076,1909f56bfc062723c751e8b465ee728b)
Start importing Assets/Visual/3D Models/PolygonApocalypse/Models/SM_Item_Stick_02.fbx using Guid(7c867d61bb6f8ab4fb8c866f1d71835b) Importer(815301076,1909f56bfc062723c751e8b465ee728b)  -> (artifact id: '3e23d3dce345167bcf73fff4059522a1') in 0.014112 seconds
Number of updated asset objects reloaded before import = 0
Number of asset objects unloaded after import = 7
========================================================================
Received Import Request.
  Time since last request: 0.000022 seconds.
  path: Assets/Visual/3D Models/PolygonApocalypse/Models/Convex/SM_Prop_Barrier_Plastic_01_Convex.asset
  artifactKey: Guid(5843c196530bde34cabbb84f908b278b) Importer(815301076,1909f56bfc062723c751e8b465ee728b)
Start importing Assets/Visual/3D Models/PolygonApocalypse/Models/Convex/SM_Prop_Barrier_Plastic_01_Convex.asset using Guid(5843c196530bde34cabbb84f908b278b) Importer(815301076,1909f56bfc062723c751e8b465ee728b)  -> (artifact id: '690e4a09457540f5e0969ab7b3b711da') in 0.009821 seconds
Number of updated asset objects reloaded before import = 0
Number of asset objects unloaded after import = 3
========================================================================
Received Import Request.
  Time since last request: 15.969090 seconds.
  path: Assets/Visual/3D Models/PolygonApocalypse/Prefabs/Item/SM_Item_Log_03.prefab
  artifactKey: Guid(d4ba06f688ca5c9489d121c2497c63f3) Importer(815301076,1909f56bfc062723c751e8b465ee728b)
Start importing Assets/Visual/3D Models/PolygonApocalypse/Prefabs/Item/SM_Item_Log_03.prefab using Guid(d4ba06f688ca5c9489d121c2497c63f3) Importer(815301076,1909f56bfc062723c751e8b465ee728b)  -> (artifact id: 'ec279c6329346a59876aeef13f563d93') in 0.064498 seconds
Number of updated asset objects reloaded before import = 0
Number of asset objects unloaded after import = 13
========================================================================
Received Import Request.
  Time since last request: 0.000015 seconds.
  path: Assets/Visual/3D Models/PolygonApocalypse/Prefabs/Item/SM_Item_ToiletRoll_02.prefab
  artifactKey: Guid(5e02962de0aa81648a245e28f4bf1d13) Importer(815301076,1909f56bfc062723c751e8b465ee728b)
Start importing Assets/Visual/3D Models/PolygonApocalypse/Prefabs/Item/SM_Item_ToiletRoll_02.prefab using Guid(5e02962de0aa81648a245e28f4bf1d13) Importer(815301076,1909f56bfc062723c751e8b465ee728b)  -> (artifact id: 'b76f0f7e1b2f0fa0fd722a845d07d640') in 0.067549 seconds
Number of updated asset objects reloaded before import = 0
Number of asset objects unloaded after import = 13
========================================================================
Received Import Request.
  Time since last request: 0.000029 seconds.
  path: Assets/Visual/3D Models/PolygonApocalypse/Prefabs/Item/SM_Item_Shop_Goods_05.prefab
  artifactKey: Guid(ab6b2e9a5dc580c4cb20b6d5016290aa) Importer(815301076,1909f56bfc062723c751e8b465ee728b)
Start importing Assets/Visual/3D Models/PolygonApocalypse/Prefabs/Item/SM_Item_Shop_Goods_05.prefab using Guid(ab6b2e9a5dc580c4cb20b6d5016290aa) Importer(815301076,1909f56bfc062723c751e8b465ee728b)  -> (artifact id: 'f1e5f7bbb3b78af1beced6d2ec9186b7') in 0.056770 seconds
Number of updated asset objects reloaded before import = 0
Number of asset objects unloaded after import = 13
========================================================================
Received Import Request.
  Time since last request: 0.000033 seconds.
  path: Assets/Visual/3D Models/PolygonApocalypse/Prefabs/Item/SM_Item_Tape_01.prefab
  artifactKey: Guid(e228fc92e8af2974b932665a3d01b206) Importer(815301076,1909f56bfc062723c751e8b465ee728b)
Start importing Assets/Visual/3D Models/PolygonApocalypse/Prefabs/Item/SM_Item_Tape_01.prefab using Guid(e228fc92e8af2974b932665a3d01b206) Importer(815301076,1909f56bfc062723c751e8b465ee728b)  -> (artifact id: 'e037caa757179f83b87f8aa68dc3b95f') in 0.048544 seconds
Number of updated asset objects reloaded before import = 0
Number of asset objects unloaded after import = 13
========================================================================
Received Import Request.
  Time since last request: 0.000041 seconds.
  path: Assets/Visual/3D Models/PolygonApocalypse/Prefabs/Item/SM_Item_Phone_01.prefab
  artifactKey: Guid(ff326a8950a52c04f9899c4f86fde8e9) Importer(815301076,1909f56bfc062723c751e8b465ee728b)
Start importing Assets/Visual/3D Models/PolygonApocalypse/Prefabs/Item/SM_Item_Phone_01.prefab using Guid(ff326a8950a52c04f9899c4f86fde8e9) Importer(815301076,1909f56bfc062723c751e8b465ee728b)  -> (artifact id: '39fb45c6fcab074173e3fab4b61cd038') in 0.048226 seconds
Number of updated asset objects reloaded before import = 0
Number of asset objects unloaded after import = 13
========================================================================
Received Import Request.
  Time since last request: 0.000035 seconds.
  path: Assets/Visual/3D Models/PolygonApocalypse/Prefabs/Item/SM_Item_Pills_01.prefab
  artifactKey: Guid(07973e2f008580343949b7f8c06cf72c) Importer(815301076,1909f56bfc062723c751e8b465ee728b)
Start importing Assets/Visual/3D Models/PolygonApocalypse/Prefabs/Item/SM_Item_Pills_01.prefab using Guid(07973e2f008580343949b7f8c06cf72c) Importer(815301076,1909f56bfc062723c751e8b465ee728b)  -> (artifact id: '10da9a31bc4e352d8a3d37aed6cdf4af') in 0.047308 seconds
Number of updated asset objects reloaded before import = 0
Number of asset objects unloaded after import = 13
========================================================================
Received Import Request.
  Time since last request: 0.000043 seconds.
  path: Assets/Visual/3D Models/PolygonApocalypse/Prefabs/Item/SM_Item_Mushroom_01.prefab
  artifactKey: Guid(dd5b1361103cd5645bbabbef12b1a8f7) Importer(815301076,1909f56bfc062723c751e8b465ee728b)
Start importing Assets/Visual/3D Models/PolygonApocalypse/Prefabs/Item/SM_Item_Mushroom_01.prefab using Guid(dd5b1361103cd5645bbabbef12b1a8f7) Importer(815301076,1909f56bfc062723c751e8b465ee728b)  -> (artifact id: 'f9c57ed12eb06badf197f3449df12ede') in 0.042735 seconds
Number of updated asset objects reloaded before import = 0
Number of asset objects unloaded after import = 13
========================================================================
Received Import Request.
  Time since last request: 0.000035 seconds.
  path: Assets/Visual/3D Models/PolygonApocalypse/Prefabs/Item/SM_Item_Shop_Goods_06.prefab
  artifactKey: Guid(2331879b8535535498df91c50ee7b9ec) Importer(815301076,1909f56bfc062723c751e8b465ee728b)
Start importing Assets/Visual/3D Models/PolygonApocalypse/Prefabs/Item/SM_Item_Shop_Goods_06.prefab using Guid(2331879b8535535498df91c50ee7b9ec) Importer(815301076,1909f56bfc062723c751e8b465ee728b)  -> (artifact id: 'e4f284513fc3246d4c32d8d86b43056c') in 0.047199 seconds
Number of updated asset objects reloaded before import = 0
Number of asset objects unloaded after import = 13
========================================================================
Received Import Request.
  Time since last request: 0.000049 seconds.
  path: Assets/Visual/3D Models/PolygonApocalypse/Prefabs/Item/SM_Item_MouseTrap_01.prefab
  artifactKey: Guid(5be370ff488cc784892a4558c1f79633) Importer(815301076,1909f56bfc062723c751e8b465ee728b)
Start importing Assets/Visual/3D Models/PolygonApocalypse/Prefabs/Item/SM_Item_MouseTrap_01.prefab using Guid(5be370ff488cc784892a4558c1f79633) Importer(815301076,1909f56bfc062723c751e8b465ee728b)  -> (artifact id: '249cae0f9c2cb62ee91e53bab0211980') in 0.044292 seconds
Number of updated asset objects reloaded before import = 0
Number of asset objects unloaded after import = 13
========================================================================
Received Import Request.
  Time since last request: 20.252596 seconds.
  path: Assets/TextMesh Pro/Examples & Extras/Textures/Gradient Diagonal (Color).jpg
  artifactKey: Guid(2ce5c55e85304b819a1826ecbc839aa5) Importer(815301076,1909f56bfc062723c751e8b465ee728b)
Start importing Assets/TextMesh Pro/Examples & Extras/Textures/Gradient Diagonal (Color).jpg using Guid(2ce5c55e85304b819a1826ecbc839aa5) Importer(815301076,1909f56bfc062723c751e8b465ee728b)  -> (artifact id: 'ee8733f2ead0bc05be7f501401946009') in 0.018154 seconds
Number of updated asset objects reloaded before import = 0
Number of asset objects unloaded after import = 2
========================================================================
Received Import Request.
  Time since last request: 72.311874 seconds.
  path: Assets/Visual/Material/Glow.mat
  artifactKey: Guid(41bd99eb76ebe4b46b8233715f075c85) Importer(815301076,1909f56bfc062723c751e8b465ee728b)
Start importing Assets/Visual/Material/Glow.mat using Guid(41bd99eb76ebe4b46b8233715f075c85) Importer(815301076,1909f56bfc062723c751e8b465ee728b)  -> (artifact id: '3d71d415865418c52631db8dc4925832') in 0.217382 seconds
Number of updated asset objects reloaded before import = 0
Number of asset objects unloaded after import = 1
========================================================================
Received Import Request.
  Time since last request: 95.896006 seconds.
  path: Assets/Visual/Material
  artifactKey: Guid(7454b4fbf6d1bb14eac3ca99aa87e38d) Importer(815301076,1909f56bfc062723c751e8b465ee728b)
Start importing Assets/Visual/Material using Guid(7454b4fbf6d1bb14eac3ca99aa87e38d) Importer(815301076,1909f56bfc062723c751e8b465ee728b)  -> (artifact id: '5d499bccd1158173f475e96591d695c3') in 0.000701 seconds
Number of updated asset objects reloaded before import = 0
Number of asset objects unloaded after import = 0
========================================================================
Received Import Request.
  Time since last request: 65.106729 seconds.
  path: Assets/TextMesh Pro/Examples & Extras/Resources/Fonts & Materials/Anton SDF.asset
  artifactKey: Guid(8a89fa14b10d46a99122fd4f73fca9a2) Importer(815301076,1909f56bfc062723c751e8b465ee728b)
Start importing Assets/TextMesh Pro/Examples & Extras/Resources/Fonts & Materials/Anton SDF.asset using Guid(8a89fa14b10d46a99122fd4f73fca9a2) Importer(815301076,1909f56bfc062723c751e8b465ee728b)  -> (artifact id: '0f07e31006cf5c240929ab1921e7a80c') in 0.036448 seconds
Number of updated asset objects reloaded before import = 0
Number of asset objects unloaded after import = 6
========================================================================
Received Import Request.
  Time since last request: 0.000029 seconds.
  path: Assets/TextMesh Pro/Examples & Extras/Textures/Brushed Metal 3.jpg
  artifactKey: Guid(f88677df267a41d6be1e7a6133e7d227) Importer(815301076,1909f56bfc062723c751e8b465ee728b)
Start importing Assets/TextMesh Pro/Examples & Extras/Textures/Brushed Metal 3.jpg using Guid(f88677df267a41d6be1e7a6133e7d227) Importer(815301076,1909f56bfc062723c751e8b465ee728b)  -> (artifact id: '4cff9bd1ff40e5021b3daa2e738f1adf') in 0.019687 seconds
Number of updated asset objects reloaded before import = 0
Number of asset objects unloaded after import = 2
========================================================================
Received Import Request.
  Time since last request: 0.000086 seconds.
  path: Assets/Visual/3D Models/PolygonApocalypse/Textures/Misc/Billboard.png
  artifactKey: Guid(53ee4989e9d53da4fa401d982056ec64) Importer(815301076,1909f56bfc062723c751e8b465ee728b)
Start importing Assets/Visual/3D Models/PolygonApocalypse/Textures/Misc/Billboard.png using Guid(53ee4989e9d53da4fa401d982056ec64) Importer(815301076,1909f56bfc062723c751e8b465ee728b)  -> (artifact id: '5c9c8b4e6c34a3b69b01fc6aed9f2fbb') in 0.022543 seconds
Number of updated asset objects reloaded before import = 0
Number of asset objects unloaded after import = 2
========================================================================
Received Import Request.
  Time since last request: 0.000018 seconds.
  path: Assets/Visual/3D Models/PolygonSciFiCity/Textures/Billboards.png
  artifactKey: Guid(38a598abad0b85e46b9cae203fb2f6b2) Importer(815301076,1909f56bfc062723c751e8b465ee728b)
Start importing Assets/Visual/3D Models/PolygonSciFiCity/Textures/Billboards.png using Guid(38a598abad0b85e46b9cae203fb2f6b2) Importer(815301076,1909f56bfc062723c751e8b465ee728b)  -> (artifact id: '2d666ce2cbc3e7ff64a6506212faed8e') in 0.016035 seconds
Number of updated asset objects reloaded before import = 0
Number of asset objects unloaded after import = 2
========================================================================
Received Import Request.
  Time since last request: 1.299319 seconds.
  path: Assets/TextMesh Pro/Examples & Extras/Sprites/Default Sprites.png
  artifactKey: Guid(a0fc465d6cf04254a2938578735e2383) Importer(815301076,1909f56bfc062723c751e8b465ee728b)
Start importing Assets/TextMesh Pro/Examples & Extras/Sprites/Default Sprites.png using Guid(a0fc465d6cf04254a2938578735e2383) Importer(815301076,1909f56bfc062723c751e8b465ee728b)  -> (artifact id: 'bac81f97756f5f81c0edf57c97d1747b') in 0.015186 seconds
Number of updated asset objects reloaded before import = 0
Number of asset objects unloaded after import = 2
========================================================================
Received Import Request.
  Time since last request: 0.027141 seconds.
  path: Assets/Visual/3D Models/PolygonApocalypse/Textures/Misc/Dirt_01.png
  artifactKey: Guid(78ca77e891b851e42bb0307eec17e241) Importer(815301076,1909f56bfc062723c751e8b465ee728b)
Start importing Assets/Visual/3D Models/PolygonApocalypse/Textures/Misc/Dirt_01.png using Guid(78ca77e891b851e42bb0307eec17e241) Importer(815301076,1909f56bfc062723c751e8b465ee728b)  -> (artifact id: '05f76cfda310883bed1467e32cca756c') in 0.013942 seconds
Number of updated asset objects reloaded before import = 0
Number of asset objects unloaded after import = 2
========================================================================
Received Import Request.
  Time since last request: 0.043120 seconds.
  path: Assets/TextMesh Pro/Examples & Extras/Resources/Fonts & Materials/Electronic Highway Sign SDF.asset
  artifactKey: Guid(dc36b3fdc14f47ebb36fd484a67e268a) Importer(815301076,1909f56bfc062723c751e8b465ee728b)
Start importing Assets/TextMesh Pro/Examples & Extras/Resources/Fonts & Materials/Electronic Highway Sign SDF.asset using Guid(dc36b3fdc14f47ebb36fd484a67e268a) Importer(815301076,1909f56bfc062723c751e8b465ee728b)  -> (artifact id: 'e00e997cc78f392cccb879129465ee68') in 0.011621 seconds
Number of updated asset objects reloaded before import = 0
Number of asset objects unloaded after import = 6
========================================================================
Received Import Request.
  Time since last request: 1.865694 seconds.
  path: Assets/Visual/3D Models/PolygonSciFiCity/Textures/Flash_Explosion.png
  artifactKey: Guid(f3b37575335bb3a4185571574378bb12) Importer(815301076,1909f56bfc062723c751e8b465ee728b)
Start importing Assets/Visual/3D Models/PolygonSciFiCity/Textures/Flash_Explosion.png using Guid(f3b37575335bb3a4185571574378bb12) Importer(815301076,1909f56bfc062723c751e8b465ee728b)  -> (artifact id: '5e39ca30bdda49bc623e5eb343cce5b6') in 0.012601 seconds
Number of updated asset objects reloaded before import = 0
Number of asset objects unloaded after import = 2
========================================================================
Received Import Request.
  Time since last request: 0.001358 seconds.
  path: Assets/TextMesh Pro/Examples & Extras/Textures/Floor Tiles 1 - diffuse.jpg
  artifactKey: Guid(85ac55597b97403c82fc6601a93cf241) Importer(815301076,1909f56bfc062723c751e8b465ee728b)
Start importing Assets/TextMesh Pro/Examples & Extras/Textures/Floor Tiles 1 - diffuse.jpg using Guid(85ac55597b97403c82fc6601a93cf241) Importer(815301076,1909f56bfc062723c751e8b465ee728b)  -> (artifact id: 'af4f9ab5e8315de3038cff4b6bcb99d1') in 0.015261 seconds
Number of updated asset objects reloaded before import = 0
Number of asset objects unloaded after import = 2
========================================================================
Received Import Request.
  Time since last request: 0.032352 seconds.
  path: Assets/TextMesh Pro/Examples & Extras/Fonts/Bangers.ttf
  artifactKey: Guid(5dd49b3eacc540408c98eee0de38e0f1) Importer(815301076,1909f56bfc062723c751e8b465ee728b)
Start importing Assets/TextMesh Pro/Examples & Extras/Fonts/Bangers.ttf using Guid(5dd49b3eacc540408c98eee0de38e0f1) Importer(815301076,1909f56bfc062723c751e8b465ee728b)  -> (artifact id: '878869d0b4a4293b898f7fbb9189ca37') in 0.025005 seconds
Number of updated asset objects reloaded before import = 0
Number of asset objects unloaded after import = 4
========================================================================
Received Prepare
Begin MonoManager ReloadAssembly
Symbol file LoadedFromMemory is not a mono symbol file
- Loaded All Assemblies, in  0.571 seconds
Refreshing native plugins compatible for Editor in 7.12 ms, found 3 plugins.
Native extension for WindowsStandalone target not found
Native extension for Android target not found
[Package Manager] Server::EnsureServerProcessIsRunning -- launch failed, reason: Unity was launched with the -noUpm command-line argument
[Package Manager] UpmClient::Send -- Unable to send message (not connected to UPM process).
[Package Manager] Cannot connect to Unity Package Manager local server
Mono: successfully reloaded assembly
- Finished resetting the current domain, in  1.393 seconds
Domain Reload Profiling: 1961ms
	BeginReloadAssembly (194ms)
		ExecutionOrderSort (0ms)
		DisableScriptedObjects (7ms)
		BackupInstance (0ms)
		ReleaseScriptingObjects (0ms)
		CreateAndSetChildDomain (45ms)
	RebuildCommonClasses (40ms)
	RebuildNativeTypeToScriptingClass (13ms)
	initialDomainReloadingComplete (42ms)
	LoadAllAssembliesAndSetupDomain (277ms)
		LoadAssemblies (359ms)
		RebuildTransferFunctionScriptingTraits (0ms)
		AnalyzeDomain (17ms)
			TypeCache.Refresh (7ms)
				TypeCache.ScanAssembly (0ms)
			ScanForSourceGeneratedMonoScriptInfo (0ms)
			ResolveRequiredComponents (8ms)
	FinalizeReload (1394ms)
		ReleaseScriptCaches (0ms)
		RebuildScriptCaches (0ms)
		SetupLoadedEditorAssemblies (683ms)
			LogAssemblyErrors (0ms)
			InitializePlatformSupportModulesInManaged (36ms)
			SetLoadedEditorAssemblies (7ms)
			RefreshPlugins (0ms)
			BeforeProcessingInitializeOnLoad (101ms)
			ProcessInitializeOnLoadAttributes (497ms)
			ProcessInitializeOnLoadMethodAttributes (32ms)
			AfterProcessingInitializeOnLoad (11ms)
			EditorAssembliesLoaded (0ms)
		ExecutionOrderSort2 (0ms)
		AwakeInstancesAfterBackupRestoration (10ms)
Refreshing native plugins compatible for Editor in 6.65 ms, found 3 plugins.
Preloading 0 native plugins for Editor in 0.00 ms.
Unloading 3807 Unused Serialized files (Serialized files now loaded: 0)
Unloading 38 unused Assets / (1.3 MB). Loaded Objects now: 4392.
Memory consumption went from 159.0 MB to 157.7 MB.
Total: 5.954500 ms (FindLiveObjects: 0.464300 ms CreateObjectMapping: 0.217700 ms MarkObjects: 4.832400 ms  DeleteObjects: 0.438500 ms)

Prepare: number of updated asset objects reloaded= 0
AssetImportParameters requested are different than current active one (requested -> active):
  custom:container-demuxer-ogg: 62fdf1f143b41e24485cea50d1cbac27 -> 
  custom:video-codec-MediaFoundation-h265: 746d11721c4dcdbdad8f713fa42b33f4 -> 
  custom:video-decoder-ogg-theora: a1e56fd34408186e4bbccfd4996cb3dc -> 
  custom:framework-win-MediaFoundation: 216162199b28c13a410421893ffa2e32 -> 
  custom:CustomObjectIndexerAttribute: 756ad292c208cfabdd7b50bc23989ffe -> 
  custom:container-demuxer-webm: 4f35f7cbe854078d1ac9338744f61a02 -> 
  custom:container-muxer-webm: aa71ff27fc2769a1b78a27578f13a17b -> 
  custom:video-decoder-webm-vp8: 9c59270c3fd7afecdb556c50c9e8de78 -> 
  custom:SearchIndexIgnoredProperties: e643bd26f0fe6173181afceb89e7c659 -> 
  custom:AudioImporter_EditorPlatform: d09bf68614088b80899f8185d706f6e7 -> 
  custom:video-encoder-webm-vp8: eb34c28f22e8b96e1ab97ce403110664 -> 
  custom:audio-decoder-ogg-vorbis: bf7c407c2cedff20999df2af8eb42d56 -> 
  custom:audio-encoder-webm-vorbis: bf7c407c2cedff20999df2af8eb42d56 -> 
  custom:scripting/monoscript/fileName/SimpleCameraController.cs: 9d5e45e836538af465ffb763b138c221 -> 639b45e76fa5fda920a92b90c69d9e74
========================================================================
Received Prepare
Begin MonoManager ReloadAssembly
Symbol file LoadedFromMemory is not a mono symbol file
- Loaded All Assemblies, in  0.611 seconds
Refreshing native plugins compatible for Editor in 5.68 ms, found 3 plugins.
Native extension for WindowsStandalone target not found
Native extension for Android target not found
[Package Manager] Server::EnsureServerProcessIsRunning -- launch failed, reason: Unity was launched with the -noUpm command-line argument
[Package Manager] UpmClient::Send -- Unable to send message (not connected to UPM process).
[Package Manager] Cannot connect to Unity Package Manager local server
Mono: successfully reloaded assembly
- Finished resetting the current domain, in  1.401 seconds
Domain Reload Profiling: 2006ms
	BeginReloadAssembly (192ms)
		ExecutionOrderSort (0ms)
		DisableScriptedObjects (5ms)
		BackupInstance (0ms)
		ReleaseScriptingObjects (0ms)
		CreateAndSetChildDomain (41ms)
	RebuildCommonClasses (45ms)
	RebuildNativeTypeToScriptingClass (14ms)
	initialDomainReloadingComplete (39ms)
	LoadAllAssembliesAndSetupDomain (316ms)
		LoadAssemblies (404ms)
		RebuildTransferFunctionScriptingTraits (0ms)
		AnalyzeDomain (18ms)
			TypeCache.Refresh (8ms)
				TypeCache.ScanAssembly (0ms)
			ScanForSourceGeneratedMonoScriptInfo (0ms)
			ResolveRequiredComponents (9ms)
	FinalizeReload (1401ms)
		ReleaseScriptCaches (0ms)
		RebuildScriptCaches (0ms)
		SetupLoadedEditorAssemblies (676ms)
			LogAssemblyErrors (0ms)
			InitializePlatformSupportModulesInManaged (36ms)
			SetLoadedEditorAssemblies (7ms)
			RefreshPlugins (0ms)
			BeforeProcessingInitializeOnLoad (99ms)
			ProcessInitializeOnLoadAttributes (491ms)
			ProcessInitializeOnLoadMethodAttributes (31ms)
			AfterProcessingInitializeOnLoad (11ms)
			EditorAssembliesLoaded (0ms)
		ExecutionOrderSort2 (0ms)
		AwakeInstancesAfterBackupRestoration (8ms)
Refreshing native plugins compatible for Editor in 5.68 ms, found 3 plugins.
Preloading 0 native plugins for Editor in 0.00 ms.
Unloading 3807 Unused Serialized files (Serialized files now loaded: 0)
Unloading 38 unused Assets / (1.3 MB). Loaded Objects now: 4407.
Memory consumption went from 160.9 MB to 159.6 MB.
Total: 6.140100 ms (FindLiveObjects: 0.300300 ms CreateObjectMapping: 0.132300 ms MarkObjects: 5.260500 ms  DeleteObjects: 0.445500 ms)

Prepare: number of updated asset objects reloaded= 0
AssetImportParameters requested are different than current active one (requested -> active):
  custom:container-demuxer-ogg: 62fdf1f143b41e24485cea50d1cbac27 -> 
  custom:video-codec-MediaFoundation-h265: 746d11721c4dcdbdad8f713fa42b33f4 -> 
  custom:video-decoder-ogg-theora: a1e56fd34408186e4bbccfd4996cb3dc -> 
  custom:framework-win-MediaFoundation: 216162199b28c13a410421893ffa2e32 -> 
  custom:CustomObjectIndexerAttribute: 756ad292c208cfabdd7b50bc23989ffe -> 
  custom:container-demuxer-webm: 4f35f7cbe854078d1ac9338744f61a02 -> 
  custom:container-muxer-webm: aa71ff27fc2769a1b78a27578f13a17b -> 
  custom:video-decoder-webm-vp8: 9c59270c3fd7afecdb556c50c9e8de78 -> 
  custom:SearchIndexIgnoredProperties: e643bd26f0fe6173181afceb89e7c659 -> 
  custom:AudioImporter_EditorPlatform: d09bf68614088b80899f8185d706f6e7 -> 
  custom:video-encoder-webm-vp8: eb34c28f22e8b96e1ab97ce403110664 -> 
  custom:audio-decoder-ogg-vorbis: bf7c407c2cedff20999df2af8eb42d56 -> 
  custom:audio-encoder-webm-vorbis: bf7c407c2cedff20999df2af8eb42d56 -> 
  custom:scripting/monoscript/fileName/SimpleCameraController.cs: 9d5e45e836538af465ffb763b138c221 -> 639b45e76fa5fda920a92b90c69d9e74
========================================================================
Received Prepare
Begin MonoManager ReloadAssembly
Symbol file LoadedFromMemory is not a mono symbol file
- Loaded All Assemblies, in  0.558 seconds
Refreshing native plugins compatible for Editor in 4.58 ms, found 3 plugins.
Native extension for WindowsStandalone target not found
Native extension for Android target not found
[Package Manager] Server::EnsureServerProcessIsRunning -- launch failed, reason: Unity was launched with the -noUpm command-line argument
[Package Manager] UpmClient::Send -- Unable to send message (not connected to UPM process).
[Package Manager] Cannot connect to Unity Package Manager local server
Mono: successfully reloaded assembly
- Finished resetting the current domain, in  1.442 seconds
Domain Reload Profiling: 1995ms
	BeginReloadAssembly (190ms)
		ExecutionOrderSort (0ms)
		DisableScriptedObjects (8ms)
		BackupInstance (0ms)
		ReleaseScriptingObjects (0ms)
		CreateAndSetChildDomain (51ms)
	RebuildCommonClasses (40ms)
	RebuildNativeTypeToScriptingClass (15ms)
	initialDomainReloadingComplete (44ms)
	LoadAllAssembliesAndSetupDomain (264ms)
		LoadAssemblies (340ms)
		RebuildTransferFunctionScriptingTraits (0ms)
		AnalyzeDomain (17ms)
			TypeCache.Refresh (6ms)
				TypeCache.ScanAssembly (0ms)
			ScanForSourceGeneratedMonoScriptInfo (0ms)
			ResolveRequiredComponents (9ms)
	FinalizeReload (1442ms)
		ReleaseScriptCaches (0ms)
		RebuildScriptCaches (0ms)
		SetupLoadedEditorAssemblies (714ms)
			LogAssemblyErrors (0ms)
			InitializePlatformSupportModulesInManaged (34ms)
			SetLoadedEditorAssemblies (7ms)
			RefreshPlugins (0ms)
			BeforeProcessingInitializeOnLoad (113ms)
			ProcessInitializeOnLoadAttributes (512ms)
			ProcessInitializeOnLoadMethodAttributes (37ms)
			AfterProcessingInitializeOnLoad (11ms)
			EditorAssembliesLoaded (0ms)
		ExecutionOrderSort2 (0ms)
		AwakeInstancesAfterBackupRestoration (10ms)
Refreshing native plugins compatible for Editor in 5.62 ms, found 3 plugins.
Preloading 0 native plugins for Editor in 0.00 ms.
Unloading 3807 Unused Serialized files (Serialized files now loaded: 0)
Unloading 38 unused Assets / (1.3 MB). Loaded Objects now: 4422.
Memory consumption went from 162.9 MB to 161.6 MB.
Total: 5.962300 ms (FindLiveObjects: 0.651700 ms CreateObjectMapping: 0.293500 ms MarkObjects: 4.544700 ms  DeleteObjects: 0.470700 ms)

Prepare: number of updated asset objects reloaded= 0
AssetImportParameters requested are different than current active one (requested -> active):
  custom:container-demuxer-ogg: 62fdf1f143b41e24485cea50d1cbac27 -> 
  custom:video-codec-MediaFoundation-h265: 746d11721c4dcdbdad8f713fa42b33f4 -> 
  custom:video-decoder-ogg-theora: a1e56fd34408186e4bbccfd4996cb3dc -> 
  custom:framework-win-MediaFoundation: 216162199b28c13a410421893ffa2e32 -> 
  custom:CustomObjectIndexerAttribute: 756ad292c208cfabdd7b50bc23989ffe -> 
  custom:container-demuxer-webm: 4f35f7cbe854078d1ac9338744f61a02 -> 
  custom:container-muxer-webm: aa71ff27fc2769a1b78a27578f13a17b -> 
  custom:video-decoder-webm-vp8: 9c59270c3fd7afecdb556c50c9e8de78 -> 
  custom:SearchIndexIgnoredProperties: e643bd26f0fe6173181afceb89e7c659 -> 
  custom:AudioImporter_EditorPlatform: d09bf68614088b80899f8185d706f6e7 -> 
  custom:video-encoder-webm-vp8: eb34c28f22e8b96e1ab97ce403110664 -> 
  custom:audio-decoder-ogg-vorbis: bf7c407c2cedff20999df2af8eb42d56 -> 
  custom:audio-encoder-webm-vorbis: bf7c407c2cedff20999df2af8eb42d56 -> 
  custom:scripting/monoscript/fileName/SimpleCameraController.cs: 9d5e45e836538af465ffb763b138c221 -> 639b45e76fa5fda920a92b90c69d9e74
========================================================================
Received Prepare
Begin MonoManager ReloadAssembly
Symbol file LoadedFromMemory is not a mono symbol file
- Loaded All Assemblies, in  0.700 seconds
Refreshing native plugins compatible for Editor in 6.30 ms, found 3 plugins.
Native extension for WindowsStandalone target not found
Native extension for Android target not found
[Package Manager] Server::EnsureServerProcessIsRunning -- launch failed, reason: Unity was launched with the -noUpm command-line argument
[Package Manager] UpmClient::Send -- Unable to send message (not connected to UPM process).
[Package Manager] Cannot connect to Unity Package Manager local server
Mono: successfully reloaded assembly
- Finished resetting the current domain, in  1.463 seconds
Domain Reload Profiling: 2159ms
	BeginReloadAssembly (208ms)
		ExecutionOrderSort (0ms)
		DisableScriptedObjects (8ms)
		BackupInstance (0ms)
		ReleaseScriptingObjects (0ms)
		CreateAndSetChildDomain (51ms)
	RebuildCommonClasses (47ms)
	RebuildNativeTypeToScriptingClass (15ms)
	initialDomainReloadingComplete (40ms)
	LoadAllAssembliesAndSetupDomain (387ms)
		LoadAssemblies (473ms)
		RebuildTransferFunctionScriptingTraits (0ms)
		AnalyzeDomain (19ms)
			TypeCache.Refresh (7ms)
				TypeCache.ScanAssembly (0ms)
			ScanForSourceGeneratedMonoScriptInfo (0ms)
			ResolveRequiredComponents (9ms)
	FinalizeReload (1463ms)
		ReleaseScriptCaches (0ms)
		RebuildScriptCaches (0ms)
		SetupLoadedEditorAssemblies (708ms)
			LogAssemblyErrors (0ms)
			InitializePlatformSupportModulesInManaged (37ms)
			SetLoadedEditorAssemblies (7ms)
			RefreshPlugins (0ms)
			BeforeProcessingInitializeOnLoad (103ms)
			ProcessInitializeOnLoadAttributes (511ms)
			ProcessInitializeOnLoadMethodAttributes (37ms)
			AfterProcessingInitializeOnLoad (13ms)
			EditorAssembliesLoaded (0ms)
		ExecutionOrderSort2 (0ms)
		AwakeInstancesAfterBackupRestoration (7ms)
Refreshing native plugins compatible for Editor in 6.32 ms, found 3 plugins.
Preloading 0 native plugins for Editor in 0.00 ms.
Unloading 3807 Unused Serialized files (Serialized files now loaded: 0)
Unloading 38 unused Assets / (1.3 MB). Loaded Objects now: 4437.
Memory consumption went from 164.8 MB to 163.5 MB.
Total: 5.741500 ms (FindLiveObjects: 0.322600 ms CreateObjectMapping: 0.123700 ms MarkObjects: 4.815900 ms  DeleteObjects: 0.478100 ms)

Prepare: number of updated asset objects reloaded= 0
AssetImportParameters requested are different than current active one (requested -> active):
  custom:container-demuxer-ogg: 62fdf1f143b41e24485cea50d1cbac27 -> 
  custom:video-codec-MediaFoundation-h265: 746d11721c4dcdbdad8f713fa42b33f4 -> 
  custom:video-decoder-ogg-theora: a1e56fd34408186e4bbccfd4996cb3dc -> 
  custom:framework-win-MediaFoundation: 216162199b28c13a410421893ffa2e32 -> 
  custom:CustomObjectIndexerAttribute: 756ad292c208cfabdd7b50bc23989ffe -> 
  custom:container-demuxer-webm: 4f35f7cbe854078d1ac9338744f61a02 -> 
  custom:container-muxer-webm: aa71ff27fc2769a1b78a27578f13a17b -> 
  custom:video-decoder-webm-vp8: 9c59270c3fd7afecdb556c50c9e8de78 -> 
  custom:SearchIndexIgnoredProperties: e643bd26f0fe6173181afceb89e7c659 -> 
  custom:AudioImporter_EditorPlatform: d09bf68614088b80899f8185d706f6e7 -> 
  custom:video-encoder-webm-vp8: eb34c28f22e8b96e1ab97ce403110664 -> 
  custom:audio-decoder-ogg-vorbis: bf7c407c2cedff20999df2af8eb42d56 -> 
  custom:audio-encoder-webm-vorbis: bf7c407c2cedff20999df2af8eb42d56 -> 
  custom:scripting/monoscript/fileName/SimpleCameraController.cs: 9d5e45e836538af465ffb763b138c221 -> 639b45e76fa5fda920a92b90c69d9e74
========================================================================
Received Prepare
Begin MonoManager ReloadAssembly
Symbol file LoadedFromMemory is not a mono symbol file
- Loaded All Assemblies, in  0.545 seconds
Refreshing native plugins compatible for Editor in 5.63 ms, found 3 plugins.
Native extension for WindowsStandalone target not found
Native extension for Android target not found
[Package Manager] Server::EnsureServerProcessIsRunning -- launch failed, reason: Unity was launched with the -noUpm command-line argument
[Package Manager] UpmClient::Send -- Unable to send message (not connected to UPM process).
[Package Manager] Cannot connect to Unity Package Manager local server
Mono: successfully reloaded assembly
- Finished resetting the current domain, in  1.344 seconds
Domain Reload Profiling: 1884ms
	BeginReloadAssembly (172ms)
		ExecutionOrderSort (0ms)
		DisableScriptedObjects (6ms)
		BackupInstance (0ms)
		ReleaseScriptingObjects (0ms)
		CreateAndSetChildDomain (40ms)
	RebuildCommonClasses (55ms)
	RebuildNativeTypeToScriptingClass (13ms)
	initialDomainReloadingComplete (43ms)
	LoadAllAssembliesAndSetupDomain (255ms)
		LoadAssemblies (326ms)
		RebuildTransferFunctionScriptingTraits (0ms)
		AnalyzeDomain (17ms)
			TypeCache.Refresh (6ms)
				TypeCache.ScanAssembly (0ms)
			ScanForSourceGeneratedMonoScriptInfo (0ms)
			ResolveRequiredComponents (9ms)
	FinalizeReload (1345ms)
		ReleaseScriptCaches (0ms)
		RebuildScriptCaches (0ms)
		SetupLoadedEditorAssemblies (679ms)
			LogAssemblyErrors (0ms)
			InitializePlatformSupportModulesInManaged (43ms)
			SetLoadedEditorAssemblies (6ms)
			RefreshPlugins (0ms)
			BeforeProcessingInitializeOnLoad (95ms)
			ProcessInitializeOnLoadAttributes (497ms)
			ProcessInitializeOnLoadMethodAttributes (27ms)
			AfterProcessingInitializeOnLoad (11ms)
			EditorAssembliesLoaded (0ms)
		ExecutionOrderSort2 (0ms)
		AwakeInstancesAfterBackupRestoration (14ms)
Refreshing native plugins compatible for Editor in 20.33 ms, found 3 plugins.
Preloading 0 native plugins for Editor in 0.00 ms.
Unloading 3807 Unused Serialized files (Serialized files now loaded: 0)
Unloading 38 unused Assets / (1.3 MB). Loaded Objects now: 4452.
Memory consumption went from 166.8 MB to 165.4 MB.
Total: 10.583600 ms (FindLiveObjects: 0.716400 ms CreateObjectMapping: 0.356000 ms MarkObjects: 7.171500 ms  DeleteObjects: 2.337000 ms)

Prepare: number of updated asset objects reloaded= 0
AssetImportParameters requested are different than current active one (requested -> active):
  custom:container-demuxer-ogg: 62fdf1f143b41e24485cea50d1cbac27 -> 
  custom:video-codec-MediaFoundation-h265: 746d11721c4dcdbdad8f713fa42b33f4 -> 
  custom:video-decoder-ogg-theora: a1e56fd34408186e4bbccfd4996cb3dc -> 
  custom:framework-win-MediaFoundation: 216162199b28c13a410421893ffa2e32 -> 
  custom:CustomObjectIndexerAttribute: 756ad292c208cfabdd7b50bc23989ffe -> 
  custom:container-demuxer-webm: 4f35f7cbe854078d1ac9338744f61a02 -> 
  custom:container-muxer-webm: aa71ff27fc2769a1b78a27578f13a17b -> 
  custom:video-decoder-webm-vp8: 9c59270c3fd7afecdb556c50c9e8de78 -> 
  custom:SearchIndexIgnoredProperties: e643bd26f0fe6173181afceb89e7c659 -> 
  custom:AudioImporter_EditorPlatform: d09bf68614088b80899f8185d706f6e7 -> 
  custom:video-encoder-webm-vp8: eb34c28f22e8b96e1ab97ce403110664 -> 
  custom:audio-decoder-ogg-vorbis: bf7c407c2cedff20999df2af8eb42d56 -> 
  custom:audio-encoder-webm-vorbis: bf7c407c2cedff20999df2af8eb42d56 -> 
  custom:scripting/monoscript/fileName/SimpleCameraController.cs: 9d5e45e836538af465ffb763b138c221 -> 639b45e76fa5fda920a92b90c69d9e74
========================================================================
Received Prepare
Begin MonoManager ReloadAssembly
Symbol file LoadedFromMemory is not a mono symbol file
- Loaded All Assemblies, in  0.539 seconds
Refreshing native plugins compatible for Editor in 4.83 ms, found 3 plugins.
Native extension for WindowsStandalone target not found
Native extension for Android target not found
[Package Manager] Server::EnsureServerProcessIsRunning -- launch failed, reason: Unity was launched with the -noUpm command-line argument
[Package Manager] UpmClient::Send -- Unable to send message (not connected to UPM process).
[Package Manager] Cannot connect to Unity Package Manager local server
Mono: successfully reloaded assembly
- Finished resetting the current domain, in  1.310 seconds
Domain Reload Profiling: 1845ms
	BeginReloadAssembly (184ms)
		ExecutionOrderSort (0ms)
		DisableScriptedObjects (7ms)
		BackupInstance (0ms)
		ReleaseScriptingObjects (0ms)
		CreateAndSetChildDomain (43ms)
	RebuildCommonClasses (41ms)
	RebuildNativeTypeToScriptingClass (13ms)
	initialDomainReloadingComplete (38ms)
	LoadAllAssembliesAndSetupDomain (259ms)
		LoadAssemblies (339ms)
		RebuildTransferFunctionScriptingTraits (0ms)
		AnalyzeDomain (16ms)
			TypeCache.Refresh (6ms)
				TypeCache.ScanAssembly (0ms)
			ScanForSourceGeneratedMonoScriptInfo (0ms)
			ResolveRequiredComponents (8ms)
	FinalizeReload (1310ms)
		ReleaseScriptCaches (0ms)
		RebuildScriptCaches (0ms)
		SetupLoadedEditorAssemblies (678ms)
			LogAssemblyErrors (0ms)
			InitializePlatformSupportModulesInManaged (33ms)
			SetLoadedEditorAssemblies (6ms)
			RefreshPlugins (0ms)
			BeforeProcessingInitializeOnLoad (104ms)
			ProcessInitializeOnLoadAttributes (492ms)
			ProcessInitializeOnLoadMethodAttributes (32ms)
			AfterProcessingInitializeOnLoad (10ms)
			EditorAssembliesLoaded (0ms)
		ExecutionOrderSort2 (0ms)
		AwakeInstancesAfterBackupRestoration (9ms)
Refreshing native plugins compatible for Editor in 6.38 ms, found 3 plugins.
Preloading 0 native plugins for Editor in 0.00 ms.
Unloading 3807 Unused Serialized files (Serialized files now loaded: 0)
Unloading 38 unused Assets / (1.3 MB). Loaded Objects now: 4467.
Memory consumption went from 168.7 MB to 167.4 MB.
Total: 4.872100 ms (FindLiveObjects: 0.318800 ms CreateObjectMapping: 0.128600 ms MarkObjects: 3.904000 ms  DeleteObjects: 0.519700 ms)

Prepare: number of updated asset objects reloaded= 0
AssetImportParameters requested are different than current active one (requested -> active):
  custom:container-demuxer-ogg: 62fdf1f143b41e24485cea50d1cbac27 -> 
  custom:video-codec-MediaFoundation-h265: 746d11721c4dcdbdad8f713fa42b33f4 -> 
  custom:video-decoder-ogg-theora: a1e56fd34408186e4bbccfd4996cb3dc -> 
  custom:framework-win-MediaFoundation: 216162199b28c13a410421893ffa2e32 -> 
  custom:CustomObjectIndexerAttribute: 756ad292c208cfabdd7b50bc23989ffe -> 
  custom:container-demuxer-webm: 4f35f7cbe854078d1ac9338744f61a02 -> 
  custom:container-muxer-webm: aa71ff27fc2769a1b78a27578f13a17b -> 
  custom:video-decoder-webm-vp8: 9c59270c3fd7afecdb556c50c9e8de78 -> 
  custom:SearchIndexIgnoredProperties: e643bd26f0fe6173181afceb89e7c659 -> 
  custom:AudioImporter_EditorPlatform: d09bf68614088b80899f8185d706f6e7 -> 
  custom:video-encoder-webm-vp8: eb34c28f22e8b96e1ab97ce403110664 -> 
  custom:audio-decoder-ogg-vorbis: bf7c407c2cedff20999df2af8eb42d56 -> 
  custom:audio-encoder-webm-vorbis: bf7c407c2cedff20999df2af8eb42d56 -> 
  custom:scripting/monoscript/fileName/SimpleCameraController.cs: 9d5e45e836538af465ffb763b138c221 -> 639b45e76fa5fda920a92b90c69d9e74
========================================================================
Received Import Request.
  Time since last request: 689.228434 seconds.
  path: Assets/TextMesh Pro
  artifactKey: Guid(f54d1bd14bd3ca042bd867b519fee8cc) Importer(815301076,1909f56bfc062723c751e8b465ee728b)
Start importing Assets/TextMesh Pro using Guid(f54d1bd14bd3ca042bd867b519fee8cc) Importer(815301076,1909f56bfc062723c751e8b465ee728b)  -> (artifact id: '539788fea73926d38e17274c55d5d4cc') in 0.005168 seconds
Number of updated asset objects reloaded before import = 0
Number of asset objects unloaded after import = 0
========================================================================
Received Import Request.
  Time since last request: 48.956827 seconds.
  path: Assets/Visual/3D Models/PolygonSciFiCity/Materials/Misc/FX_MuzzleFlash.mat
  artifactKey: Guid(9e790bbee27d08e45ab96d553ca371c8) Importer(815301076,1909f56bfc062723c751e8b465ee728b)
Start importing Assets/Visual/3D Models/PolygonSciFiCity/Materials/Misc/FX_MuzzleFlash.mat using Guid(9e790bbee27d08e45ab96d553ca371c8) Importer(815301076,1909f56bfc062723c751e8b465ee728b)  -> (artifact id: 'bffb28f9da0f6d61e5672b38de84be9b') in 0.073645 seconds
Number of updated asset objects reloaded before import = 0
Number of asset objects unloaded after import = 2
========================================================================
Received Prepare
Begin MonoManager ReloadAssembly
Symbol file LoadedFromMemory is not a mono symbol file
- Loaded All Assemblies, in  0.535 seconds
Refreshing native plugins compatible for Editor in 4.84 ms, found 3 plugins.
Native extension for WindowsStandalone target not found
Native extension for Android target not found
[Package Manager] Server::EnsureServerProcessIsRunning -- launch failed, reason: Unity was launched with the -noUpm command-line argument
[Package Manager] UpmClient::Send -- Unable to send message (not connected to UPM process).
[Package Manager] Cannot connect to Unity Package Manager local server
Mono: successfully reloaded assembly
- Finished resetting the current domain, in  1.367 seconds
Domain Reload Profiling: 1898ms
	BeginReloadAssembly (178ms)
		ExecutionOrderSort (0ms)
		DisableScriptedObjects (5ms)
		BackupInstance (0ms)
		ReleaseScriptingObjects (0ms)
		CreateAndSetChildDomain (48ms)
	RebuildCommonClasses (39ms)
	RebuildNativeTypeToScriptingClass (14ms)
	initialDomainReloadingComplete (38ms)
	LoadAllAssembliesAndSetupDomain (262ms)
		LoadAssemblies (331ms)
		RebuildTransferFunctionScriptingTraits (0ms)
		AnalyzeDomain (18ms)
			TypeCache.Refresh (7ms)
				TypeCache.ScanAssembly (0ms)
			ScanForSourceGeneratedMonoScriptInfo (0ms)
			ResolveRequiredComponents (10ms)
	FinalizeReload (1368ms)
		ReleaseScriptCaches (0ms)
		RebuildScriptCaches (0ms)
		SetupLoadedEditorAssemblies (712ms)
			LogAssemblyErrors (0ms)
			InitializePlatformSupportModulesInManaged (38ms)
			SetLoadedEditorAssemblies (6ms)
			RefreshPlugins (0ms)
			BeforeProcessingInitializeOnLoad (106ms)
			ProcessInitializeOnLoadAttributes (509ms)
			ProcessInitializeOnLoadMethodAttributes (39ms)
			AfterProcessingInitializeOnLoad (12ms)
			EditorAssembliesLoaded (0ms)
		ExecutionOrderSort2 (0ms)
		AwakeInstancesAfterBackupRestoration (10ms)
Refreshing native plugins compatible for Editor in 6.07 ms, found 3 plugins.
Preloading 0 native plugins for Editor in 0.00 ms.
Unloading 3807 Unused Serialized files (Serialized files now loaded: 0)
Unloading 38 unused Assets / (1.3 MB). Loaded Objects now: 4482.
Memory consumption went from 170.6 MB to 169.3 MB.
Total: 4.741700 ms (FindLiveObjects: 0.537000 ms CreateObjectMapping: 0.163900 ms MarkObjects: 3.636800 ms  DeleteObjects: 0.402800 ms)

Prepare: number of updated asset objects reloaded= 0
AssetImportParameters requested are different than current active one (requested -> active):
  custom:container-demuxer-ogg: 62fdf1f143b41e24485cea50d1cbac27 -> 
  custom:video-codec-MediaFoundation-h265: 746d11721c4dcdbdad8f713fa42b33f4 -> 
  custom:video-decoder-ogg-theora: a1e56fd34408186e4bbccfd4996cb3dc -> 
  custom:framework-win-MediaFoundation: 216162199b28c13a410421893ffa2e32 -> 
  custom:CustomObjectIndexerAttribute: 756ad292c208cfabdd7b50bc23989ffe -> 
  custom:container-demuxer-webm: 4f35f7cbe854078d1ac9338744f61a02 -> 
  custom:container-muxer-webm: aa71ff27fc2769a1b78a27578f13a17b -> 
  custom:video-decoder-webm-vp8: 9c59270c3fd7afecdb556c50c9e8de78 -> 
  custom:SearchIndexIgnoredProperties: e643bd26f0fe6173181afceb89e7c659 -> 
  custom:AudioImporter_EditorPlatform: d09bf68614088b80899f8185d706f6e7 -> 
  custom:video-encoder-webm-vp8: eb34c28f22e8b96e1ab97ce403110664 -> 
  custom:audio-decoder-ogg-vorbis: bf7c407c2cedff20999df2af8eb42d56 -> 
  custom:audio-encoder-webm-vorbis: bf7c407c2cedff20999df2af8eb42d56 -> 
  custom:scripting/monoscript/fileName/SimpleCameraController.cs: 9d5e45e836538af465ffb763b138c221 -> 639b45e76fa5fda920a92b90c69d9e74
========================================================================
Received Import Request.
  Time since last request: 90.087332 seconds.
  path: Assets/Visual/3D Models/PolygonSciFiCity/Models/FX_Circle.fbx
  artifactKey: Guid(5376f6f811874234db96aaf1d4802c86) Importer(815301076,1909f56bfc062723c751e8b465ee728b)
Start importing Assets/Visual/3D Models/PolygonSciFiCity/Models/FX_Circle.fbx using Guid(5376f6f811874234db96aaf1d4802c86) Importer(815301076,1909f56bfc062723c751e8b465ee728b)  -> (artifact id: '59371663bfa569f7586d5053c7a3f674') in 0.095993 seconds
Number of updated asset objects reloaded before import = 0
Number of asset objects unloaded after import = 7
========================================================================
Received Import Request.
  Time since last request: 33.830996 seconds.
  path: Assets/Visual/Animation/Universal_Traversal_Anims/Art/Animations/In_Place_Versions/AnimSeq_Traversal_Window_BreakGlass.FBX
  artifactKey: Guid(3354584eeb5a4174780a9042c99a03d8) Importer(815301076,1909f56bfc062723c751e8b465ee728b)
Start importing Assets/Visual/Animation/Universal_Traversal_Anims/Art/Animations/In_Place_Versions/AnimSeq_Traversal_Window_BreakGlass.FBX using Guid(3354584eeb5a4174780a9042c99a03d8) Importer(815301076,1909f56bfc062723c751e8b465ee728b)  -> (artifact id: 'caac340e6f26fd552de5710dccbcc080') in 0.005267 seconds
Number of updated asset objects reloaded before import = 0
Number of asset objects unloaded after import = 141
========================================================================
Received Import Request.
  Time since last request: 0.003914 seconds.
  path: Assets/Visual/3D Models/PolygonSciFiCity/Materials/Misc/Glass_01_A.mat
  artifactKey: Guid(65f3d62b6cede8e4ea3394211569fc6d) Importer(815301076,1909f56bfc062723c751e8b465ee728b)
Start importing Assets/Visual/3D Models/PolygonSciFiCity/Materials/Misc/Glass_01_A.mat using Guid(65f3d62b6cede8e4ea3394211569fc6d) Importer(815301076,1909f56bfc062723c751e8b465ee728b)  -> (artifact id: 'a0218bb267a11861d1a952f5d2fffd8b') in 0.041235 seconds
Number of updated asset objects reloaded before import = 0
Number of asset objects unloaded after import = 2
========================================================================
Received Import Request.
  Time since last request: 0.000021 seconds.
  path: Assets/Visual/3D Models/PolygonApocalypse/Models/SM_Bld_HighRise_Large_01_Base_01.fbx
  artifactKey: Guid(3530bc9e162ab404e994f46caee8b88d) Importer(815301076,1909f56bfc062723c751e8b465ee728b)
Start importing Assets/Visual/3D Models/PolygonApocalypse/Models/SM_Bld_HighRise_Large_01_Base_01.fbx using Guid(3530bc9e162ab404e994f46caee8b88d) Importer(815301076,1909f56bfc062723c751e8b465ee728b)  -> (artifact id: '289450a69496f79139df83ec7a9bd2a3') in 0.049474 seconds
Number of updated asset objects reloaded before import = 0
Number of asset objects unloaded after import = 17
========================================================================
Received Import Request.
  Time since last request: 0.000019 seconds.
  path: Assets/Visual/3D Models/PolygonApocalypse/Models/SM_Bld_Commercial_Large_01.fbx
  artifactKey: Guid(8afe858867d97204bae64c310e330c9e) Importer(815301076,1909f56bfc062723c751e8b465ee728b)
Start importing Assets/Visual/3D Models/PolygonApocalypse/Models/SM_Bld_Commercial_Large_01.fbx using Guid(8afe858867d97204bae64c310e330c9e) Importer(815301076,1909f56bfc062723c751e8b465ee728b)  -> (artifact id: '9455fbfdcba08b57c8b686573a88ea9b') in 0.064153 seconds
Number of updated asset objects reloaded before import = 0
Number of asset objects unloaded after import = 22
========================================================================
Received Import Request.
  Time since last request: 0.000024 seconds.
  path: Assets/Visual/3D Models/PolygonApocalypse/Models/SM_Bld_Commercial_Small_01.fbx
  artifactKey: Guid(2f59f144d4f59a54ba3d587db1f23d8b) Importer(815301076,1909f56bfc062723c751e8b465ee728b)
Start importing Assets/Visual/3D Models/PolygonApocalypse/Models/SM_Bld_Commercial_Small_01.fbx using Guid(2f59f144d4f59a54ba3d587db1f23d8b) Importer(815301076,1909f56bfc062723c751e8b465ee728b)  -> (artifact id: 'e40552b0a2f2df7880f42ff8b9aeaaab') in 0.052481 seconds
Number of updated asset objects reloaded before import = 0
Number of asset objects unloaded after import = 22
========================================================================
Received Import Request.
  Time since last request: 0.000024 seconds.
  path: Assets/TextMesh Pro/Examples & Extras/Resources/Fonts & Materials/Roboto-Bold SDF.asset
  artifactKey: Guid(5302535af1044152a457ed104f1f4b91) Importer(815301076,1909f56bfc062723c751e8b465ee728b)
Start importing Assets/TextMesh Pro/Examples & Extras/Resources/Fonts & Materials/Roboto-Bold SDF.asset using Guid(5302535af1044152a457ed104f1f4b91) Importer(815301076,1909f56bfc062723c751e8b465ee728b)  -> (artifact id: '69a762b05dcaff74dcb7e9b7117b086d') in 0.037553 seconds
Number of updated asset objects reloaded before import = 0
Number of asset objects unloaded after import = 6
========================================================================
Received Import Request.
  Time since last request: 0.000021 seconds.
  path: Assets/TextMesh Pro/Resources/Fonts & Materials/LiberationSans SDF.asset
  artifactKey: Guid(8f586378b4e144a9851e7b34d9b748ee) Importer(815301076,1909f56bfc062723c751e8b465ee728b)
Start importing Assets/TextMesh Pro/Resources/Fonts & Materials/LiberationSans SDF.asset using Guid(8f586378b4e144a9851e7b34d9b748ee) Importer(815301076,1909f56bfc062723c751e8b465ee728b)  -> (artifact id: 'cfb3ffc4b2bfd2e46859600f13b96f87') in 0.038965 seconds
Number of updated asset objects reloaded before import = 0
Number of asset objects unloaded after import = 9
========================================================================
Received Import Request.
  Time since last request: 0.000015 seconds.
  path: Assets/Visual/3D Models/PolygonApocalypse/Models/SM_Bld_Diner_01.fbx
  artifactKey: Guid(f88226b9b21f6e5439e2955a6b8d8a41) Importer(815301076,1909f56bfc062723c751e8b465ee728b)
Start importing Assets/Visual/3D Models/PolygonApocalypse/Models/SM_Bld_Diner_01.fbx using Guid(f88226b9b21f6e5439e2955a6b8d8a41) Importer(815301076,1909f56bfc062723c751e8b465ee728b)  -> (artifact id: 'e5d023a81df85d942655fb44626eb9af') in 0.034634 seconds
Number of updated asset objects reloaded before import = 0
Number of asset objects unloaded after import = 17
========================================================================
Received Import Request.
  Time since last request: 0.000021 seconds.
  path: Assets/Visual/3D Models/PolygonApocalypse/Models/SM_Bld_Cafe_01.fbx
  artifactKey: Guid(a151a8af00857cd4b8a15d4ef6ddd7c0) Importer(815301076,1909f56bfc062723c751e8b465ee728b)
Start importing Assets/Visual/3D Models/PolygonApocalypse/Models/SM_Bld_Cafe_01.fbx using Guid(a151a8af00857cd4b8a15d4ef6ddd7c0) Importer(815301076,1909f56bfc062723c751e8b465ee728b)  -> (artifact id: 'e5d8150def5fa7f7947ff5558813bbe0') in 0.020301 seconds
Number of updated asset objects reloaded before import = 0
Number of asset objects unloaded after import = 12
========================================================================
Received Import Request.
  Time since last request: 0.000021 seconds.
  path: Assets/Visual/3D Models/PolygonApocalypse/Models/SM_Bld_HighRise_Medium_01_Interior_Base_01.fbx
  artifactKey: Guid(067161de235de7f45b8a15f21e4555aa) Importer(815301076,1909f56bfc062723c751e8b465ee728b)
Start importing Assets/Visual/3D Models/PolygonApocalypse/Models/SM_Bld_HighRise_Medium_01_Interior_Base_01.fbx using Guid(067161de235de7f45b8a15f21e4555aa) Importer(815301076,1909f56bfc062723c751e8b465ee728b)  -> (artifact id: '8d87db32103c94ffab3554b51665085a') in 0.030008 seconds
Number of updated asset objects reloaded before import = 0
Number of asset objects unloaded after import = 17
========================================================================
Received Import Request.
  Time since last request: 0.000015 seconds.
  path: Assets/Visual/3D Models/PolygonApocalypse/Models/SM_Bld_HighRise_Large_01.fbx
  artifactKey: Guid(387b396421b14124f91f83f6eb288801) Importer(815301076,1909f56bfc062723c751e8b465ee728b)
Start importing Assets/Visual/3D Models/PolygonApocalypse/Models/SM_Bld_HighRise_Large_01.fbx using Guid(387b396421b14124f91f83f6eb288801) Importer(815301076,1909f56bfc062723c751e8b465ee728b)  -> (artifact id: '56f9fb9383c783f38257dd0591d9542f') in 0.057206 seconds
Number of updated asset objects reloaded before import = 0
Number of asset objects unloaded after import = 32
========================================================================
Received Import Request.
  Time since last request: 0.000019 seconds.
  path: Assets/Visual/3D Models/PolygonApocalypse/Models/SM_Bld_Diner_Door_01.fbx
  artifactKey: Guid(f482959fc87e47f42bb888ef9c8d6fa6) Importer(815301076,1909f56bfc062723c751e8b465ee728b)
Start importing Assets/Visual/3D Models/PolygonApocalypse/Models/SM_Bld_Diner_Door_01.fbx using Guid(f482959fc87e47f42bb888ef9c8d6fa6) Importer(815301076,1909f56bfc062723c751e8b465ee728b)  -> (artifact id: '7a101d3641a5f79c214d697018ef22f2') in 0.020100 seconds
Number of updated asset objects reloaded before import = 0
Number of asset objects unloaded after import = 12
========================================================================
Received Import Request.
  Time since last request: 0.000025 seconds.
  path: Assets/Visual/3D Models/PolygonApocalypse/Models/SM_Bld_House_01.fbx
  artifactKey: Guid(bfee7e102dac43d4c89760f52d37113d) Importer(815301076,1909f56bfc062723c751e8b465ee728b)
Start importing Assets/Visual/3D Models/PolygonApocalypse/Models/SM_Bld_House_01.fbx using Guid(bfee7e102dac43d4c89760f52d37113d) Importer(815301076,1909f56bfc062723c751e8b465ee728b)  -> (artifact id: '06cdd4f612877f1e2d72e99f0140efa7') in 0.020971 seconds
Number of updated asset objects reloaded before import = 0
Number of asset objects unloaded after import = 12
========================================================================
Received Import Request.
  Time since last request: 0.000016 seconds.
  path: Assets/Visual/3D Models/PolygonApocalypse/Models/SM_Bld_HighRise_Large_01_Interior_Base_01.fbx
  artifactKey: Guid(1fb480951387b5743989cc183464e67d) Importer(815301076,1909f56bfc062723c751e8b465ee728b)
Start importing Assets/Visual/3D Models/PolygonApocalypse/Models/SM_Bld_HighRise_Large_01_Interior_Base_01.fbx using Guid(1fb480951387b5743989cc183464e67d) Importer(815301076,1909f56bfc062723c751e8b465ee728b)  -> (artifact id: 'd93718787272ae72cb98403170dc2fd9') in 0.030014 seconds
Number of updated asset objects reloaded before import = 0
Number of asset objects unloaded after import = 17
========================================================================
Received Import Request.
  Time since last request: 0.000016 seconds.
  path: Assets/TextMesh Pro/Examples & Extras/Resources/Fonts & Materials/Oswald Bold SDF.asset
  artifactKey: Guid(0161d805a3764c089bef00bfe00793f5) Importer(815301076,1909f56bfc062723c751e8b465ee728b)
Start importing Assets/TextMesh Pro/Examples & Extras/Resources/Fonts & Materials/Oswald Bold SDF.asset using Guid(0161d805a3764c089bef00bfe00793f5) Importer(815301076,1909f56bfc062723c751e8b465ee728b)  -> (artifact id: '593b82a3e7e685df0c5bd02ea7488fa4') in 0.014080 seconds
Number of updated asset objects reloaded before import = 0
Number of asset objects unloaded after import = 6
Editor requested this worker to shutdown with reason: Scaling down because of idle timeout
TcpMessagingSession - receive error: operation aborted. errorcode: 995, details: ќпераци€ ввода/вывода была прервана из-за завершени€ потока команд или по запросу приложени€.
AssetImportWorker is now disconnected from the server
Process exiting
Exiting without the bug reporter. Application will terminate with return code 0