Using pre-set license
Built from '2022.3/staging' branch; Version is '2022.3.11f1 (d00248457e15) revision 13632072'; Using compiler version '192829333'; Build Type 'Release'
OS: 'Windows 11  (10.0.22000) 64bit CoreSingleLanguage' Language: 'ru' Physical Memory: 15715 MB
BatchMode: 1, IsHumanControllingUs: 0, StartBugReporterOnCrash: 0, Is64bit: 1, IsPro: 1

COMMAND LINE ARGUMENTS:
C:\Program Files\Unity\Hub\Editor\2022.3.11f1\Editor\Unity.exe
-adb2
-batchMode
-noUpm
-name
AssetImportWorker4
-projectPath
C:/Users/dimpr/Documents/GitHub/Emit-the-Cycle-Story
-logFile
Logs/AssetImportWorker4.log
-srvPort
57967
Successfully changed project path to: C:/Users/dimpr/Documents/GitHub/Emit-the-Cycle-Story
C:/Users/dimpr/Documents/GitHub/Emit-the-Cycle-Story
[UnityMemory] Configuration Parameters - Can be set up in boot.config
    "memorysetup-bucket-allocator-granularity=16"
    "memorysetup-bucket-allocator-bucket-count=8"
    "memorysetup-bucket-allocator-block-size=33554432"
    "memorysetup-bucket-allocator-block-count=8"
    "memorysetup-main-allocator-block-size=16777216"
    "memorysetup-thread-allocator-block-size=16777216"
    "memorysetup-gfx-main-allocator-block-size=16777216"
    "memorysetup-gfx-thread-allocator-block-size=16777216"
    "memorysetup-cache-allocator-block-size=4194304"
    "memorysetup-typetree-allocator-block-size=2097152"
    "memorysetup-profiler-bucket-allocator-granularity=16"
    "memorysetup-profiler-bucket-allocator-bucket-count=8"
    "memorysetup-profiler-bucket-allocator-block-size=33554432"
    "memorysetup-profiler-bucket-allocator-block-count=8"
    "memorysetup-profiler-allocator-block-size=16777216"
    "memorysetup-profiler-editor-allocator-block-size=1048576"
    "memorysetup-temp-allocator-size-main=16777216"
    "memorysetup-job-temp-allocator-block-size=2097152"
    "memorysetup-job-temp-allocator-block-size-background=1048576"
    "memorysetup-job-temp-allocator-reduction-small-platforms=262144"
    "memorysetup-allocator-temp-initial-block-size-main=262144"
    "memorysetup-allocator-temp-initial-block-size-worker=262144"
    "memorysetup-temp-allocator-size-background-worker=32768"
    "memorysetup-temp-allocator-size-job-worker=262144"
    "memorysetup-temp-allocator-size-preload-manager=33554432"
    "memorysetup-temp-allocator-size-nav-mesh-worker=65536"
    "memorysetup-temp-allocator-size-audio-worker=65536"
    "memorysetup-temp-allocator-size-cloud-worker=32768"
    "memorysetup-temp-allocator-size-gi-baking-worker=262144"
    "memorysetup-temp-allocator-size-gfx=262144"
Player connection [1400] Host "[IP] 192.168.0.107 [Port] 0 [Flags] 2 [Guid] 4092627645 [EditorId] 4092627645 [Version] 1048832 [Id] WindowsEditor(7,LAPTOP-5U3T1134) [Debug] 1 [PackageName] WindowsEditor [ProjectName] Editor" joined multi-casting on [225.0.0.222:54997]...

Player connection [1400] Host "[IP] 192.168.0.107 [Port] 0 [Flags] 2 [Guid] 4092627645 [EditorId] 4092627645 [Version] 1048832 [Id] WindowsEditor(7,LAPTOP-5U3T1134) [Debug] 1 [PackageName] WindowsEditor [ProjectName] Editor" joined alternative multi-casting on [225.0.0.222:34997]...

[Physics::Module] Initialized MultithreadedJobDispatcher with 11 workers.
Refreshing native plugins compatible for Editor in 14.72 ms, found 3 plugins.
Preloading 0 native plugins for Editor in 0.00 ms.
Initialize engine version: 2022.3.11f1 (d00248457e15)
[Subsystems] Discovering subsystems at path C:/Program Files/Unity/Hub/Editor/2022.3.11f1/Editor/Data/Resources/UnitySubsystems
[Subsystems] Discovering subsystems at path C:/Users/dimpr/Documents/GitHub/Emit-the-Cycle-Story/Assets
GfxDevice: creating device client; threaded=0; jobified=0
Direct3D:
    Version:  Direct3D 11.0 [level 11.1]
    Renderer: NVIDIA GeForce RTX 3060 Laptop GPU (ID=0x2520)
    Vendor:   NVIDIA
    VRAM:     6010 MB
    Driver:   31.0.15.4584
Initialize mono
Mono path[0] = 'C:/Program Files/Unity/Hub/Editor/2022.3.11f1/Editor/Data/Managed'
Mono path[1] = 'C:/Program Files/Unity/Hub/Editor/2022.3.11f1/Editor/Data/MonoBleedingEdge/lib/mono/unityjit-win32'
Mono config path = 'C:/Program Files/Unity/Hub/Editor/2022.3.11f1/Editor/Data/MonoBleedingEdge/etc'
Using monoOptions --debugger-agent=transport=dt_socket,embedding=1,server=y,suspend=n,address=127.0.0.1:56952
Begin MonoManager ReloadAssembly
Registering precompiled unity dll's ...
Register platform support module: C:/Program Files/Unity/Hub/Editor/2022.3.11f1/Editor/Data/PlaybackEngines/AndroidPlayer/UnityEditor.Android.Extensions.dll
Register platform support module: C:/Program Files/Unity/Hub/Editor/2022.3.11f1/Editor/Data/PlaybackEngines/WindowsStandaloneSupport/UnityEditor.WindowsStandalone.Extensions.dll
Registered in 0.009501 seconds.
- Loaded All Assemblies, in  0.407 seconds
Native extension for WindowsStandalone target not found
Native extension for Android target not found
Android Extension - Scanning For ADB Devices 243 ms
Mono: successfully reloaded assembly
- Finished resetting the current domain, in  0.604 seconds
Domain Reload Profiling: 1009ms
	BeginReloadAssembly (119ms)
		ExecutionOrderSort (0ms)
		DisableScriptedObjects (0ms)
		BackupInstance (0ms)
		ReleaseScriptingObjects (0ms)
		CreateAndSetChildDomain (1ms)
	RebuildCommonClasses (35ms)
	RebuildNativeTypeToScriptingClass (13ms)
	initialDomainReloadingComplete (71ms)
	LoadAllAssembliesAndSetupDomain (166ms)
		LoadAssemblies (118ms)
		RebuildTransferFunctionScriptingTraits (0ms)
		AnalyzeDomain (163ms)
			TypeCache.Refresh (162ms)
				TypeCache.ScanAssembly (148ms)
			ScanForSourceGeneratedMonoScriptInfo (0ms)
			ResolveRequiredComponents (0ms)
	FinalizeReload (604ms)
		ReleaseScriptCaches (0ms)
		RebuildScriptCaches (0ms)
		SetupLoadedEditorAssemblies (542ms)
			LogAssemblyErrors (0ms)
			InitializePlatformSupportModulesInManaged (367ms)
			SetLoadedEditorAssemblies (4ms)
			RefreshPlugins (0ms)
			BeforeProcessingInitializeOnLoad (2ms)
			ProcessInitializeOnLoadAttributes (114ms)
			ProcessInitializeOnLoadMethodAttributes (55ms)
			AfterProcessingInitializeOnLoad (0ms)
			EditorAssembliesLoaded (0ms)
		ExecutionOrderSort2 (0ms)
		AwakeInstancesAfterBackupRestoration (0ms)
========================================================================
Worker process is ready to serve import requests
Begin MonoManager ReloadAssembly
Symbol file LoadedFromMemory is not a mono symbol file
- Loaded All Assemblies, in  0.799 seconds
Refreshing native plugins compatible for Editor in 4.24 ms, found 3 plugins.
Native extension for WindowsStandalone target not found
Native extension for Android target not found
Package Manager log level set to [2]
[Package Manager] Server::EnsureServerProcessIsRunning -- launch failed, reason: Unity was launched with the -noUpm command-line argument
[Package Manager] UpmClient::Send -- Unable to send message (not connected to UPM process).
[Package Manager] Cannot connect to Unity Package Manager local server
Mono: successfully reloaded assembly
- Finished resetting the current domain, in  0.823 seconds
Domain Reload Profiling: 1617ms
	BeginReloadAssembly (190ms)
		ExecutionOrderSort (0ms)
		DisableScriptedObjects (7ms)
		BackupInstance (0ms)
		ReleaseScriptingObjects (0ms)
		CreateAndSetChildDomain (31ms)
	RebuildCommonClasses (41ms)
	RebuildNativeTypeToScriptingClass (12ms)
	initialDomainReloadingComplete (37ms)
	LoadAllAssembliesAndSetupDomain (513ms)
		LoadAssemblies (352ms)
		RebuildTransferFunctionScriptingTraits (0ms)
		AnalyzeDomain (256ms)
			TypeCache.Refresh (227ms)
				TypeCache.ScanAssembly (206ms)
			ScanForSourceGeneratedMonoScriptInfo (21ms)
			ResolveRequiredComponents (6ms)
	FinalizeReload (823ms)
		ReleaseScriptCaches (0ms)
		RebuildScriptCaches (0ms)
		SetupLoadedEditorAssemblies (634ms)
			LogAssemblyErrors (0ms)
			InitializePlatformSupportModulesInManaged (32ms)
			SetLoadedEditorAssemblies (5ms)
			RefreshPlugins (0ms)
			BeforeProcessingInitializeOnLoad (86ms)
			ProcessInitializeOnLoadAttributes (473ms)
			ProcessInitializeOnLoadMethodAttributes (30ms)
			AfterProcessingInitializeOnLoad (9ms)
			EditorAssembliesLoaded (0ms)
		ExecutionOrderSort2 (0ms)
		AwakeInstancesAfterBackupRestoration (7ms)
Launched and connected shader compiler UnityShaderCompiler.exe after 0.05 seconds
Refreshing native plugins compatible for Editor in 6.90 ms, found 3 plugins.
Preloading 0 native plugins for Editor in 0.00 ms.
Unloading 3885 Unused Serialized files (Serialized files now loaded: 0)
Unloading 66 unused Assets / (1.4 MB). Loaded Objects now: 4340.
Memory consumption went from 173.6 MB to 172.3 MB.
Total: 3.656400 ms (FindLiveObjects: 0.261900 ms CreateObjectMapping: 0.132700 ms MarkObjects: 2.904100 ms  DeleteObjects: 0.356500 ms)

AssetImportParameters requested are different than current active one (requested -> active):
  custom:container-demuxer-ogg: 62fdf1f143b41e24485cea50d1cbac27 -> 
  custom:video-codec-MediaFoundation-h265: 746d11721c4dcdbdad8f713fa42b33f4 -> 
  custom:video-decoder-ogg-theora: a1e56fd34408186e4bbccfd4996cb3dc -> 
  custom:framework-win-MediaFoundation: 216162199b28c13a410421893ffa2e32 -> 
  custom:CustomObjectIndexerAttribute: 756ad292c208cfabdd7b50bc23989ffe -> 
  custom:container-demuxer-webm: 4f35f7cbe854078d1ac9338744f61a02 -> 
  custom:container-muxer-webm: aa71ff27fc2769a1b78a27578f13a17b -> 
  custom:video-decoder-webm-vp8: 9c59270c3fd7afecdb556c50c9e8de78 -> 
  custom:SearchIndexIgnoredProperties: e643bd26f0fe6173181afceb89e7c659 -> 
  custom:AudioImporter_EditorPlatform: d09bf68614088b80899f8185d706f6e7 -> 
  custom:video-encoder-webm-vp8: eb34c28f22e8b96e1ab97ce403110664 -> 
  custom:audio-decoder-ogg-vorbis: bf7c407c2cedff20999df2af8eb42d56 -> 
  custom:audio-encoder-webm-vorbis: bf7c407c2cedff20999df2af8eb42d56 -> 
========================================================================
Received Import Request.
  Time since last request: 15976.698046 seconds.
  path: Assets/Visual/3D Models/PolygonSciFiSpace/Prefabs/Props/SM_Prop_Detail_Handle_02.prefab
  artifactKey: Guid(85a4a97fd238de0439459257d9903561) Importer(815301076,1909f56bfc062723c751e8b465ee728b)
Start importing Assets/Visual/3D Models/PolygonSciFiSpace/Prefabs/Props/SM_Prop_Detail_Handle_02.prefab using Guid(85a4a97fd238de0439459257d9903561) Importer(815301076,1909f56bfc062723c751e8b465ee728b)  -> (artifact id: '03cb5ce3d6acad3e6ab58cc69e530818') in 0.122072 seconds
Number of updated asset objects reloaded before import = 0
Number of asset objects unloaded after import = 12
========================================================================
Received Import Request.
  Time since last request: 11.462341 seconds.
  path: Assets/Visual/3D Models/PolygonSciFiSpace/Prefabs/Props/SM_Prop_Detail_Pipes_02.prefab
  artifactKey: Guid(0b03c1f3d292df04297c1f7bf41eb91c) Importer(815301076,1909f56bfc062723c751e8b465ee728b)
Start importing Assets/Visual/3D Models/PolygonSciFiSpace/Prefabs/Props/SM_Prop_Detail_Pipes_02.prefab using Guid(0b03c1f3d292df04297c1f7bf41eb91c) Importer(815301076,1909f56bfc062723c751e8b465ee728b)  -> (artifact id: 'c84af8ccb0b31da649d85798ceb624fe') in 0.017201 seconds
Number of updated asset objects reloaded before import = 0
Number of asset objects unloaded after import = 12
========================================================================
Received Import Request.
  Time since last request: 0.000017 seconds.
  path: Assets/Visual/3D Models/PolygonSciFiSpace/Prefabs/Props/SM_Prop_Detail_Wire_01.prefab
  artifactKey: Guid(bca820c00063bd644a6fe530da41459a) Importer(815301076,1909f56bfc062723c751e8b465ee728b)
Start importing Assets/Visual/3D Models/PolygonSciFiSpace/Prefabs/Props/SM_Prop_Detail_Wire_01.prefab using Guid(bca820c00063bd644a6fe530da41459a) Importer(815301076,1909f56bfc062723c751e8b465ee728b)  -> (artifact id: 'bf7379b074497c0c2ed5a2de4f6faf25') in 0.011677 seconds
Number of updated asset objects reloaded before import = 0
Number of asset objects unloaded after import = 12
========================================================================
Received Import Request.
  Time since last request: 0.000017 seconds.
  path: Assets/Visual/3D Models/PolygonSciFiSpace/Prefabs/Props/SM_Prop_Detail_Wire_04.prefab
  artifactKey: Guid(b17eb2b5b99dc52459f61e2ec97139a2) Importer(815301076,1909f56bfc062723c751e8b465ee728b)
Start importing Assets/Visual/3D Models/PolygonSciFiSpace/Prefabs/Props/SM_Prop_Detail_Wire_04.prefab using Guid(b17eb2b5b99dc52459f61e2ec97139a2) Importer(815301076,1909f56bfc062723c751e8b465ee728b)  -> (artifact id: 'dcd2c9d73af0e456a9250577a3798c1f') in 0.011781 seconds
Number of updated asset objects reloaded before import = 0
Number of asset objects unloaded after import = 12
========================================================================
Received Import Request.
  Time since last request: 0.000017 seconds.
  path: Assets/Visual/3D Models/PolygonSciFiSpace/Prefabs/Props/SM_Prop_Detail_SynCola_02.prefab
  artifactKey: Guid(98b60c67fb78f4e4f9347800ac98fc31) Importer(815301076,1909f56bfc062723c751e8b465ee728b)
Start importing Assets/Visual/3D Models/PolygonSciFiSpace/Prefabs/Props/SM_Prop_Detail_SynCola_02.prefab using Guid(98b60c67fb78f4e4f9347800ac98fc31) Importer(815301076,1909f56bfc062723c751e8b465ee728b)  -> (artifact id: 'fc71dd5228205538dffaa716a8f715cd') in 0.013948 seconds
Number of updated asset objects reloaded before import = 0
Number of asset objects unloaded after import = 12
========================================================================
Received Import Request.
  Time since last request: 0.000037 seconds.
  path: Assets/Visual/3D Models/PolygonSciFiSpace/Prefabs/Props/SM_Prop_EnergyPort_01.prefab
  artifactKey: Guid(8b71e1b6bcf0cf2468170462ea8b37b2) Importer(815301076,1909f56bfc062723c751e8b465ee728b)
Start importing Assets/Visual/3D Models/PolygonSciFiSpace/Prefabs/Props/SM_Prop_EnergyPort_01.prefab using Guid(8b71e1b6bcf0cf2468170462ea8b37b2) Importer(815301076,1909f56bfc062723c751e8b465ee728b)  -> (artifact id: '2de26ac4fb3ddae18a35c86a70b1835a') in 0.011536 seconds
Number of updated asset objects reloaded before import = 0
Number of asset objects unloaded after import = 12
========================================================================
Received Import Request.
  Time since last request: 1.761841 seconds.
  path: Assets/Visual/3D Models/PolygonSciFiSpace/Prefabs/Props/SM_Prop_Engine_Construction_01.prefab
  artifactKey: Guid(71cc042e82536124e97c26fd10790a95) Importer(815301076,1909f56bfc062723c751e8b465ee728b)
Start importing Assets/Visual/3D Models/PolygonSciFiSpace/Prefabs/Props/SM_Prop_Engine_Construction_01.prefab using Guid(71cc042e82536124e97c26fd10790a95) Importer(815301076,1909f56bfc062723c751e8b465ee728b)  -> (artifact id: '9a80b20f75807fd8723abe1149f14bef') in 0.015284 seconds
Number of updated asset objects reloaded before import = 0
Number of asset objects unloaded after import = 12
========================================================================
Received Import Request.
  Time since last request: 0.000014 seconds.
  path: Assets/Visual/3D Models/PolygonSciFiSpace/Prefabs/Props/SM_Prop_Greeble_Cube_01.prefab
  artifactKey: Guid(e661406915866564c95734269648449e) Importer(815301076,1909f56bfc062723c751e8b465ee728b)
Start importing Assets/Visual/3D Models/PolygonSciFiSpace/Prefabs/Props/SM_Prop_Greeble_Cube_01.prefab using Guid(e661406915866564c95734269648449e) Importer(815301076,1909f56bfc062723c751e8b465ee728b)  -> (artifact id: 'f338b9068dcc15c06f79be3eda9a52c3') in 0.013890 seconds
Number of updated asset objects reloaded before import = 0
Number of asset objects unloaded after import = 12
========================================================================
Received Import Request.
  Time since last request: 0.000013 seconds.
  path: Assets/Visual/3D Models/PolygonSciFiSpace/Prefabs/Props/SM_Prop_Greeble_Panel_03.prefab
  artifactKey: Guid(d1db1db9b2446b34eaaabf3c9a010b89) Importer(815301076,1909f56bfc062723c751e8b465ee728b)
Start importing Assets/Visual/3D Models/PolygonSciFiSpace/Prefabs/Props/SM_Prop_Greeble_Panel_03.prefab using Guid(d1db1db9b2446b34eaaabf3c9a010b89) Importer(815301076,1909f56bfc062723c751e8b465ee728b)  -> (artifact id: '487363b76758dfaab05006dba67c377d') in 0.013231 seconds
Number of updated asset objects reloaded before import = 0
Number of asset objects unloaded after import = 12
========================================================================
Received Import Request.
  Time since last request: 0.000014 seconds.
  path: Assets/Visual/3D Models/PolygonSciFiSpace/Prefabs/Props/SM_Prop_Greeble_Panel_02.prefab
  artifactKey: Guid(978e2ff4a63aae4439b5e73ffcb833b7) Importer(815301076,1909f56bfc062723c751e8b465ee728b)
Start importing Assets/Visual/3D Models/PolygonSciFiSpace/Prefabs/Props/SM_Prop_Greeble_Panel_02.prefab using Guid(978e2ff4a63aae4439b5e73ffcb833b7) Importer(815301076,1909f56bfc062723c751e8b465ee728b)  -> (artifact id: '43f00c83ac149a9398acbd3df4069aad') in 0.021526 seconds
Number of updated asset objects reloaded before import = 0
Number of asset objects unloaded after import = 12
========================================================================
Received Import Request.
  Time since last request: 0.000022 seconds.
  path: Assets/Visual/3D Models/PolygonSciFiSpace/Prefabs/Props/SM_Prop_Greeble_Cube_02.prefab
  artifactKey: Guid(53fb1d77f34c4a649beb2615688f5747) Importer(815301076,1909f56bfc062723c751e8b465ee728b)
Start importing Assets/Visual/3D Models/PolygonSciFiSpace/Prefabs/Props/SM_Prop_Greeble_Cube_02.prefab using Guid(53fb1d77f34c4a649beb2615688f5747) Importer(815301076,1909f56bfc062723c751e8b465ee728b)  -> (artifact id: '88164ec53bcabc96cfcb9ab170bf0030') in 0.012726 seconds
Number of updated asset objects reloaded before import = 0
Number of asset objects unloaded after import = 12
========================================================================
Received Import Request.
  Time since last request: 0.000015 seconds.
  path: Assets/Visual/3D Models/PolygonSciFiSpace/Prefabs/Props/SM_Prop_FoodPacket_04.prefab
  artifactKey: Guid(bafed697fa0e8964d86d0bc0f22ccf16) Importer(815301076,1909f56bfc062723c751e8b465ee728b)
Start importing Assets/Visual/3D Models/PolygonSciFiSpace/Prefabs/Props/SM_Prop_FoodPacket_04.prefab using Guid(bafed697fa0e8964d86d0bc0f22ccf16) Importer(815301076,1909f56bfc062723c751e8b465ee728b)  -> (artifact id: '6ce04a04dbaf6e35cd937c8045657c9c') in 0.012403 seconds
Number of updated asset objects reloaded before import = 0
Number of asset objects unloaded after import = 12
========================================================================
Received Import Request.
  Time since last request: 0.000012 seconds.
  path: Assets/Visual/3D Models/PolygonSciFiSpace/Prefabs/Props/SM_Prop_Greeble_Panel_07.prefab
  artifactKey: Guid(02873d849a9deed45accc0d0dee3aa9e) Importer(815301076,1909f56bfc062723c751e8b465ee728b)
Start importing Assets/Visual/3D Models/PolygonSciFiSpace/Prefabs/Props/SM_Prop_Greeble_Panel_07.prefab using Guid(02873d849a9deed45accc0d0dee3aa9e) Importer(815301076,1909f56bfc062723c751e8b465ee728b)  -> (artifact id: 'ff626153cc52fc38093bc21141321f68') in 0.016500 seconds
Number of updated asset objects reloaded before import = 0
Number of asset objects unloaded after import = 12
========================================================================
Received Import Request.
  Time since last request: 0.000020 seconds.
  path: Assets/Visual/3D Models/PolygonSciFiSpace/Prefabs/Props/SM_Prop_Handle_01.prefab
  artifactKey: Guid(48a7b1591203ad849b52c3ff47e8c78e) Importer(815301076,1909f56bfc062723c751e8b465ee728b)
Start importing Assets/Visual/3D Models/PolygonSciFiSpace/Prefabs/Props/SM_Prop_Handle_01.prefab using Guid(48a7b1591203ad849b52c3ff47e8c78e) Importer(815301076,1909f56bfc062723c751e8b465ee728b)  -> (artifact id: 'a1f3c5f02dfceaa5d52a39f077e995ea') in 0.017292 seconds
Number of updated asset objects reloaded before import = 0
Number of asset objects unloaded after import = 12
========================================================================
Received Import Request.
  Time since last request: 0.000016 seconds.
  path: Assets/Visual/3D Models/PolygonSciFiSpace/Prefabs/Props/SM_Prop_Keycard_02.prefab
  artifactKey: Guid(5accc6e52720e6847b2441b9d2150976) Importer(815301076,1909f56bfc062723c751e8b465ee728b)
Start importing Assets/Visual/3D Models/PolygonSciFiSpace/Prefabs/Props/SM_Prop_Keycard_02.prefab using Guid(5accc6e52720e6847b2441b9d2150976) Importer(815301076,1909f56bfc062723c751e8b465ee728b)  -> (artifact id: '249c653b1c8a2ebfca7283f8889a41fe') in 0.021518 seconds
Number of updated asset objects reloaded before import = 0
Number of asset objects unloaded after import = 12
========================================================================
Received Import Request.
  Time since last request: 0.000025 seconds.
  path: Assets/Visual/3D Models/PolygonSciFiSpace/Prefabs/Props/SM_Prop_Keycard_01.prefab
  artifactKey: Guid(8f4ab6e783cf1e649a5491f9545b6d4c) Importer(815301076,1909f56bfc062723c751e8b465ee728b)
Start importing Assets/Visual/3D Models/PolygonSciFiSpace/Prefabs/Props/SM_Prop_Keycard_01.prefab using Guid(8f4ab6e783cf1e649a5491f9545b6d4c) Importer(815301076,1909f56bfc062723c751e8b465ee728b)  -> (artifact id: '57614aa5ab22935e7a7a9959afe589a0') in 0.011995 seconds
Number of updated asset objects reloaded before import = 0
Number of asset objects unloaded after import = 12
========================================================================
Received Import Request.
  Time since last request: 0.000025 seconds.
  path: Assets/Visual/3D Models/PolygonSciFiSpace/Prefabs/Props/SM_Prop_Keycard_03.prefab
  artifactKey: Guid(f061716c3422949409d81690c15acde1) Importer(815301076,1909f56bfc062723c751e8b465ee728b)
Start importing Assets/Visual/3D Models/PolygonSciFiSpace/Prefabs/Props/SM_Prop_Keycard_03.prefab using Guid(f061716c3422949409d81690c15acde1) Importer(815301076,1909f56bfc062723c751e8b465ee728b)  -> (artifact id: '6216dbdd253d9f3a3a0ec732d52ec93f') in 0.011261 seconds
Number of updated asset objects reloaded before import = 0
Number of asset objects unloaded after import = 12
========================================================================
Received Import Request.
  Time since last request: 0.000507 seconds.
  path: Assets/Visual/3D Models/PolygonSciFiSpace/Prefabs/Props/SM_Prop_Light_Panel_02.prefab
  artifactKey: Guid(aa84264b1d2907846b86b1573a4faf8a) Importer(815301076,1909f56bfc062723c751e8b465ee728b)
Start importing Assets/Visual/3D Models/PolygonSciFiSpace/Prefabs/Props/SM_Prop_Light_Panel_02.prefab using Guid(aa84264b1d2907846b86b1573a4faf8a) Importer(815301076,1909f56bfc062723c751e8b465ee728b)  -> (artifact id: 'c8a952a4c2f46446d3b28ac174fc93b4') in 0.011532 seconds
Number of updated asset objects reloaded before import = 0
Number of asset objects unloaded after import = 12
========================================================================
Received Import Request.
  Time since last request: 0.000022 seconds.
  path: Assets/Visual/3D Models/PolygonSciFiSpace/Prefabs/Props/SM_Prop_Light_Small_06.prefab
  artifactKey: Guid(0cfd76e2287f15746b69cbbe7ee7bf35) Importer(815301076,1909f56bfc062723c751e8b465ee728b)
Start importing Assets/Visual/3D Models/PolygonSciFiSpace/Prefabs/Props/SM_Prop_Light_Small_06.prefab using Guid(0cfd76e2287f15746b69cbbe7ee7bf35) Importer(815301076,1909f56bfc062723c751e8b465ee728b)  -> (artifact id: '6f00386ee79348d1288c37e6560bc473') in 0.011595 seconds
Number of updated asset objects reloaded before import = 0
Number of asset objects unloaded after import = 12
========================================================================
Received Import Request.
  Time since last request: 0.000018 seconds.
  path: Assets/Visual/3D Models/PolygonSciFiSpace/Prefabs/Props/SM_Prop_Light_Small_01.prefab
  artifactKey: Guid(7cf2eb63fa2d99243b2fa1a263c7081b) Importer(815301076,1909f56bfc062723c751e8b465ee728b)
Start importing Assets/Visual/3D Models/PolygonSciFiSpace/Prefabs/Props/SM_Prop_Light_Small_01.prefab using Guid(7cf2eb63fa2d99243b2fa1a263c7081b) Importer(815301076,1909f56bfc062723c751e8b465ee728b)  -> (artifact id: 'cef259cb9e83d04ee2fd9c640a78470d') in 0.011018 seconds
Number of updated asset objects reloaded before import = 0
Number of asset objects unloaded after import = 12
========================================================================
Received Import Request.
  Time since last request: 0.000014 seconds.
  path: Assets/Visual/3D Models/PolygonSciFiSpace/Prefabs/Props/SM_Prop_MapTable_Top_01.prefab
  artifactKey: Guid(b093daa8843f7ba429d137b77a8f2466) Importer(815301076,1909f56bfc062723c751e8b465ee728b)
Start importing Assets/Visual/3D Models/PolygonSciFiSpace/Prefabs/Props/SM_Prop_MapTable_Top_01.prefab using Guid(b093daa8843f7ba429d137b77a8f2466) Importer(815301076,1909f56bfc062723c751e8b465ee728b)  -> (artifact id: '95667c6b04dd32bebed9be330f4fc8a2') in 0.012150 seconds
Number of updated asset objects reloaded before import = 0
Number of asset objects unloaded after import = 12
========================================================================
Received Import Request.
  Time since last request: 0.000018 seconds.
  path: Assets/Visual/3D Models/PolygonSciFiSpace/Prefabs/Props/SM_Prop_MapTable_01.prefab
  artifactKey: Guid(c1dee4b30774e314d8395853c0c5e03f) Importer(815301076,1909f56bfc062723c751e8b465ee728b)
Start importing Assets/Visual/3D Models/PolygonSciFiSpace/Prefabs/Props/SM_Prop_MapTable_01.prefab using Guid(c1dee4b30774e314d8395853c0c5e03f) Importer(815301076,1909f56bfc062723c751e8b465ee728b)  -> (artifact id: '96e13b0258ba3881fa2fe3a41fdd2134') in 0.012675 seconds
Number of updated asset objects reloaded before import = 0
Number of asset objects unloaded after import = 12
========================================================================
Received Import Request.
  Time since last request: 0.000026 seconds.
  path: Assets/Visual/3D Models/PolygonSciFiSpace/Prefabs/Props/SM_Prop_Light_Small_02.prefab
  artifactKey: Guid(6728b3b66e80b394490e215d5853bb1e) Importer(815301076,1909f56bfc062723c751e8b465ee728b)
Start importing Assets/Visual/3D Models/PolygonSciFiSpace/Prefabs/Props/SM_Prop_Light_Small_02.prefab using Guid(6728b3b66e80b394490e215d5853bb1e) Importer(815301076,1909f56bfc062723c751e8b465ee728b)  -> (artifact id: '53f16417bd642e45523a4d6245db58f7') in 0.011475 seconds
Number of updated asset objects reloaded before import = 0
Number of asset objects unloaded after import = 12
========================================================================
Received Import Request.
  Time since last request: 1.690264 seconds.
  path: Assets/Visual/3D Models/PolygonSciFiSpace/Prefabs/Props/SM_Prop_Medical_Cart_Bare_01.prefab
  artifactKey: Guid(e4ce1648ab31b6f419486a7f8e990c76) Importer(815301076,1909f56bfc062723c751e8b465ee728b)
Start importing Assets/Visual/3D Models/PolygonSciFiSpace/Prefabs/Props/SM_Prop_Medical_Cart_Bare_01.prefab using Guid(e4ce1648ab31b6f419486a7f8e990c76) Importer(815301076,1909f56bfc062723c751e8b465ee728b)  -> (artifact id: '0074b9540d0c05d8f0b168feb89a6b23') in 0.012942 seconds
Number of updated asset objects reloaded before import = 0
Number of asset objects unloaded after import = 12
========================================================================
Received Import Request.
  Time since last request: 0.000018 seconds.
  path: Assets/Visual/3D Models/PolygonSciFiSpace/Prefabs/Props/SM_Prop_Oxygen_Tank.prefab
  artifactKey: Guid(4afd2ac3e358bde44ba4370c411670fb) Importer(815301076,1909f56bfc062723c751e8b465ee728b)
Start importing Assets/Visual/3D Models/PolygonSciFiSpace/Prefabs/Props/SM_Prop_Oxygen_Tank.prefab using Guid(4afd2ac3e358bde44ba4370c411670fb) Importer(815301076,1909f56bfc062723c751e8b465ee728b)  -> (artifact id: 'b149a163c6df5ad73f9ea974d1046c01') in 0.012619 seconds
Number of updated asset objects reloaded before import = 0
Number of asset objects unloaded after import = 12
========================================================================
Received Import Request.
  Time since last request: 0.000028 seconds.
  path: Assets/Visual/3D Models/PolygonSciFiSpace/Prefabs/Props/SM_Prop_Oxygen_Tank_Large.prefab
  artifactKey: Guid(315d0b2430aa8e54ead1a58f89b80834) Importer(815301076,1909f56bfc062723c751e8b465ee728b)
Start importing Assets/Visual/3D Models/PolygonSciFiSpace/Prefabs/Props/SM_Prop_Oxygen_Tank_Large.prefab using Guid(315d0b2430aa8e54ead1a58f89b80834) Importer(815301076,1909f56bfc062723c751e8b465ee728b)  -> (artifact id: '91054373c099c30502dfdb1e318bce16') in 0.011719 seconds
Number of updated asset objects reloaded before import = 0
Number of asset objects unloaded after import = 13
========================================================================
Received Import Request.
  Time since last request: 0.000033 seconds.
  path: Assets/Visual/3D Models/PolygonSciFiSpace/Prefabs/Props/SM_Prop_Radar_Panel_02.prefab
  artifactKey: Guid(8864b6ce8732cf04ebf28a80a38455d4) Importer(815301076,1909f56bfc062723c751e8b465ee728b)
Start importing Assets/Visual/3D Models/PolygonSciFiSpace/Prefabs/Props/SM_Prop_Radar_Panel_02.prefab using Guid(8864b6ce8732cf04ebf28a80a38455d4) Importer(815301076,1909f56bfc062723c751e8b465ee728b)  -> (artifact id: '833dacf5adbfc2490197a0064198cb06') in 0.010978 seconds
Number of updated asset objects reloaded before import = 0
Number of asset objects unloaded after import = 12
========================================================================
Received Import Request.
  Time since last request: 0.000035 seconds.
  path: Assets/Visual/3D Models/PolygonSciFiSpace/Prefabs/Props/SM_Prop_Plant_Container_01.prefab
  artifactKey: Guid(8fb3f27dac30daa4ebcf8f9c4a220668) Importer(815301076,1909f56bfc062723c751e8b465ee728b)
Start importing Assets/Visual/3D Models/PolygonSciFiSpace/Prefabs/Props/SM_Prop_Plant_Container_01.prefab using Guid(8fb3f27dac30daa4ebcf8f9c4a220668) Importer(815301076,1909f56bfc062723c751e8b465ee728b)  -> (artifact id: 'd0fd0134264521d1af32ceddcc1c11ff') in 0.013757 seconds
Number of updated asset objects reloaded before import = 0
Number of asset objects unloaded after import = 17
========================================================================
Received Import Request.
  Time since last request: 0.000016 seconds.
  path: Assets/Visual/3D Models/PolygonSciFiSpace/Prefabs/Props/SM_Prop_Screen_06.prefab
  artifactKey: Guid(a2ddf5fa65078014a80755ac2486294b) Importer(815301076,1909f56bfc062723c751e8b465ee728b)
Start importing Assets/Visual/3D Models/PolygonSciFiSpace/Prefabs/Props/SM_Prop_Screen_06.prefab using Guid(a2ddf5fa65078014a80755ac2486294b) Importer(815301076,1909f56bfc062723c751e8b465ee728b)  -> (artifact id: '821b2b1dbe84215e82023e56070ef7aa') in 0.012188 seconds
Number of updated asset objects reloaded before import = 0
Number of asset objects unloaded after import = 12
========================================================================
Received Import Request.
  Time since last request: 0.000016 seconds.
  path: Assets/Visual/3D Models/PolygonSciFiSpace/Prefabs/Props/SM_Prop_SpaceWalk_Tube_01.prefab
  artifactKey: Guid(8b8e6cb90113f7d4cafe1e0986ec84f4) Importer(815301076,1909f56bfc062723c751e8b465ee728b)
Start importing Assets/Visual/3D Models/PolygonSciFiSpace/Prefabs/Props/SM_Prop_SpaceWalk_Tube_01.prefab using Guid(8b8e6cb90113f7d4cafe1e0986ec84f4) Importer(815301076,1909f56bfc062723c751e8b465ee728b)  -> (artifact id: 'ab6b90a6e4c16db34180b18f3b0818c5') in 0.013596 seconds
Number of updated asset objects reloaded before import = 0
Number of asset objects unloaded after import = 12
========================================================================
Received Import Request.
  Time since last request: 0.000018 seconds.
  path: Assets/Visual/3D Models/PolygonSciFiSpace/Prefabs/Props/SM_Prop_Screen_02.prefab
  artifactKey: Guid(56d01d7561c37b740963cff5588d96bb) Importer(815301076,1909f56bfc062723c751e8b465ee728b)
Start importing Assets/Visual/3D Models/PolygonSciFiSpace/Prefabs/Props/SM_Prop_Screen_02.prefab using Guid(56d01d7561c37b740963cff5588d96bb) Importer(815301076,1909f56bfc062723c751e8b465ee728b)  -> (artifact id: 'e2de588e7e7a9a42abda01af525cb4d3') in 0.015797 seconds
Number of updated asset objects reloaded before import = 0
Number of asset objects unloaded after import = 12
========================================================================
Received Import Request.
  Time since last request: 0.000030 seconds.
  path: Assets/Visual/3D Models/PolygonSciFiSpace/Prefabs/Props/SM_Prop_Screen_09.prefab
  artifactKey: Guid(e328a56effc821a4db02309cf510e998) Importer(815301076,1909f56bfc062723c751e8b465ee728b)
Start importing Assets/Visual/3D Models/PolygonSciFiSpace/Prefabs/Props/SM_Prop_Screen_09.prefab using Guid(e328a56effc821a4db02309cf510e998) Importer(815301076,1909f56bfc062723c751e8b465ee728b)  -> (artifact id: '6cf85592214b7d9392685d90ac027041') in 0.011949 seconds
Number of updated asset objects reloaded before import = 0
Number of asset objects unloaded after import = 12
========================================================================
Received Import Request.
  Time since last request: 0.000033 seconds.
  path: Assets/Visual/3D Models/PolygonSciFiSpace/Prefabs/Props/SM_Prop_Stool_01.prefab
  artifactKey: Guid(9185866dc0127144abec19b225bf37c0) Importer(815301076,1909f56bfc062723c751e8b465ee728b)
Start importing Assets/Visual/3D Models/PolygonSciFiSpace/Prefabs/Props/SM_Prop_Stool_01.prefab using Guid(9185866dc0127144abec19b225bf37c0) Importer(815301076,1909f56bfc062723c751e8b465ee728b)  -> (artifact id: '15b0107b733b1831615970172de4d1b0') in 0.013940 seconds
Number of updated asset objects reloaded before import = 0
Number of asset objects unloaded after import = 12
========================================================================
Received Import Request.
  Time since last request: 0.000030 seconds.
  path: Assets/Visual/3D Models/PolygonSciFiSpace/Prefabs/Props/SM_Prop_Turret_Base_Double_04.prefab
  artifactKey: Guid(0dc32d41a64f2824dbe14e8dff6586cc) Importer(815301076,1909f56bfc062723c751e8b465ee728b)
Start importing Assets/Visual/3D Models/PolygonSciFiSpace/Prefabs/Props/SM_Prop_Turret_Base_Double_04.prefab using Guid(0dc32d41a64f2824dbe14e8dff6586cc) Importer(815301076,1909f56bfc062723c751e8b465ee728b)  -> (artifact id: '90b1f96901fd3f9fe17d914ef156a38e') in 0.015233 seconds
Number of updated asset objects reloaded before import = 0
Number of asset objects unloaded after import = 26
========================================================================
Received Import Request.
  Time since last request: 0.000039 seconds.
  path: Assets/Visual/3D Models/PolygonSciFiSpace/Prefabs/Props/SM_Prop_Missile_03.prefab
  artifactKey: Guid(1efe32d384ddecf499f4a17ae066b6ba) Importer(815301076,1909f56bfc062723c751e8b465ee728b)
Start importing Assets/Visual/3D Models/PolygonSciFiSpace/Prefabs/Props/SM_Prop_Missile_03.prefab using Guid(1efe32d384ddecf499f4a17ae066b6ba) Importer(815301076,1909f56bfc062723c751e8b465ee728b)  -> (artifact id: 'd158b5a73e8b99f213bc77ed93dca266') in 0.014802 seconds
Number of updated asset objects reloaded before import = 0
Number of asset objects unloaded after import = 12
========================================================================
Received Import Request.
  Time since last request: 0.000024 seconds.
  path: Assets/Visual/3D Models/PolygonSciFiSpace/Prefabs/Props/SM_Prop_Screen_03.prefab
  artifactKey: Guid(3e4bff3c4e59bde469ff3d57a558cd7e) Importer(815301076,1909f56bfc062723c751e8b465ee728b)
Start importing Assets/Visual/3D Models/PolygonSciFiSpace/Prefabs/Props/SM_Prop_Screen_03.prefab using Guid(3e4bff3c4e59bde469ff3d57a558cd7e) Importer(815301076,1909f56bfc062723c751e8b465ee728b)  -> (artifact id: '809bb35f800640b9084cfda59caf65c5') in 0.014110 seconds
Number of updated asset objects reloaded before import = 0
Number of asset objects unloaded after import = 12
========================================================================
Received Import Request.
  Time since last request: 0.000023 seconds.
  path: Assets/Visual/3D Models/PolygonSciFiSpace/Prefabs/Props/SM_Prop_Missile_04.prefab
  artifactKey: Guid(4eee40a8aa67d7247a5c8f0267a35bbb) Importer(815301076,1909f56bfc062723c751e8b465ee728b)
Start importing Assets/Visual/3D Models/PolygonSciFiSpace/Prefabs/Props/SM_Prop_Missile_04.prefab using Guid(4eee40a8aa67d7247a5c8f0267a35bbb) Importer(815301076,1909f56bfc062723c751e8b465ee728b)  -> (artifact id: '641fbb00f1821c36a0c055045c4b4811') in 0.013533 seconds
Number of updated asset objects reloaded before import = 0
Number of asset objects unloaded after import = 12
========================================================================
Received Import Request.
  Time since last request: 0.000037 seconds.
  path: Assets/Visual/3D Models/PolygonSciFiSpace/Prefabs/Props/SM_Prop_Turret_Base_Double_05.prefab
  artifactKey: Guid(ddccf208d76301d4099d331c40651089) Importer(815301076,1909f56bfc062723c751e8b465ee728b)
Start importing Assets/Visual/3D Models/PolygonSciFiSpace/Prefabs/Props/SM_Prop_Turret_Base_Double_05.prefab using Guid(ddccf208d76301d4099d331c40651089) Importer(815301076,1909f56bfc062723c751e8b465ee728b)  -> (artifact id: 'b56846617c7f0f853d061c9e63423505') in 0.015803 seconds
Number of updated asset objects reloaded before import = 0
Number of asset objects unloaded after import = 26
========================================================================
Received Import Request.
  Time since last request: 0.000023 seconds.
  path: Assets/Visual/3D Models/PolygonSciFiSpace/Prefabs/Props/SM_Prop_Turret_Base_Double_01.prefab
  artifactKey: Guid(5cfb9f4bf98ba5c4d8141b52757cc450) Importer(815301076,1909f56bfc062723c751e8b465ee728b)
Start importing Assets/Visual/3D Models/PolygonSciFiSpace/Prefabs/Props/SM_Prop_Turret_Base_Double_01.prefab using Guid(5cfb9f4bf98ba5c4d8141b52757cc450) Importer(815301076,1909f56bfc062723c751e8b465ee728b)  -> (artifact id: '244f4baefba9324d66602be6f0916290') in 0.016585 seconds
Number of updated asset objects reloaded before import = 0
Number of asset objects unloaded after import = 33
========================================================================
Received Import Request.
  Time since last request: 0.000023 seconds.
  path: Assets/Visual/3D Models/PolygonSciFiSpace/Prefabs/Props/SM_Prop_Stairs_02.prefab
  artifactKey: Guid(da30c7fab7ccb3e42b4222d0929109da) Importer(815301076,1909f56bfc062723c751e8b465ee728b)
Start importing Assets/Visual/3D Models/PolygonSciFiSpace/Prefabs/Props/SM_Prop_Stairs_02.prefab using Guid(da30c7fab7ccb3e42b4222d0929109da) Importer(815301076,1909f56bfc062723c751e8b465ee728b)  -> (artifact id: '6c25cba5aa41419bdf972a12e7fc20b5') in 0.014558 seconds
Number of updated asset objects reloaded before import = 0
Number of asset objects unloaded after import = 12
========================================================================
Received Import Request.
  Time since last request: 0.000035 seconds.
  path: Assets/Visual/3D Models/PolygonSciFiSpace/Prefabs/Props/SM_Prop_Stairs_04.prefab
  artifactKey: Guid(24f44b5327ac99d40b65a10a4fb87455) Importer(815301076,1909f56bfc062723c751e8b465ee728b)
Start importing Assets/Visual/3D Models/PolygonSciFiSpace/Prefabs/Props/SM_Prop_Stairs_04.prefab using Guid(24f44b5327ac99d40b65a10a4fb87455) Importer(815301076,1909f56bfc062723c751e8b465ee728b)  -> (artifact id: '5d222fbb42972dfe7c5de119b7874b1a') in 0.011976 seconds
Number of updated asset objects reloaded before import = 0
Number of asset objects unloaded after import = 12
========================================================================
Received Import Request.
  Time since last request: 0.000020 seconds.
  path: Assets/Visual/3D Models/PolygonSciFiSpace/Prefabs/Props/SM_Prop_Stairs_03.prefab
  artifactKey: Guid(8d20774deb049224b9ff98f025462c75) Importer(815301076,1909f56bfc062723c751e8b465ee728b)
Start importing Assets/Visual/3D Models/PolygonSciFiSpace/Prefabs/Props/SM_Prop_Stairs_03.prefab using Guid(8d20774deb049224b9ff98f025462c75) Importer(815301076,1909f56bfc062723c751e8b465ee728b)  -> (artifact id: '805a3d5690c28988b7079d08cd2787e9') in 0.013666 seconds
Number of updated asset objects reloaded before import = 0
Number of asset objects unloaded after import = 12
========================================================================
Received Import Request.
  Time since last request: 0.000018 seconds.
  path: Assets/Visual/3D Models/PolygonSciFiSpace/Prefabs/Props/SM_Prop_Satellite_Stand_01.prefab
  artifactKey: Guid(babe5156c92575346826085bf2c40b83) Importer(815301076,1909f56bfc062723c751e8b465ee728b)
Start importing Assets/Visual/3D Models/PolygonSciFiSpace/Prefabs/Props/SM_Prop_Satellite_Stand_01.prefab using Guid(babe5156c92575346826085bf2c40b83) Importer(815301076,1909f56bfc062723c751e8b465ee728b)  -> (artifact id: '17eb230b4f7897c67fcb5b1817e96bbb') in 0.014546 seconds
Number of updated asset objects reloaded before import = 0
Number of asset objects unloaded after import = 32
========================================================================
Received Import Request.
  Time since last request: 0.000026 seconds.
  path: Assets/Visual/3D Models/PolygonSciFiSpace/Prefabs/Props/SM_Prop_Test_Tube_02.prefab
  artifactKey: Guid(29ead088cdabdd54d89d48d4be115ca2) Importer(815301076,1909f56bfc062723c751e8b465ee728b)
Start importing Assets/Visual/3D Models/PolygonSciFiSpace/Prefabs/Props/SM_Prop_Test_Tube_02.prefab using Guid(29ead088cdabdd54d89d48d4be115ca2) Importer(815301076,1909f56bfc062723c751e8b465ee728b)  -> (artifact id: '6c3e56e90221d3fcc0d6e6f00f89799b') in 0.015663 seconds
Number of updated asset objects reloaded before import = 0
Number of asset objects unloaded after import = 18
========================================================================
Received Import Request.
  Time since last request: 0.000017 seconds.
  path: Assets/Visual/3D Models/PolygonSciFiSpace/Prefabs/Props/SM_Prop_Turret_Base_Double_02.prefab
  artifactKey: Guid(df19e001bcac16546bf83c5048228057) Importer(815301076,1909f56bfc062723c751e8b465ee728b)
Start importing Assets/Visual/3D Models/PolygonSciFiSpace/Prefabs/Props/SM_Prop_Turret_Base_Double_02.prefab using Guid(df19e001bcac16546bf83c5048228057) Importer(815301076,1909f56bfc062723c751e8b465ee728b)  -> (artifact id: 'c1eceeee0b996801922f35f94fe23f49') in 0.011380 seconds
Number of updated asset objects reloaded before import = 0
Number of asset objects unloaded after import = 29
========================================================================
Received Import Request.
  Time since last request: 0.020887 seconds.
  path: Assets/Visual/3D Models/PolygonSciFiSpace/Prefabs/Props/SM_Prop_Turret_Base_Double_07.prefab
  artifactKey: Guid(6933332f71600414898a20485174c03f) Importer(815301076,1909f56bfc062723c751e8b465ee728b)
Start importing Assets/Visual/3D Models/PolygonSciFiSpace/Prefabs/Props/SM_Prop_Turret_Base_Double_07.prefab using Guid(6933332f71600414898a20485174c03f) Importer(815301076,1909f56bfc062723c751e8b465ee728b)  -> (artifact id: 'a42a497d4119c8bddd4482182f9ff821') in 0.013075 seconds
Number of updated asset objects reloaded before import = 0
Number of asset objects unloaded after import = 24
========================================================================
Received Import Request.
  Time since last request: 0.000016 seconds.
  path: Assets/Visual/3D Models/PolygonSciFiSpace/Prefabs/Props/SM_Prop_Turret_Base_Single_02.prefab
  artifactKey: Guid(121432c6b8493534cb89dae567754a46) Importer(815301076,1909f56bfc062723c751e8b465ee728b)
Start importing Assets/Visual/3D Models/PolygonSciFiSpace/Prefabs/Props/SM_Prop_Turret_Base_Single_02.prefab using Guid(121432c6b8493534cb89dae567754a46) Importer(815301076,1909f56bfc062723c751e8b465ee728b)  -> (artifact id: '8395e3f434788a09e699ab9e80da47ad') in 0.013780 seconds
Number of updated asset objects reloaded before import = 0
Number of asset objects unloaded after import = 26
========================================================================
Received Import Request.
  Time since last request: 0.000014 seconds.
  path: Assets/Visual/3D Models/PolygonSciFiSpace/Prefabs/Props/SM_Prop_Turret_Base_Double_010.prefab
  artifactKey: Guid(adbbdb59d460cf644801955c03fa4fe6) Importer(815301076,1909f56bfc062723c751e8b465ee728b)
Start importing Assets/Visual/3D Models/PolygonSciFiSpace/Prefabs/Props/SM_Prop_Turret_Base_Double_010.prefab using Guid(adbbdb59d460cf644801955c03fa4fe6) Importer(815301076,1909f56bfc062723c751e8b465ee728b)  -> (artifact id: 'fb6a96fe59393aa9717b657b36cb183a') in 0.013974 seconds
Number of updated asset objects reloaded before import = 0
Number of asset objects unloaded after import = 19
========================================================================
Received Import Request.
  Time since last request: 0.000015 seconds.
  path: Assets/Visual/3D Models/PolygonSciFiSpace/Prefabs/Props/SM_Prop_Turret_Base_Single_05.prefab
  artifactKey: Guid(12f2ba25fda7c1545823660b19a179e6) Importer(815301076,1909f56bfc062723c751e8b465ee728b)
Start importing Assets/Visual/3D Models/PolygonSciFiSpace/Prefabs/Props/SM_Prop_Turret_Base_Single_05.prefab using Guid(12f2ba25fda7c1545823660b19a179e6) Importer(815301076,1909f56bfc062723c751e8b465ee728b)  -> (artifact id: 'e2bc79e71ed02b8b22160750210d75f3') in 0.015131 seconds
Number of updated asset objects reloaded before import = 0
Number of asset objects unloaded after import = 26
========================================================================
Received Import Request.
  Time since last request: 0.000017 seconds.
  path: Assets/Visual/3D Models/PolygonSciFiSpace/Prefabs/Props/SM_Prop_Turret_Base_Single_08.prefab
  artifactKey: Guid(e7c3deccc3e5f4241b32703d21601aa3) Importer(815301076,1909f56bfc062723c751e8b465ee728b)
Start importing Assets/Visual/3D Models/PolygonSciFiSpace/Prefabs/Props/SM_Prop_Turret_Base_Single_08.prefab using Guid(e7c3deccc3e5f4241b32703d21601aa3) Importer(815301076,1909f56bfc062723c751e8b465ee728b)  -> (artifact id: 'e88d4e5dcedf217a952f4e18bd619c2b') in 0.017066 seconds
Number of updated asset objects reloaded before import = 0
Number of asset objects unloaded after import = 24
========================================================================
Received Import Request.
  Time since last request: 0.000019 seconds.
  path: Assets/Visual/3D Models/PolygonSciFiSpace/Prefabs/Props/SM_Prop_Turret_Base_Single_07.prefab
  artifactKey: Guid(c56e1ea930d4baa448ee4cebf772899f) Importer(815301076,1909f56bfc062723c751e8b465ee728b)
Start importing Assets/Visual/3D Models/PolygonSciFiSpace/Prefabs/Props/SM_Prop_Turret_Base_Single_07.prefab using Guid(c56e1ea930d4baa448ee4cebf772899f) Importer(815301076,1909f56bfc062723c751e8b465ee728b)  -> (artifact id: 'a1c73f252caaa62495d89b37ce66e98a') in 0.011429 seconds
Number of updated asset objects reloaded before import = 0
Number of asset objects unloaded after import = 24
========================================================================
Received Import Request.
  Time since last request: 0.279805 seconds.
  path: Assets/Visual/3D Models/PolygonSciFiSpace/Prefabs/Props/SM_Prop_Turret_Small_Ceiling_01.prefab
  artifactKey: Guid(9a4c1e6735c82ae4e9692018e49afbca) Importer(815301076,1909f56bfc062723c751e8b465ee728b)
Start importing Assets/Visual/3D Models/PolygonSciFiSpace/Prefabs/Props/SM_Prop_Turret_Small_Ceiling_01.prefab using Guid(9a4c1e6735c82ae4e9692018e49afbca) Importer(815301076,1909f56bfc062723c751e8b465ee728b)  -> (artifact id: 'a36352685c786803a8330b3a53e4bdc3') in 0.013932 seconds
Number of updated asset objects reloaded before import = 0
Number of asset objects unloaded after import = 24
========================================================================
Received Import Request.
  Time since last request: 0.000020 seconds.
  path: Assets/Visual/3D Models/PolygonSciFiSpace/Prefabs/Props/SM_Prop_Wall_Panel_Small_02.prefab
  artifactKey: Guid(13ea1b8d52ebb9d438e6724fd10b54e9) Importer(815301076,1909f56bfc062723c751e8b465ee728b)
Start importing Assets/Visual/3D Models/PolygonSciFiSpace/Prefabs/Props/SM_Prop_Wall_Panel_Small_02.prefab using Guid(13ea1b8d52ebb9d438e6724fd10b54e9) Importer(815301076,1909f56bfc062723c751e8b465ee728b)  -> (artifact id: '819e8e3760c1e84bb954c026d771ca61') in 0.013353 seconds
Number of updated asset objects reloaded before import = 0
Number of asset objects unloaded after import = 12
========================================================================
Received Import Request.
  Time since last request: 0.000025 seconds.
  path: Assets/Visual/3D Models/PolygonSciFiSpace/Prefabs/Props/SM_Prop_Wires_02.prefab
  artifactKey: Guid(0c85e9e57bec91846bf3b8cdd2e2bc51) Importer(815301076,1909f56bfc062723c751e8b465ee728b)
Start importing Assets/Visual/3D Models/PolygonSciFiSpace/Prefabs/Props/SM_Prop_Wires_02.prefab using Guid(0c85e9e57bec91846bf3b8cdd2e2bc51) Importer(815301076,1909f56bfc062723c751e8b465ee728b)  -> (artifact id: '9c72ec7019cca818b01e7651ba6087e9') in 0.012071 seconds
Number of updated asset objects reloaded before import = 0
Number of asset objects unloaded after import = 12
========================================================================
Received Import Request.
  Time since last request: 34.962774 seconds.
  path: Assets/Visual/3D Models/PolygonSciFiSpace/Prefabs/Environment
  artifactKey: Guid(3a3dd0abca047d94eae1fd3c69a11f83) Importer(815301076,1909f56bfc062723c751e8b465ee728b)
Start importing Assets/Visual/3D Models/PolygonSciFiSpace/Prefabs/Environment using Guid(3a3dd0abca047d94eae1fd3c69a11f83) Importer(815301076,1909f56bfc062723c751e8b465ee728b)  -> (artifact id: '6e507fd0c3c89d57ee1b2919937b552d') in 0.000657 seconds
Number of updated asset objects reloaded before import = 0
Number of asset objects unloaded after import = 0
========================================================================
Received Import Request.
  Time since last request: 0.132574 seconds.
  path: Assets/Visual/3D Models/PolygonSciFiSpace/Prefabs/Environment/SM_Env_Asteroid_01.prefab
  artifactKey: Guid(28548987d12c89f4bb36b9bef96ceebe) Importer(815301076,1909f56bfc062723c751e8b465ee728b)
Start importing Assets/Visual/3D Models/PolygonSciFiSpace/Prefabs/Environment/SM_Env_Asteroid_01.prefab using Guid(28548987d12c89f4bb36b9bef96ceebe) Importer(815301076,1909f56bfc062723c751e8b465ee728b)  -> (artifact id: 'b0e390fa9dbea012e19eaf4d6620647e') in 0.354173 seconds
Number of updated asset objects reloaded before import = 0
Number of asset objects unloaded after import = 10
========================================================================
Received Import Request.
  Time since last request: 0.000016 seconds.
  path: Assets/Visual/3D Models/PolygonSciFiSpace/Prefabs/Environment/SM_Env_Asteroid_Holes_04.prefab
  artifactKey: Guid(118121866cc786746a24514fe8a98f7c) Importer(815301076,1909f56bfc062723c751e8b465ee728b)
Start importing Assets/Visual/3D Models/PolygonSciFiSpace/Prefabs/Environment/SM_Env_Asteroid_Holes_04.prefab using Guid(118121866cc786746a24514fe8a98f7c) Importer(815301076,1909f56bfc062723c751e8b465ee728b)  -> (artifact id: '393a20d337247d3d8ca6eb664e11c343') in 0.010130 seconds
Number of updated asset objects reloaded before import = 0
Number of asset objects unloaded after import = 11
========================================================================
Received Import Request.
  Time since last request: 0.000023 seconds.
  path: Assets/Visual/3D Models/PolygonSciFiSpace/Prefabs/Environment/SM_Env_Planet_03.prefab
  artifactKey: Guid(85aa1a5065e52b54099f3ebde7ea64d5) Importer(815301076,1909f56bfc062723c751e8b465ee728b)
Start importing Assets/Visual/3D Models/PolygonSciFiSpace/Prefabs/Environment/SM_Env_Planet_03.prefab using Guid(85aa1a5065e52b54099f3ebde7ea64d5) Importer(815301076,1909f56bfc062723c751e8b465ee728b)  -> (artifact id: 'e9f1bf7c5be50bf55a9d76bfc4902ab0') in 0.008091 seconds
Number of updated asset objects reloaded before import = 0
Number of asset objects unloaded after import = 10
========================================================================
Received Import Request.
  Time since last request: 0.000015 seconds.
  path: Assets/Visual/3D Models/PolygonSciFiSpace/Prefabs/Environment/SM_Env_Asteroid_Rock_04.prefab
  artifactKey: Guid(9338b35696373474eaddee04d4c63e4c) Importer(815301076,1909f56bfc062723c751e8b465ee728b)
Start importing Assets/Visual/3D Models/PolygonSciFiSpace/Prefabs/Environment/SM_Env_Asteroid_Rock_04.prefab using Guid(9338b35696373474eaddee04d4c63e4c) Importer(815301076,1909f56bfc062723c751e8b465ee728b)  -> (artifact id: '9d2fb3f206325a1c6e66c479a5388bb8') in 0.011705 seconds
Number of updated asset objects reloaded before import = 0
Number of asset objects unloaded after import = 11
========================================================================
Received Import Request.
  Time since last request: 0.000017 seconds.
  path: Assets/Visual/3D Models/PolygonSciFiSpace/Prefabs/Environment/SM_Env_Asteroid_Rock_02.prefab
  artifactKey: Guid(532691fd02556f1418e733023af81ff4) Importer(815301076,1909f56bfc062723c751e8b465ee728b)
Start importing Assets/Visual/3D Models/PolygonSciFiSpace/Prefabs/Environment/SM_Env_Asteroid_Rock_02.prefab using Guid(532691fd02556f1418e733023af81ff4) Importer(815301076,1909f56bfc062723c751e8b465ee728b)  -> (artifact id: '1cdb49ef39e99e6483f58f6f5866c000') in 0.011428 seconds
Number of updated asset objects reloaded before import = 0
Number of asset objects unloaded after import = 11
========================================================================
Received Import Request.
  Time since last request: 0.000022 seconds.
  path: Assets/Visual/3D Models/PolygonSciFiSpace/Prefabs/Environment/SM_Env_Asteroid_Field_LowDetail_02.prefab
  artifactKey: Guid(4dc1eed87ce43e2419c218dea9ba7998) Importer(815301076,1909f56bfc062723c751e8b465ee728b)
Start importing Assets/Visual/3D Models/PolygonSciFiSpace/Prefabs/Environment/SM_Env_Asteroid_Field_LowDetail_02.prefab using Guid(4dc1eed87ce43e2419c218dea9ba7998) Importer(815301076,1909f56bfc062723c751e8b465ee728b)  -> (artifact id: 'fe143da8ea37f29d7e2df8e81598c5cc') in 0.010456 seconds
Number of updated asset objects reloaded before import = 0
Number of asset objects unloaded after import = 11
========================================================================
Received Import Request.
  Time since last request: 0.000014 seconds.
  path: Assets/Visual/3D Models/PolygonSciFiSpace/Prefabs/Environment/SM_Env_Debris_Shell_07.prefab
  artifactKey: Guid(d82175a569c86a94f80f974bde394a58) Importer(815301076,1909f56bfc062723c751e8b465ee728b)
Start importing Assets/Visual/3D Models/PolygonSciFiSpace/Prefabs/Environment/SM_Env_Debris_Shell_07.prefab using Guid(d82175a569c86a94f80f974bde394a58) Importer(815301076,1909f56bfc062723c751e8b465ee728b)  -> (artifact id: '62edc046ba198d7692ba321f1026c38f') in 0.012177 seconds
Number of updated asset objects reloaded before import = 0
Number of asset objects unloaded after import = 12
========================================================================
Received Import Request.
  Time since last request: 0.000018 seconds.
  path: Assets/Visual/3D Models/PolygonSciFiSpace/Prefabs/Environment/SM_Env_Debris_Shell_04.prefab
  artifactKey: Guid(b7f06c4ac52aa9442b96c3dcdb664ef5) Importer(815301076,1909f56bfc062723c751e8b465ee728b)
Start importing Assets/Visual/3D Models/PolygonSciFiSpace/Prefabs/Environment/SM_Env_Debris_Shell_04.prefab using Guid(b7f06c4ac52aa9442b96c3dcdb664ef5) Importer(815301076,1909f56bfc062723c751e8b465ee728b)  -> (artifact id: 'c6f9aa3eca88657464076c3f37dabbd1') in 0.011893 seconds
Number of updated asset objects reloaded before import = 0
Number of asset objects unloaded after import = 12
========================================================================
Received Import Request.
  Time since last request: 0.000030 seconds.
  path: Assets/Visual/3D Models/PolygonSciFiSpace/Prefabs/Environment/SM_Env_Asteroid_Holes_05.prefab
  artifactKey: Guid(5e616c2418668fc40a838b6fbec12b54) Importer(815301076,1909f56bfc062723c751e8b465ee728b)
Start importing Assets/Visual/3D Models/PolygonSciFiSpace/Prefabs/Environment/SM_Env_Asteroid_Holes_05.prefab using Guid(5e616c2418668fc40a838b6fbec12b54) Importer(815301076,1909f56bfc062723c751e8b465ee728b)  -> (artifact id: 'd062a76baab6e8a3fd32ba55ad4fccf2') in 0.009594 seconds
Number of updated asset objects reloaded before import = 0
Number of asset objects unloaded after import = 11
========================================================================
Received Import Request.
  Time since last request: 0.000032 seconds.
  path: Assets/Visual/3D Models/PolygonSciFiSpace/Prefabs/Environment/SM_Env_Planet_08.prefab
  artifactKey: Guid(15a9572a8eb579041a9dbe9f15f6d02e) Importer(815301076,1909f56bfc062723c751e8b465ee728b)
Start importing Assets/Visual/3D Models/PolygonSciFiSpace/Prefabs/Environment/SM_Env_Planet_08.prefab using Guid(15a9572a8eb579041a9dbe9f15f6d02e) Importer(815301076,1909f56bfc062723c751e8b465ee728b)  -> (artifact id: 'e9c96623476533eca4b6f0dc1a27a407') in 0.008463 seconds
Number of updated asset objects reloaded before import = 0
Number of asset objects unloaded after import = 10
========================================================================
Received Import Request.
  Time since last request: 0.000018 seconds.
  path: Assets/Visual/3D Models/PolygonSciFiSpace/Prefabs/Environment/SM_Env_Planet_011.prefab
  artifactKey: Guid(0b15e029373632949ae6a5f6f56623e4) Importer(815301076,1909f56bfc062723c751e8b465ee728b)
Start importing Assets/Visual/3D Models/PolygonSciFiSpace/Prefabs/Environment/SM_Env_Planet_011.prefab using Guid(0b15e029373632949ae6a5f6f56623e4) Importer(815301076,1909f56bfc062723c751e8b465ee728b)  -> (artifact id: 'ff14bb0e3717b0c99ca72517c7184c63') in 0.010893 seconds
Number of updated asset objects reloaded before import = 0
Number of asset objects unloaded after import = 10
========================================================================
Received Import Request.
  Time since last request: 0.000018 seconds.
  path: Assets/Visual/3D Models/PolygonSciFiSpace/Prefabs/Environment/SM_Env_Rubble_Pebbles_02.prefab
  artifactKey: Guid(47943db42d2ef3a4894c863802dc72fc) Importer(815301076,1909f56bfc062723c751e8b465ee728b)
Start importing Assets/Visual/3D Models/PolygonSciFiSpace/Prefabs/Environment/SM_Env_Rubble_Pebbles_02.prefab using Guid(47943db42d2ef3a4894c863802dc72fc) Importer(815301076,1909f56bfc062723c751e8b465ee728b)  -> (artifact id: '9534d0cf004a8fc0713e0b3d5745f09a') in 0.012125 seconds
Number of updated asset objects reloaded before import = 0
Number of asset objects unloaded after import = 10
========================================================================
Received Import Request.
  Time since last request: 0.000027 seconds.
  path: Assets/Visual/3D Models/PolygonSciFiSpace/Prefabs/Environment/SM_Env_Asteroid_Holes_01.prefab
  artifactKey: Guid(ea69caf230089fd45b16b373fef6d83f) Importer(815301076,1909f56bfc062723c751e8b465ee728b)
Start importing Assets/Visual/3D Models/PolygonSciFiSpace/Prefabs/Environment/SM_Env_Asteroid_Holes_01.prefab using Guid(ea69caf230089fd45b16b373fef6d83f) Importer(815301076,1909f56bfc062723c751e8b465ee728b)  -> (artifact id: '06231732bd80d2f9dbf9bcca1ec5b92f') in 0.010223 seconds
Number of updated asset objects reloaded before import = 0
Number of asset objects unloaded after import = 11
========================================================================
Received Import Request.
  Time since last request: 0.000017 seconds.
  path: Assets/Visual/3D Models/PolygonSciFiSpace/Prefabs/Environment/SM_Env_Debris_Structure_02.prefab
  artifactKey: Guid(67aba579cfad29843896e2caae09b4e6) Importer(815301076,1909f56bfc062723c751e8b465ee728b)
Start importing Assets/Visual/3D Models/PolygonSciFiSpace/Prefabs/Environment/SM_Env_Debris_Structure_02.prefab using Guid(67aba579cfad29843896e2caae09b4e6) Importer(815301076,1909f56bfc062723c751e8b465ee728b)  -> (artifact id: 'a74b5dcd3b98480fee769f247f1d01ae') in 0.011413 seconds
Number of updated asset objects reloaded before import = 0
Number of asset objects unloaded after import = 12
========================================================================
Received Import Request.
  Time since last request: 0.000021 seconds.
  path: Assets/Visual/3D Models/PolygonSciFiSpace/Prefabs/Environment/SM_Env_Rubble_Pile_02.prefab
  artifactKey: Guid(c1d4883f15067244090c89d0470f582e) Importer(815301076,1909f56bfc062723c751e8b465ee728b)
Start importing Assets/Visual/3D Models/PolygonSciFiSpace/Prefabs/Environment/SM_Env_Rubble_Pile_02.prefab using Guid(c1d4883f15067244090c89d0470f582e) Importer(815301076,1909f56bfc062723c751e8b465ee728b)  -> (artifact id: 'b9625d48d2478478be664d5c77953ee7') in 0.010651 seconds
Number of updated asset objects reloaded before import = 0
Number of asset objects unloaded after import = 10
========================================================================
Received Import Request.
  Time since last request: 0.000021 seconds.
  path: Assets/Visual/3D Models/PolygonSciFiSpace/Prefabs/Environment/SM_Env_Planet_01.prefab
  artifactKey: Guid(e0e57137996a0f045a14063aad2e3c14) Importer(815301076,1909f56bfc062723c751e8b465ee728b)
Start importing Assets/Visual/3D Models/PolygonSciFiSpace/Prefabs/Environment/SM_Env_Planet_01.prefab using Guid(e0e57137996a0f045a14063aad2e3c14) Importer(815301076,1909f56bfc062723c751e8b465ee728b)  -> (artifact id: 'ec9940d9ab1e673ba5a51e63c44d9315') in 0.009107 seconds
Number of updated asset objects reloaded before import = 0
Number of asset objects unloaded after import = 10
========================================================================
Received Import Request.
  Time since last request: 0.000018 seconds.
  path: Assets/Visual/3D Models/PolygonSciFiSpace/Prefabs/Environment/SM_Env_Rubble_Pebbles_01.prefab
  artifactKey: Guid(e30845de42f85204da45b4a479bf42df) Importer(815301076,1909f56bfc062723c751e8b465ee728b)
Start importing Assets/Visual/3D Models/PolygonSciFiSpace/Prefabs/Environment/SM_Env_Rubble_Pebbles_01.prefab using Guid(e30845de42f85204da45b4a479bf42df) Importer(815301076,1909f56bfc062723c751e8b465ee728b)  -> (artifact id: '705d0961df4ebc53cbffe8ae1af46356') in 0.010003 seconds
Number of updated asset objects reloaded before import = 0
Number of asset objects unloaded after import = 10
========================================================================
Received Import Request.
  Time since last request: 0.000015 seconds.
  path: Assets/Visual/3D Models/PolygonSciFiSpace/Prefabs/Environment/SM_Env_Asteroid_Rock_03.prefab
  artifactKey: Guid(d5a6d7c2811ecba41be9ea2f957da0d6) Importer(815301076,1909f56bfc062723c751e8b465ee728b)
Start importing Assets/Visual/3D Models/PolygonSciFiSpace/Prefabs/Environment/SM_Env_Asteroid_Rock_03.prefab using Guid(d5a6d7c2811ecba41be9ea2f957da0d6) Importer(815301076,1909f56bfc062723c751e8b465ee728b)  -> (artifact id: 'e14c69d29949d7313c22a958890c5d6b') in 0.011853 seconds
Number of updated asset objects reloaded before import = 0
Number of asset objects unloaded after import = 11
========================================================================
Received Import Request.
  Time since last request: 0.000016 seconds.
  path: Assets/Visual/3D Models/PolygonSciFiSpace/Prefabs/Environment/SM_Env_Asteroid_Large_01.prefab
  artifactKey: Guid(dcd709e04d3ab2341ab8df4db98c0892) Importer(815301076,1909f56bfc062723c751e8b465ee728b)
Start importing Assets/Visual/3D Models/PolygonSciFiSpace/Prefabs/Environment/SM_Env_Asteroid_Large_01.prefab using Guid(dcd709e04d3ab2341ab8df4db98c0892) Importer(815301076,1909f56bfc062723c751e8b465ee728b)  -> (artifact id: 'bcc84be5814fd9a116956511ed43edf0') in 0.010672 seconds
Number of updated asset objects reloaded before import = 0
Number of asset objects unloaded after import = 11
========================================================================
Received Import Request.
  Time since last request: 0.000046 seconds.
  path: Assets/Visual/3D Models/PolygonSciFiSpace/Prefabs/Environment/SM_Env_Planet_010.prefab
  artifactKey: Guid(a6478dfeefe8ec844bf1104314990f60) Importer(815301076,1909f56bfc062723c751e8b465ee728b)
Start importing Assets/Visual/3D Models/PolygonSciFiSpace/Prefabs/Environment/SM_Env_Planet_010.prefab using Guid(a6478dfeefe8ec844bf1104314990f60) Importer(815301076,1909f56bfc062723c751e8b465ee728b)  -> (artifact id: 'f5686ec0a60a6ea1dd852c3df0981029') in 0.008875 seconds
Number of updated asset objects reloaded before import = 0
Number of asset objects unloaded after import = 10
========================================================================
Received Import Request.
  Time since last request: 0.000016 seconds.
  path: Assets/Visual/3D Models/PolygonSciFiSpace/Prefabs/Environment/SM_Env_PlanetRings_01.prefab
  artifactKey: Guid(4f18bd9d42d26074fac7a87dbe5da29c) Importer(815301076,1909f56bfc062723c751e8b465ee728b)
Start importing Assets/Visual/3D Models/PolygonSciFiSpace/Prefabs/Environment/SM_Env_PlanetRings_01.prefab using Guid(4f18bd9d42d26074fac7a87dbe5da29c) Importer(815301076,1909f56bfc062723c751e8b465ee728b)  -> (artifact id: '474b09a37d2bd843ea6125c9ee5f3030') in 0.013409 seconds
Number of updated asset objects reloaded before import = 0
Number of asset objects unloaded after import = 9
========================================================================
Received Import Request.
  Time since last request: 0.000022 seconds.
  path: Assets/Visual/3D Models/PolygonSciFiSpace/Prefabs/Environment/SM_Env_Asteroid_Rock_01.prefab
  artifactKey: Guid(04510a9b75554b4499ab7aa4628e2c4c) Importer(815301076,1909f56bfc062723c751e8b465ee728b)
Start importing Assets/Visual/3D Models/PolygonSciFiSpace/Prefabs/Environment/SM_Env_Asteroid_Rock_01.prefab using Guid(04510a9b75554b4499ab7aa4628e2c4c) Importer(815301076,1909f56bfc062723c751e8b465ee728b)  -> (artifact id: '9d7b01287a8739c45eca526e8486c0db') in 0.009971 seconds
Number of updated asset objects reloaded before import = 0
Number of asset objects unloaded after import = 11
========================================================================
Received Prepare
Begin MonoManager ReloadAssembly
Symbol file LoadedFromMemory is not a mono symbol file
- Loaded All Assemblies, in  0.593 seconds
Refreshing native plugins compatible for Editor in 5.43 ms, found 3 plugins.
Native extension for WindowsStandalone target not found
Native extension for Android target not found
[Package Manager] Server::EnsureServerProcessIsRunning -- launch failed, reason: Unity was launched with the -noUpm command-line argument
[Package Manager] UpmClient::Send -- Unable to send message (not connected to UPM process).
[Package Manager] Cannot connect to Unity Package Manager local server
Mono: successfully reloaded assembly
- Finished resetting the current domain, in  1.308 seconds
Domain Reload Profiling: 1897ms
	BeginReloadAssembly (204ms)
		ExecutionOrderSort (0ms)
		DisableScriptedObjects (6ms)
		BackupInstance (0ms)
		ReleaseScriptingObjects (0ms)
		CreateAndSetChildDomain (46ms)
	RebuildCommonClasses (36ms)
	RebuildNativeTypeToScriptingClass (11ms)
	initialDomainReloadingComplete (39ms)
	LoadAllAssembliesAndSetupDomain (299ms)
		LoadAssemblies (393ms)
		RebuildTransferFunctionScriptingTraits (0ms)
		AnalyzeDomain (14ms)
			TypeCache.Refresh (5ms)
				TypeCache.ScanAssembly (0ms)
			ScanForSourceGeneratedMonoScriptInfo (0ms)
			ResolveRequiredComponents (7ms)
	FinalizeReload (1309ms)
		ReleaseScriptCaches (0ms)
		RebuildScriptCaches (0ms)
		SetupLoadedEditorAssemblies (643ms)
			LogAssemblyErrors (0ms)
			InitializePlatformSupportModulesInManaged (32ms)
			SetLoadedEditorAssemblies (4ms)
			RefreshPlugins (0ms)
			BeforeProcessingInitializeOnLoad (95ms)
			ProcessInitializeOnLoadAttributes (468ms)
			ProcessInitializeOnLoadMethodAttributes (33ms)
			AfterProcessingInitializeOnLoad (11ms)
			EditorAssembliesLoaded (0ms)
		ExecutionOrderSort2 (0ms)
		AwakeInstancesAfterBackupRestoration (14ms)
Refreshing native plugins compatible for Editor in 5.33 ms, found 3 plugins.
Preloading 0 native plugins for Editor in 0.00 ms.
Unloading 3821 Unused Serialized files (Serialized files now loaded: 0)
Unloading 39 unused Assets / (1.3 MB). Loaded Objects now: 4363.
Memory consumption went from 160.2 MB to 158.9 MB.
Total: 4.450000 ms (FindLiveObjects: 0.307900 ms CreateObjectMapping: 0.122500 ms MarkObjects: 3.643800 ms  DeleteObjects: 0.374300 ms)

Prepare: number of updated asset objects reloaded= 0
AssetImportParameters requested are different than current active one (requested -> active):
  custom:container-demuxer-ogg: 62fdf1f143b41e24485cea50d1cbac27 -> 
  custom:video-codec-MediaFoundation-h265: 746d11721c4dcdbdad8f713fa42b33f4 -> 
  custom:video-decoder-ogg-theora: a1e56fd34408186e4bbccfd4996cb3dc -> 
  custom:framework-win-MediaFoundation: 216162199b28c13a410421893ffa2e32 -> 
  custom:CustomObjectIndexerAttribute: 756ad292c208cfabdd7b50bc23989ffe -> 
  custom:container-demuxer-webm: 4f35f7cbe854078d1ac9338744f61a02 -> 
  custom:container-muxer-webm: aa71ff27fc2769a1b78a27578f13a17b -> 
  custom:video-decoder-webm-vp8: 9c59270c3fd7afecdb556c50c9e8de78 -> 
  custom:SearchIndexIgnoredProperties: e643bd26f0fe6173181afceb89e7c659 -> 
  custom:AudioImporter_EditorPlatform: d09bf68614088b80899f8185d706f6e7 -> 
  custom:video-encoder-webm-vp8: eb34c28f22e8b96e1ab97ce403110664 -> 
  custom:audio-decoder-ogg-vorbis: bf7c407c2cedff20999df2af8eb42d56 -> 
  custom:audio-encoder-webm-vorbis: bf7c407c2cedff20999df2af8eb42d56 -> 
========================================================================
Received Prepare
Begin MonoManager ReloadAssembly
Symbol file LoadedFromMemory is not a mono symbol file
- Loaded All Assemblies, in  0.555 seconds
Refreshing native plugins compatible for Editor in 6.06 ms, found 3 plugins.
Native extension for WindowsStandalone target not found
Native extension for Android target not found
[Package Manager] Server::EnsureServerProcessIsRunning -- launch failed, reason: Unity was launched with the -noUpm command-line argument
[Package Manager] UpmClient::Send -- Unable to send message (not connected to UPM process).
[Package Manager] Cannot connect to Unity Package Manager local server
Mono: successfully reloaded assembly
- Finished resetting the current domain, in  1.238 seconds
Domain Reload Profiling: 1789ms
	BeginReloadAssembly (182ms)
		ExecutionOrderSort (0ms)
		DisableScriptedObjects (6ms)
		BackupInstance (0ms)
		ReleaseScriptingObjects (0ms)
		CreateAndSetChildDomain (41ms)
	RebuildCommonClasses (50ms)
	RebuildNativeTypeToScriptingClass (16ms)
	initialDomainReloadingComplete (36ms)
	LoadAllAssembliesAndSetupDomain (266ms)
		LoadAssemblies (346ms)
		RebuildTransferFunctionScriptingTraits (0ms)
		AnalyzeDomain (16ms)
			TypeCache.Refresh (7ms)
				TypeCache.ScanAssembly (0ms)
			ScanForSourceGeneratedMonoScriptInfo (0ms)
			ResolveRequiredComponents (7ms)
	FinalizeReload (1239ms)
		ReleaseScriptCaches (0ms)
		RebuildScriptCaches (0ms)
		SetupLoadedEditorAssemblies (631ms)
			LogAssemblyErrors (0ms)
			InitializePlatformSupportModulesInManaged (31ms)
			SetLoadedEditorAssemblies (5ms)
			RefreshPlugins (0ms)
			BeforeProcessingInitializeOnLoad (101ms)
			ProcessInitializeOnLoadAttributes (458ms)
			ProcessInitializeOnLoadMethodAttributes (27ms)
			AfterProcessingInitializeOnLoad (10ms)
			EditorAssembliesLoaded (0ms)
		ExecutionOrderSort2 (0ms)
		AwakeInstancesAfterBackupRestoration (7ms)
Refreshing native plugins compatible for Editor in 4.71 ms, found 3 plugins.
Preloading 0 native plugins for Editor in 0.00 ms.
Unloading 3822 Unused Serialized files (Serialized files now loaded: 0)
Unloading 39 unused Assets / (1.3 MB). Loaded Objects now: 4378.
Memory consumption went from 162.4 MB to 161.1 MB.
Total: 3.532800 ms (FindLiveObjects: 0.314100 ms CreateObjectMapping: 0.136900 ms MarkObjects: 2.784400 ms  DeleteObjects: 0.296600 ms)

Prepare: number of updated asset objects reloaded= 0
AssetImportParameters requested are different than current active one (requested -> active):
  custom:container-demuxer-ogg: 62fdf1f143b41e24485cea50d1cbac27 -> 
  custom:video-codec-MediaFoundation-h265: 746d11721c4dcdbdad8f713fa42b33f4 -> 
  custom:video-decoder-ogg-theora: a1e56fd34408186e4bbccfd4996cb3dc -> 
  custom:framework-win-MediaFoundation: 216162199b28c13a410421893ffa2e32 -> 
  custom:CustomObjectIndexerAttribute: 756ad292c208cfabdd7b50bc23989ffe -> 
  custom:container-demuxer-webm: 4f35f7cbe854078d1ac9338744f61a02 -> 
  custom:container-muxer-webm: aa71ff27fc2769a1b78a27578f13a17b -> 
  custom:video-decoder-webm-vp8: 9c59270c3fd7afecdb556c50c9e8de78 -> 
  custom:SearchIndexIgnoredProperties: e643bd26f0fe6173181afceb89e7c659 -> 
  custom:AudioImporter_EditorPlatform: d09bf68614088b80899f8185d706f6e7 -> 
  custom:video-encoder-webm-vp8: eb34c28f22e8b96e1ab97ce403110664 -> 
  custom:audio-decoder-ogg-vorbis: bf7c407c2cedff20999df2af8eb42d56 -> 
  custom:audio-encoder-webm-vorbis: bf7c407c2cedff20999df2af8eb42d56 -> 
========================================================================
Received Prepare
Begin MonoManager ReloadAssembly
Symbol file LoadedFromMemory is not a mono symbol file
- Loaded All Assemblies, in  0.531 seconds
Refreshing native plugins compatible for Editor in 4.45 ms, found 3 plugins.
Native extension for WindowsStandalone target not found
Native extension for Android target not found
[Package Manager] Server::EnsureServerProcessIsRunning -- launch failed, reason: Unity was launched with the -noUpm command-line argument
[Package Manager] UpmClient::Send -- Unable to send message (not connected to UPM process).
[Package Manager] Cannot connect to Unity Package Manager local server
Mono: successfully reloaded assembly
- Finished resetting the current domain, in  1.285 seconds
Domain Reload Profiling: 1812ms
	BeginReloadAssembly (180ms)
		ExecutionOrderSort (0ms)
		DisableScriptedObjects (5ms)
		BackupInstance (0ms)
		ReleaseScriptingObjects (0ms)
		CreateAndSetChildDomain (51ms)
	RebuildCommonClasses (39ms)
	RebuildNativeTypeToScriptingClass (18ms)
	initialDomainReloadingComplete (36ms)
	LoadAllAssembliesAndSetupDomain (253ms)
		LoadAssemblies (325ms)
		RebuildTransferFunctionScriptingTraits (0ms)
		AnalyzeDomain (16ms)
			TypeCache.Refresh (8ms)
				TypeCache.ScanAssembly (0ms)
			ScanForSourceGeneratedMonoScriptInfo (0ms)
			ResolveRequiredComponents (7ms)
	FinalizeReload (1286ms)
		ReleaseScriptCaches (0ms)
		RebuildScriptCaches (0ms)
		SetupLoadedEditorAssemblies (652ms)
			LogAssemblyErrors (0ms)
			InitializePlatformSupportModulesInManaged (35ms)
			SetLoadedEditorAssemblies (6ms)
			RefreshPlugins (0ms)
			BeforeProcessingInitializeOnLoad (93ms)
			ProcessInitializeOnLoadAttributes (475ms)
			ProcessInitializeOnLoadMethodAttributes (32ms)
			AfterProcessingInitializeOnLoad (11ms)
			EditorAssembliesLoaded (0ms)
		ExecutionOrderSort2 (0ms)
		AwakeInstancesAfterBackupRestoration (9ms)
Refreshing native plugins compatible for Editor in 5.27 ms, found 3 plugins.
Preloading 0 native plugins for Editor in 0.00 ms.
Unloading 3822 Unused Serialized files (Serialized files now loaded: 0)
Unloading 39 unused Assets / (1.3 MB). Loaded Objects now: 4393.
Memory consumption went from 164.4 MB to 163.0 MB.
Total: 4.957800 ms (FindLiveObjects: 0.577300 ms CreateObjectMapping: 0.283300 ms MarkObjects: 3.721200 ms  DeleteObjects: 0.374600 ms)

Prepare: number of updated asset objects reloaded= 0
AssetImportParameters requested are different than current active one (requested -> active):
  custom:container-demuxer-ogg: 62fdf1f143b41e24485cea50d1cbac27 -> 
  custom:video-codec-MediaFoundation-h265: 746d11721c4dcdbdad8f713fa42b33f4 -> 
  custom:video-decoder-ogg-theora: a1e56fd34408186e4bbccfd4996cb3dc -> 
  custom:framework-win-MediaFoundation: 216162199b28c13a410421893ffa2e32 -> 
  custom:CustomObjectIndexerAttribute: 756ad292c208cfabdd7b50bc23989ffe -> 
  custom:container-demuxer-webm: 4f35f7cbe854078d1ac9338744f61a02 -> 
  custom:container-muxer-webm: aa71ff27fc2769a1b78a27578f13a17b -> 
  custom:video-decoder-webm-vp8: 9c59270c3fd7afecdb556c50c9e8de78 -> 
  custom:SearchIndexIgnoredProperties: e643bd26f0fe6173181afceb89e7c659 -> 
  custom:AudioImporter_EditorPlatform: d09bf68614088b80899f8185d706f6e7 -> 
  custom:video-encoder-webm-vp8: eb34c28f22e8b96e1ab97ce403110664 -> 
  custom:audio-decoder-ogg-vorbis: bf7c407c2cedff20999df2af8eb42d56 -> 
  custom:audio-encoder-webm-vorbis: bf7c407c2cedff20999df2af8eb42d56 -> 
========================================================================
Received Prepare
Begin MonoManager ReloadAssembly
Symbol file LoadedFromMemory is not a mono symbol file
- Loaded All Assemblies, in  0.578 seconds
Refreshing native plugins compatible for Editor in 15.36 ms, found 3 plugins.
Native extension for WindowsStandalone target not found
Native extension for Android target not found
[Package Manager] Server::EnsureServerProcessIsRunning -- launch failed, reason: Unity was launched with the -noUpm command-line argument
[Package Manager] UpmClient::Send -- Unable to send message (not connected to UPM process).
[Package Manager] Cannot connect to Unity Package Manager local server
Mono: successfully reloaded assembly
- Finished resetting the current domain, in  1.143 seconds
Domain Reload Profiling: 1716ms
	BeginReloadAssembly (178ms)
		ExecutionOrderSort (0ms)
		DisableScriptedObjects (5ms)
		BackupInstance (0ms)
		ReleaseScriptingObjects (0ms)
		CreateAndSetChildDomain (42ms)
	RebuildCommonClasses (47ms)
	RebuildNativeTypeToScriptingClass (11ms)
	initialDomainReloadingComplete (37ms)
	LoadAllAssembliesAndSetupDomain (299ms)
		LoadAssemblies (339ms)
		RebuildTransferFunctionScriptingTraits (0ms)
		AnalyzeDomain (51ms)
			TypeCache.Refresh (10ms)
				TypeCache.ScanAssembly (1ms)
			ScanForSourceGeneratedMonoScriptInfo (22ms)
			ResolveRequiredComponents (17ms)
	FinalizeReload (1143ms)
		ReleaseScriptCaches (0ms)
		RebuildScriptCaches (0ms)
		SetupLoadedEditorAssemblies (563ms)
			LogAssemblyErrors (0ms)
			InitializePlatformSupportModulesInManaged (27ms)
			SetLoadedEditorAssemblies (5ms)
			RefreshPlugins (0ms)
			BeforeProcessingInitializeOnLoad (83ms)
			ProcessInitializeOnLoadAttributes (414ms)
			ProcessInitializeOnLoadMethodAttributes (24ms)
			AfterProcessingInitializeOnLoad (9ms)
			EditorAssembliesLoaded (0ms)
		ExecutionOrderSort2 (0ms)
		AwakeInstancesAfterBackupRestoration (6ms)
Refreshing native plugins compatible for Editor in 4.44 ms, found 3 plugins.
Preloading 0 native plugins for Editor in 0.00 ms.
Unloading 3823 Unused Serialized files (Serialized files now loaded: 0)
Unloading 39 unused Assets / (1.3 MB). Loaded Objects now: 4409.
Memory consumption went from 166.3 MB to 165.0 MB.
Total: 3.752300 ms (FindLiveObjects: 0.297000 ms CreateObjectMapping: 0.137000 ms MarkObjects: 3.029300 ms  DeleteObjects: 0.287800 ms)

Prepare: number of updated asset objects reloaded= 0
AssetImportParameters requested are different than current active one (requested -> active):
  custom:container-demuxer-ogg: 62fdf1f143b41e24485cea50d1cbac27 -> 
  custom:video-codec-MediaFoundation-h265: 746d11721c4dcdbdad8f713fa42b33f4 -> 
  custom:video-decoder-ogg-theora: a1e56fd34408186e4bbccfd4996cb3dc -> 
  custom:framework-win-MediaFoundation: 216162199b28c13a410421893ffa2e32 -> 
  custom:CustomObjectIndexerAttribute: 756ad292c208cfabdd7b50bc23989ffe -> 
  custom:container-demuxer-webm: 4f35f7cbe854078d1ac9338744f61a02 -> 
  custom:container-muxer-webm: aa71ff27fc2769a1b78a27578f13a17b -> 
  custom:video-decoder-webm-vp8: 9c59270c3fd7afecdb556c50c9e8de78 -> 
  custom:SearchIndexIgnoredProperties: e643bd26f0fe6173181afceb89e7c659 -> 
  custom:AudioImporter_EditorPlatform: d09bf68614088b80899f8185d706f6e7 -> 
  custom:video-encoder-webm-vp8: eb34c28f22e8b96e1ab97ce403110664 -> 
  custom:audio-decoder-ogg-vorbis: bf7c407c2cedff20999df2af8eb42d56 -> 
  custom:audio-encoder-webm-vorbis: bf7c407c2cedff20999df2af8eb42d56 -> 
========================================================================
Received Import Request.
  Time since last request: 1767.131572 seconds.
  path: Assets/Rotation.cs
  artifactKey: Guid(a6f00637d7df10749903187247aadec3) Importer(815301076,1909f56bfc062723c751e8b465ee728b)
Start importing Assets/Rotation.cs using Guid(a6f00637d7df10749903187247aadec3) Importer(815301076,1909f56bfc062723c751e8b465ee728b)  -> (artifact id: '18f3a0f23613ae70b45105384303cda8') in 0.008607 seconds
Number of updated asset objects reloaded before import = 0
Number of asset objects unloaded after import = 0
========================================================================
Received Prepare
Begin MonoManager ReloadAssembly
Symbol file LoadedFromMemory is not a mono symbol file
- Loaded All Assemblies, in  0.670 seconds
Refreshing native plugins compatible for Editor in 7.49 ms, found 3 plugins.
Native extension for WindowsStandalone target not found
Native extension for Android target not found
[Package Manager] Server::EnsureServerProcessIsRunning -- launch failed, reason: Unity was launched with the -noUpm command-line argument
[Package Manager] UpmClient::Send -- Unable to send message (not connected to UPM process).
[Package Manager] Cannot connect to Unity Package Manager local server
Mono: successfully reloaded assembly
- Finished resetting the current domain, in  1.469 seconds
Domain Reload Profiling: 2136ms
	BeginReloadAssembly (218ms)
		ExecutionOrderSort (0ms)
		DisableScriptedObjects (10ms)
		BackupInstance (0ms)
		ReleaseScriptingObjects (0ms)
		CreateAndSetChildDomain (58ms)
	RebuildCommonClasses (51ms)
	RebuildNativeTypeToScriptingClass (18ms)
	initialDomainReloadingComplete (47ms)
	LoadAllAssembliesAndSetupDomain (332ms)
		LoadAssemblies (389ms)
		RebuildTransferFunctionScriptingTraits (0ms)
		AnalyzeDomain (50ms)
			TypeCache.Refresh (17ms)
				TypeCache.ScanAssembly (2ms)
			ScanForSourceGeneratedMonoScriptInfo (19ms)
			ResolveRequiredComponents (12ms)
	FinalizeReload (1470ms)
		ReleaseScriptCaches (0ms)
		RebuildScriptCaches (0ms)
		SetupLoadedEditorAssemblies (719ms)
			LogAssemblyErrors (0ms)
			InitializePlatformSupportModulesInManaged (34ms)
			SetLoadedEditorAssemblies (6ms)
			RefreshPlugins (0ms)
			BeforeProcessingInitializeOnLoad (108ms)
			ProcessInitializeOnLoadAttributes (518ms)
			ProcessInitializeOnLoadMethodAttributes (38ms)
			AfterProcessingInitializeOnLoad (14ms)
			EditorAssembliesLoaded (0ms)
		ExecutionOrderSort2 (0ms)
		AwakeInstancesAfterBackupRestoration (8ms)
Refreshing native plugins compatible for Editor in 6.17 ms, found 3 plugins.
Preloading 0 native plugins for Editor in 0.00 ms.
Unloading 3821 Unused Serialized files (Serialized files now loaded: 0)
Unloading 40 unused Assets / (1.3 MB). Loaded Objects now: 4423.
Memory consumption went from 168.0 MB to 166.7 MB.
Total: 4.777000 ms (FindLiveObjects: 0.502300 ms CreateObjectMapping: 0.204600 ms MarkObjects: 3.634300 ms  DeleteObjects: 0.433900 ms)

Prepare: number of updated asset objects reloaded= 0
AssetImportParameters requested are different than current active one (requested -> active):
  custom:container-demuxer-ogg: 62fdf1f143b41e24485cea50d1cbac27 -> 
  custom:video-codec-MediaFoundation-h265: 746d11721c4dcdbdad8f713fa42b33f4 -> 
  custom:video-decoder-ogg-theora: a1e56fd34408186e4bbccfd4996cb3dc -> 
  custom:framework-win-MediaFoundation: 216162199b28c13a410421893ffa2e32 -> 
  custom:CustomObjectIndexerAttribute: 756ad292c208cfabdd7b50bc23989ffe -> 
  custom:container-demuxer-webm: 4f35f7cbe854078d1ac9338744f61a02 -> 
  custom:container-muxer-webm: aa71ff27fc2769a1b78a27578f13a17b -> 
  custom:video-decoder-webm-vp8: 9c59270c3fd7afecdb556c50c9e8de78 -> 
  custom:SearchIndexIgnoredProperties: e643bd26f0fe6173181afceb89e7c659 -> 
  custom:AudioImporter_EditorPlatform: d09bf68614088b80899f8185d706f6e7 -> 
  custom:video-encoder-webm-vp8: eb34c28f22e8b96e1ab97ce403110664 -> 
  custom:audio-decoder-ogg-vorbis: bf7c407c2cedff20999df2af8eb42d56 -> 
  custom:audio-encoder-webm-vorbis: bf7c407c2cedff20999df2af8eb42d56 -> 
========================================================================
Received Prepare
Begin MonoManager ReloadAssembly
Symbol file LoadedFromMemory is not a mono symbol file
- Loaded All Assemblies, in  0.709 seconds
Refreshing native plugins compatible for Editor in 6.49 ms, found 3 plugins.
Native extension for WindowsStandalone target not found
Native extension for Android target not found
[Package Manager] Server::EnsureServerProcessIsRunning -- launch failed, reason: Unity was launched with the -noUpm command-line argument
[Package Manager] UpmClient::Send -- Unable to send message (not connected to UPM process).
[Package Manager] Cannot connect to Unity Package Manager local server
Mono: successfully reloaded assembly
- Finished resetting the current domain, in  1.960 seconds
Domain Reload Profiling: 2665ms
	BeginReloadAssembly (243ms)
		ExecutionOrderSort (0ms)
		DisableScriptedObjects (7ms)
		BackupInstance (0ms)
		ReleaseScriptingObjects (0ms)
		CreateAndSetChildDomain (47ms)
	RebuildCommonClasses (50ms)
	RebuildNativeTypeToScriptingClass (13ms)
	initialDomainReloadingComplete (41ms)
	LoadAllAssembliesAndSetupDomain (357ms)
		LoadAssemblies (460ms)
		RebuildTransferFunctionScriptingTraits (0ms)
		AnalyzeDomain (41ms)
			TypeCache.Refresh (11ms)
				TypeCache.ScanAssembly (1ms)
			ScanForSourceGeneratedMonoScriptInfo (18ms)
			ResolveRequiredComponents (11ms)
	FinalizeReload (1960ms)
		ReleaseScriptCaches (0ms)
		RebuildScriptCaches (0ms)
		SetupLoadedEditorAssemblies (624ms)
			LogAssemblyErrors (0ms)
			InitializePlatformSupportModulesInManaged (32ms)
			SetLoadedEditorAssemblies (6ms)
			RefreshPlugins (0ms)
			BeforeProcessingInitializeOnLoad (92ms)
			ProcessInitializeOnLoadAttributes (454ms)
			ProcessInitializeOnLoadMethodAttributes (28ms)
			AfterProcessingInitializeOnLoad (11ms)
			EditorAssembliesLoaded (0ms)
		ExecutionOrderSort2 (0ms)
		AwakeInstancesAfterBackupRestoration (9ms)
Refreshing native plugins compatible for Editor in 6.75 ms, found 3 plugins.
Preloading 0 native plugins for Editor in 0.00 ms.
Unloading 3823 Unused Serialized files (Serialized files now loaded: 0)
Unloading 39 unused Assets / (1.3 MB). Loaded Objects now: 4439.
Memory consumption went from 170.2 MB to 168.8 MB.
Total: 5.301700 ms (FindLiveObjects: 0.548800 ms CreateObjectMapping: 0.228000 ms MarkObjects: 4.060500 ms  DeleteObjects: 0.462600 ms)

Prepare: number of updated asset objects reloaded= 0
AssetImportParameters requested are different than current active one (requested -> active):
  custom:container-demuxer-ogg: 62fdf1f143b41e24485cea50d1cbac27 -> 
  custom:video-codec-MediaFoundation-h265: 746d11721c4dcdbdad8f713fa42b33f4 -> 
  custom:video-decoder-ogg-theora: a1e56fd34408186e4bbccfd4996cb3dc -> 
  custom:framework-win-MediaFoundation: 216162199b28c13a410421893ffa2e32 -> 
  custom:CustomObjectIndexerAttribute: 756ad292c208cfabdd7b50bc23989ffe -> 
  custom:container-demuxer-webm: 4f35f7cbe854078d1ac9338744f61a02 -> 
  custom:container-muxer-webm: aa71ff27fc2769a1b78a27578f13a17b -> 
  custom:video-decoder-webm-vp8: 9c59270c3fd7afecdb556c50c9e8de78 -> 
  custom:SearchIndexIgnoredProperties: e643bd26f0fe6173181afceb89e7c659 -> 
  custom:AudioImporter_EditorPlatform: d09bf68614088b80899f8185d706f6e7 -> 
  custom:video-encoder-webm-vp8: eb34c28f22e8b96e1ab97ce403110664 -> 
  custom:audio-decoder-ogg-vorbis: bf7c407c2cedff20999df2af8eb42d56 -> 
  custom:audio-encoder-webm-vorbis: bf7c407c2cedff20999df2af8eb42d56 -> 
========================================================================
Received Import Request.
  Time since last request: 785.423531 seconds.
  path: Assets/Rotation.cs
  artifactKey: Guid(a6f00637d7df10749903187247aadec3) Importer(815301076,1909f56bfc062723c751e8b465ee728b)
Start importing Assets/Rotation.cs using Guid(a6f00637d7df10749903187247aadec3) Importer(815301076,1909f56bfc062723c751e8b465ee728b)  -> (artifact id: '9c0c9fd88da21f5467b7116c3513f4d8') in 0.003056 seconds
Number of updated asset objects reloaded before import = 0
Number of asset objects unloaded after import = 0
========================================================================
Received Prepare
Begin MonoManager ReloadAssembly
Symbol file LoadedFromMemory is not a mono symbol file
- Loaded All Assemblies, in  0.607 seconds
Refreshing native plugins compatible for Editor in 5.22 ms, found 3 plugins.
Native extension for WindowsStandalone target not found
Native extension for Android target not found
[Package Manager] Server::EnsureServerProcessIsRunning -- launch failed, reason: Unity was launched with the -noUpm command-line argument
[Package Manager] UpmClient::Send -- Unable to send message (not connected to UPM process).
[Package Manager] Cannot connect to Unity Package Manager local server
Mono: successfully reloaded assembly
- Finished resetting the current domain, in  1.824 seconds
Domain Reload Profiling: 2427ms
	BeginReloadAssembly (185ms)
		ExecutionOrderSort (0ms)
		DisableScriptedObjects (6ms)
		BackupInstance (0ms)
		ReleaseScriptingObjects (0ms)
		CreateAndSetChildDomain (44ms)
	RebuildCommonClasses (41ms)
	RebuildNativeTypeToScriptingClass (12ms)
	initialDomainReloadingComplete (36ms)
	LoadAllAssembliesAndSetupDomain (329ms)
		LoadAssemblies (388ms)
		RebuildTransferFunctionScriptingTraits (0ms)
		AnalyzeDomain (38ms)
			TypeCache.Refresh (11ms)
				TypeCache.ScanAssembly (1ms)
			ScanForSourceGeneratedMonoScriptInfo (16ms)
			ResolveRequiredComponents (9ms)
	FinalizeReload (1825ms)
		ReleaseScriptCaches (0ms)
		RebuildScriptCaches (0ms)
		SetupLoadedEditorAssemblies (535ms)
			LogAssemblyErrors (0ms)
			InitializePlatformSupportModulesInManaged (31ms)
			SetLoadedEditorAssemblies (5ms)
			RefreshPlugins (0ms)
			BeforeProcessingInitializeOnLoad (78ms)
			ProcessInitializeOnLoadAttributes (384ms)
			ProcessInitializeOnLoadMethodAttributes (25ms)
			AfterProcessingInitializeOnLoad (11ms)
			EditorAssembliesLoaded (1ms)
		ExecutionOrderSort2 (0ms)
		AwakeInstancesAfterBackupRestoration (7ms)
Refreshing native plugins compatible for Editor in 4.49 ms, found 3 plugins.
Preloading 0 native plugins for Editor in 0.00 ms.
Unloading 3822 Unused Serialized files (Serialized files now loaded: 0)
Unloading 39 unused Assets / (1.3 MB). Loaded Objects now: 4454.
Memory consumption went from 171.9 MB to 170.5 MB.
Total: 3.390200 ms (FindLiveObjects: 0.297100 ms CreateObjectMapping: 0.138000 ms MarkObjects: 2.685200 ms  DeleteObjects: 0.268900 ms)

Prepare: number of updated asset objects reloaded= 0
AssetImportParameters requested are different than current active one (requested -> active):
  custom:container-demuxer-ogg: 62fdf1f143b41e24485cea50d1cbac27 -> 
  custom:video-codec-MediaFoundation-h265: 746d11721c4dcdbdad8f713fa42b33f4 -> 
  custom:video-decoder-ogg-theora: a1e56fd34408186e4bbccfd4996cb3dc -> 
  custom:framework-win-MediaFoundation: 216162199b28c13a410421893ffa2e32 -> 
  custom:CustomObjectIndexerAttribute: 756ad292c208cfabdd7b50bc23989ffe -> 
  custom:container-demuxer-webm: 4f35f7cbe854078d1ac9338744f61a02 -> 
  custom:container-muxer-webm: aa71ff27fc2769a1b78a27578f13a17b -> 
  custom:video-decoder-webm-vp8: 9c59270c3fd7afecdb556c50c9e8de78 -> 
  custom:SearchIndexIgnoredProperties: e643bd26f0fe6173181afceb89e7c659 -> 
  custom:AudioImporter_EditorPlatform: d09bf68614088b80899f8185d706f6e7 -> 
  custom:video-encoder-webm-vp8: eb34c28f22e8b96e1ab97ce403110664 -> 
  custom:audio-decoder-ogg-vorbis: bf7c407c2cedff20999df2af8eb42d56 -> 
  custom:audio-encoder-webm-vorbis: bf7c407c2cedff20999df2af8eb42d56 -> 
========================================================================
Received Prepare
Begin MonoManager ReloadAssembly
Symbol file LoadedFromMemory is not a mono symbol file
- Loaded All Assemblies, in  0.542 seconds
Refreshing native plugins compatible for Editor in 5.89 ms, found 3 plugins.
Native extension for WindowsStandalone target not found
Native extension for Android target not found
[Package Manager] Server::EnsureServerProcessIsRunning -- launch failed, reason: Unity was launched with the -noUpm command-line argument
[Package Manager] UpmClient::Send -- Unable to send message (not connected to UPM process).
[Package Manager] Cannot connect to Unity Package Manager local server
Mono: successfully reloaded assembly
- Finished resetting the current domain, in  1.370 seconds
Domain Reload Profiling: 1908ms
	BeginReloadAssembly (177ms)
		ExecutionOrderSort (0ms)
		DisableScriptedObjects (5ms)
		BackupInstance (0ms)
		ReleaseScriptingObjects (0ms)
		CreateAndSetChildDomain (42ms)
	RebuildCommonClasses (41ms)
	RebuildNativeTypeToScriptingClass (13ms)
	initialDomainReloadingComplete (37ms)
	LoadAllAssembliesAndSetupDomain (270ms)
		LoadAssemblies (348ms)
		RebuildTransferFunctionScriptingTraits (0ms)
		AnalyzeDomain (15ms)
			TypeCache.Refresh (6ms)
				TypeCache.ScanAssembly (0ms)
			ScanForSourceGeneratedMonoScriptInfo (0ms)
			ResolveRequiredComponents (7ms)
	FinalizeReload (1371ms)
		ReleaseScriptCaches (0ms)
		RebuildScriptCaches (0ms)
		SetupLoadedEditorAssemblies (642ms)
			LogAssemblyErrors (0ms)
			InitializePlatformSupportModulesInManaged (32ms)
			SetLoadedEditorAssemblies (5ms)
			RefreshPlugins (0ms)
			BeforeProcessingInitializeOnLoad (102ms)
			ProcessInitializeOnLoadAttributes (462ms)
			ProcessInitializeOnLoadMethodAttributes (29ms)
			AfterProcessingInitializeOnLoad (11ms)
			EditorAssembliesLoaded (0ms)
		ExecutionOrderSort2 (0ms)
		AwakeInstancesAfterBackupRestoration (8ms)
Refreshing native plugins compatible for Editor in 5.68 ms, found 3 plugins.
Preloading 0 native plugins for Editor in 0.00 ms.
Unloading 3823 Unused Serialized files (Serialized files now loaded: 0)
Unloading 39 unused Assets / (1.3 MB). Loaded Objects now: 4469.
Memory consumption went from 174.0 MB to 172.7 MB.
Total: 4.393300 ms (FindLiveObjects: 0.332600 ms CreateObjectMapping: 0.152400 ms MarkObjects: 3.467900 ms  DeleteObjects: 0.439300 ms)

Prepare: number of updated asset objects reloaded= 0
AssetImportParameters requested are different than current active one (requested -> active):
  custom:container-demuxer-ogg: 62fdf1f143b41e24485cea50d1cbac27 -> 
  custom:video-codec-MediaFoundation-h265: 746d11721c4dcdbdad8f713fa42b33f4 -> 
  custom:video-decoder-ogg-theora: a1e56fd34408186e4bbccfd4996cb3dc -> 
  custom:framework-win-MediaFoundation: 216162199b28c13a410421893ffa2e32 -> 
  custom:CustomObjectIndexerAttribute: 756ad292c208cfabdd7b50bc23989ffe -> 
  custom:container-demuxer-webm: 4f35f7cbe854078d1ac9338744f61a02 -> 
  custom:container-muxer-webm: aa71ff27fc2769a1b78a27578f13a17b -> 
  custom:video-decoder-webm-vp8: 9c59270c3fd7afecdb556c50c9e8de78 -> 
  custom:SearchIndexIgnoredProperties: e643bd26f0fe6173181afceb89e7c659 -> 
  custom:AudioImporter_EditorPlatform: d09bf68614088b80899f8185d706f6e7 -> 
  custom:video-encoder-webm-vp8: eb34c28f22e8b96e1ab97ce403110664 -> 
  custom:audio-decoder-ogg-vorbis: bf7c407c2cedff20999df2af8eb42d56 -> 
  custom:audio-encoder-webm-vorbis: bf7c407c2cedff20999df2af8eb42d56 -> 
========================================================================
Received Prepare
Begin MonoManager ReloadAssembly
Symbol file LoadedFromMemory is not a mono symbol file
- Loaded All Assemblies, in  0.519 seconds
Refreshing native plugins compatible for Editor in 4.74 ms, found 3 plugins.
Native extension for WindowsStandalone target not found
Native extension for Android target not found
[Package Manager] Server::EnsureServerProcessIsRunning -- launch failed, reason: Unity was launched with the -noUpm command-line argument
[Package Manager] UpmClient::Send -- Unable to send message (not connected to UPM process).
[Package Manager] Cannot connect to Unity Package Manager local server
Mono: successfully reloaded assembly
- Finished resetting the current domain, in  1.261 seconds
Domain Reload Profiling: 1776ms
	BeginReloadAssembly (180ms)
		ExecutionOrderSort (0ms)
		DisableScriptedObjects (7ms)
		BackupInstance (0ms)
		ReleaseScriptingObjects (0ms)
		CreateAndSetChildDomain (43ms)
	RebuildCommonClasses (35ms)
	RebuildNativeTypeToScriptingClass (14ms)
	initialDomainReloadingComplete (36ms)
	LoadAllAssembliesAndSetupDomain (250ms)
		LoadAssemblies (328ms)
		RebuildTransferFunctionScriptingTraits (0ms)
		AnalyzeDomain (14ms)
			TypeCache.Refresh (5ms)
				TypeCache.ScanAssembly (0ms)
			ScanForSourceGeneratedMonoScriptInfo (0ms)
			ResolveRequiredComponents (7ms)
	FinalizeReload (1261ms)
		ReleaseScriptCaches (0ms)
		RebuildScriptCaches (0ms)
		SetupLoadedEditorAssemblies (642ms)
			LogAssemblyErrors (0ms)
			InitializePlatformSupportModulesInManaged (34ms)
			SetLoadedEditorAssemblies (6ms)
			RefreshPlugins (0ms)
			BeforeProcessingInitializeOnLoad (100ms)
			ProcessInitializeOnLoadAttributes (460ms)
			ProcessInitializeOnLoadMethodAttributes (31ms)
			AfterProcessingInitializeOnLoad (10ms)
			EditorAssembliesLoaded (0ms)
		ExecutionOrderSort2 (0ms)
		AwakeInstancesAfterBackupRestoration (8ms)
Refreshing native plugins compatible for Editor in 6.58 ms, found 3 plugins.
Preloading 0 native plugins for Editor in 0.00 ms.
Unloading 3823 Unused Serialized files (Serialized files now loaded: 0)
Unloading 39 unused Assets / (1.3 MB). Loaded Objects now: 4484.
Memory consumption went from 176.0 MB to 174.7 MB.
Total: 4.504300 ms (FindLiveObjects: 0.417000 ms CreateObjectMapping: 0.161200 ms MarkObjects: 3.497900 ms  DeleteObjects: 0.425600 ms)

Prepare: number of updated asset objects reloaded= 0
AssetImportParameters requested are different than current active one (requested -> active):
  custom:container-demuxer-ogg: 62fdf1f143b41e24485cea50d1cbac27 -> 
  custom:video-codec-MediaFoundation-h265: 746d11721c4dcdbdad8f713fa42b33f4 -> 
  custom:video-decoder-ogg-theora: a1e56fd34408186e4bbccfd4996cb3dc -> 
  custom:framework-win-MediaFoundation: 216162199b28c13a410421893ffa2e32 -> 
  custom:CustomObjectIndexerAttribute: 756ad292c208cfabdd7b50bc23989ffe -> 
  custom:container-demuxer-webm: 4f35f7cbe854078d1ac9338744f61a02 -> 
  custom:container-muxer-webm: aa71ff27fc2769a1b78a27578f13a17b -> 
  custom:video-decoder-webm-vp8: 9c59270c3fd7afecdb556c50c9e8de78 -> 
  custom:SearchIndexIgnoredProperties: e643bd26f0fe6173181afceb89e7c659 -> 
  custom:AudioImporter_EditorPlatform: d09bf68614088b80899f8185d706f6e7 -> 
  custom:video-encoder-webm-vp8: eb34c28f22e8b96e1ab97ce403110664 -> 
  custom:audio-decoder-ogg-vorbis: bf7c407c2cedff20999df2af8eb42d56 -> 
  custom:audio-encoder-webm-vorbis: bf7c407c2cedff20999df2af8eb42d56 -> 
========================================================================
Received Import Request.
  Time since last request: 102.553356 seconds.
  path: Assets/Rotation.cs
  artifactKey: Guid(a6f00637d7df10749903187247aadec3) Importer(815301076,1909f56bfc062723c751e8b465ee728b)
Start importing Assets/Rotation.cs using Guid(a6f00637d7df10749903187247aadec3) Importer(815301076,1909f56bfc062723c751e8b465ee728b)  -> (artifact id: 'd59d6c75d3bea2be357e49096d887b61') in 0.001724 seconds
Number of updated asset objects reloaded before import = 0
Number of asset objects unloaded after import = 0
========================================================================
Received Prepare
Begin MonoManager ReloadAssembly
Symbol file LoadedFromMemory is not a mono symbol file
- Loaded All Assemblies, in  0.523 seconds
Refreshing native plugins compatible for Editor in 5.05 ms, found 3 plugins.
Native extension for WindowsStandalone target not found
Native extension for Android target not found
[Package Manager] Server::EnsureServerProcessIsRunning -- launch failed, reason: Unity was launched with the -noUpm command-line argument
[Package Manager] UpmClient::Send -- Unable to send message (not connected to UPM process).
[Package Manager] Cannot connect to Unity Package Manager local server
Mono: successfully reloaded assembly
- Finished resetting the current domain, in  1.286 seconds
Domain Reload Profiling: 1806ms
	BeginReloadAssembly (181ms)
		ExecutionOrderSort (0ms)
		DisableScriptedObjects (6ms)
		BackupInstance (0ms)
		ReleaseScriptingObjects (0ms)
		CreateAndSetChildDomain (44ms)
	RebuildCommonClasses (38ms)
	RebuildNativeTypeToScriptingClass (11ms)
	initialDomainReloadingComplete (38ms)
	LoadAllAssembliesAndSetupDomain (251ms)
		LoadAssemblies (329ms)
		RebuildTransferFunctionScriptingTraits (0ms)
		AnalyzeDomain (15ms)
			TypeCache.Refresh (6ms)
				TypeCache.ScanAssembly (0ms)
			ScanForSourceGeneratedMonoScriptInfo (0ms)
			ResolveRequiredComponents (7ms)
	FinalizeReload (1287ms)
		ReleaseScriptCaches (0ms)
		RebuildScriptCaches (0ms)
		SetupLoadedEditorAssemblies (645ms)
			LogAssemblyErrors (0ms)
			InitializePlatformSupportModulesInManaged (36ms)
			SetLoadedEditorAssemblies (5ms)
			RefreshPlugins (0ms)
			BeforeProcessingInitializeOnLoad (99ms)
			ProcessInitializeOnLoadAttributes (461ms)
			ProcessInitializeOnLoadMethodAttributes (32ms)
			AfterProcessingInitializeOnLoad (12ms)
			EditorAssembliesLoaded (0ms)
		ExecutionOrderSort2 (0ms)
		AwakeInstancesAfterBackupRestoration (7ms)
Refreshing native plugins compatible for Editor in 5.86 ms, found 3 plugins.
Preloading 0 native plugins for Editor in 0.00 ms.
Unloading 3822 Unused Serialized files (Serialized files now loaded: 0)
Unloading 39 unused Assets / (1.3 MB). Loaded Objects now: 4499.
Memory consumption went from 177.7 MB to 176.3 MB.
Total: 3.812200 ms (FindLiveObjects: 0.327500 ms CreateObjectMapping: 0.149800 ms MarkObjects: 2.975000 ms  DeleteObjects: 0.358800 ms)

Prepare: number of updated asset objects reloaded= 0
AssetImportParameters requested are different than current active one (requested -> active):
  custom:container-demuxer-ogg: 62fdf1f143b41e24485cea50d1cbac27 -> 
  custom:video-codec-MediaFoundation-h265: 746d11721c4dcdbdad8f713fa42b33f4 -> 
  custom:video-decoder-ogg-theora: a1e56fd34408186e4bbccfd4996cb3dc -> 
  custom:framework-win-MediaFoundation: 216162199b28c13a410421893ffa2e32 -> 
  custom:CustomObjectIndexerAttribute: 756ad292c208cfabdd7b50bc23989ffe -> 
  custom:container-demuxer-webm: 4f35f7cbe854078d1ac9338744f61a02 -> 
  custom:container-muxer-webm: aa71ff27fc2769a1b78a27578f13a17b -> 
  custom:video-decoder-webm-vp8: 9c59270c3fd7afecdb556c50c9e8de78 -> 
  custom:SearchIndexIgnoredProperties: e643bd26f0fe6173181afceb89e7c659 -> 
  custom:AudioImporter_EditorPlatform: d09bf68614088b80899f8185d706f6e7 -> 
  custom:video-encoder-webm-vp8: eb34c28f22e8b96e1ab97ce403110664 -> 
  custom:audio-decoder-ogg-vorbis: bf7c407c2cedff20999df2af8eb42d56 -> 
  custom:audio-encoder-webm-vorbis: bf7c407c2cedff20999df2af8eb42d56 -> 
========================================================================
Received Prepare
Begin MonoManager ReloadAssembly
Symbol file LoadedFromMemory is not a mono symbol file
- Loaded All Assemblies, in  0.526 seconds
Refreshing native plugins compatible for Editor in 5.37 ms, found 3 plugins.
Native extension for WindowsStandalone target not found
Native extension for Android target not found
[Package Manager] Server::EnsureServerProcessIsRunning -- launch failed, reason: Unity was launched with the -noUpm command-line argument
[Package Manager] UpmClient::Send -- Unable to send message (not connected to UPM process).
[Package Manager] Cannot connect to Unity Package Manager local server
Mono: successfully reloaded assembly
- Finished resetting the current domain, in  1.329 seconds
Domain Reload Profiling: 1851ms
	BeginReloadAssembly (170ms)
		ExecutionOrderSort (0ms)
		DisableScriptedObjects (5ms)
		BackupInstance (0ms)
		ReleaseScriptingObjects (0ms)
		CreateAndSetChildDomain (41ms)
	RebuildCommonClasses (37ms)
	RebuildNativeTypeToScriptingClass (13ms)
	initialDomainReloadingComplete (41ms)
	LoadAllAssembliesAndSetupDomain (259ms)
		LoadAssemblies (332ms)
		RebuildTransferFunctionScriptingTraits (0ms)
		AnalyzeDomain (15ms)
			TypeCache.Refresh (6ms)
				TypeCache.ScanAssembly (0ms)
			ScanForSourceGeneratedMonoScriptInfo (0ms)
			ResolveRequiredComponents (7ms)
	FinalizeReload (1330ms)
		ReleaseScriptCaches (0ms)
		RebuildScriptCaches (0ms)
		SetupLoadedEditorAssemblies (638ms)
			LogAssemblyErrors (0ms)
			InitializePlatformSupportModulesInManaged (31ms)
			SetLoadedEditorAssemblies (6ms)
			RefreshPlugins (0ms)
			BeforeProcessingInitializeOnLoad (97ms)
			ProcessInitializeOnLoadAttributes (464ms)
			ProcessInitializeOnLoadMethodAttributes (28ms)
			AfterProcessingInitializeOnLoad (11ms)
			EditorAssembliesLoaded (0ms)
		ExecutionOrderSort2 (0ms)
		AwakeInstancesAfterBackupRestoration (9ms)
Refreshing native plugins compatible for Editor in 5.66 ms, found 3 plugins.
Preloading 0 native plugins for Editor in 0.00 ms.
Unloading 3823 Unused Serialized files (Serialized files now loaded: 0)
Unloading 39 unused Assets / (1.3 MB). Loaded Objects now: 4514.
Memory consumption went from 179.9 MB to 178.5 MB.
Total: 4.863200 ms (FindLiveObjects: 0.478900 ms CreateObjectMapping: 0.146800 ms MarkObjects: 3.896400 ms  DeleteObjects: 0.339400 ms)

Prepare: number of updated asset objects reloaded= 0
AssetImportParameters requested are different than current active one (requested -> active):
  custom:container-demuxer-ogg: 62fdf1f143b41e24485cea50d1cbac27 -> 
  custom:video-codec-MediaFoundation-h265: 746d11721c4dcdbdad8f713fa42b33f4 -> 
  custom:video-decoder-ogg-theora: a1e56fd34408186e4bbccfd4996cb3dc -> 
  custom:framework-win-MediaFoundation: 216162199b28c13a410421893ffa2e32 -> 
  custom:CustomObjectIndexerAttribute: 756ad292c208cfabdd7b50bc23989ffe -> 
  custom:container-demuxer-webm: 4f35f7cbe854078d1ac9338744f61a02 -> 
  custom:container-muxer-webm: aa71ff27fc2769a1b78a27578f13a17b -> 
  custom:video-decoder-webm-vp8: 9c59270c3fd7afecdb556c50c9e8de78 -> 
  custom:SearchIndexIgnoredProperties: e643bd26f0fe6173181afceb89e7c659 -> 
  custom:AudioImporter_EditorPlatform: d09bf68614088b80899f8185d706f6e7 -> 
  custom:video-encoder-webm-vp8: eb34c28f22e8b96e1ab97ce403110664 -> 
  custom:audio-decoder-ogg-vorbis: bf7c407c2cedff20999df2af8eb42d56 -> 
  custom:audio-encoder-webm-vorbis: bf7c407c2cedff20999df2af8eb42d56 -> 
========================================================================
Received Prepare
Begin MonoManager ReloadAssembly
Symbol file LoadedFromMemory is not a mono symbol file
- Loaded All Assemblies, in  0.694 seconds
Refreshing native plugins compatible for Editor in 6.92 ms, found 3 plugins.
Native extension for WindowsStandalone target not found
Native extension for Android target not found
[Package Manager] Server::EnsureServerProcessIsRunning -- launch failed, reason: Unity was launched with the -noUpm command-line argument
[Package Manager] UpmClient::Send -- Unable to send message (not connected to UPM process).
[Package Manager] Cannot connect to Unity Package Manager local server
Mono: successfully reloaded assembly
- Finished resetting the current domain, in  1.331 seconds
Domain Reload Profiling: 2020ms
	BeginReloadAssembly (215ms)
		ExecutionOrderSort (0ms)
		DisableScriptedObjects (7ms)
		BackupInstance (0ms)
		ReleaseScriptingObjects (0ms)
		CreateAndSetChildDomain (47ms)
	RebuildCommonClasses (67ms)
	RebuildNativeTypeToScriptingClass (16ms)
	initialDomainReloadingComplete (43ms)
	LoadAllAssembliesAndSetupDomain (346ms)
		LoadAssemblies (423ms)
		RebuildTransferFunctionScriptingTraits (0ms)
		AnalyzeDomain (39ms)
			TypeCache.Refresh (11ms)
				TypeCache.ScanAssembly (1ms)
			ScanForSourceGeneratedMonoScriptInfo (15ms)
			ResolveRequiredComponents (11ms)
	FinalizeReload (1332ms)
		ReleaseScriptCaches (0ms)
		RebuildScriptCaches (0ms)
		SetupLoadedEditorAssemblies (634ms)
			LogAssemblyErrors (0ms)
			InitializePlatformSupportModulesInManaged (32ms)
			SetLoadedEditorAssemblies (5ms)
			RefreshPlugins (0ms)
			BeforeProcessingInitializeOnLoad (94ms)
			ProcessInitializeOnLoadAttributes (459ms)
			ProcessInitializeOnLoadMethodAttributes (27ms)
			AfterProcessingInitializeOnLoad (16ms)
			EditorAssembliesLoaded (0ms)
		ExecutionOrderSort2 (0ms)
		AwakeInstancesAfterBackupRestoration (9ms)
Refreshing native plugins compatible for Editor in 5.42 ms, found 3 plugins.
Preloading 0 native plugins for Editor in 0.00 ms.
Unloading 3823 Unused Serialized files (Serialized files now loaded: 0)
Unloading 39 unused Assets / (1.3 MB). Loaded Objects now: 4529.
Memory consumption went from 181.8 MB to 180.5 MB.
Total: 3.709000 ms (FindLiveObjects: 0.330700 ms CreateObjectMapping: 0.134200 ms MarkObjects: 2.946100 ms  DeleteObjects: 0.297200 ms)

Prepare: number of updated asset objects reloaded= 0
AssetImportParameters requested are different than current active one (requested -> active):
  custom:container-demuxer-ogg: 62fdf1f143b41e24485cea50d1cbac27 -> 
  custom:video-codec-MediaFoundation-h265: 746d11721c4dcdbdad8f713fa42b33f4 -> 
  custom:video-decoder-ogg-theora: a1e56fd34408186e4bbccfd4996cb3dc -> 
  custom:framework-win-MediaFoundation: 216162199b28c13a410421893ffa2e32 -> 
  custom:CustomObjectIndexerAttribute: 756ad292c208cfabdd7b50bc23989ffe -> 
  custom:container-demuxer-webm: 4f35f7cbe854078d1ac9338744f61a02 -> 
  custom:container-muxer-webm: aa71ff27fc2769a1b78a27578f13a17b -> 
  custom:video-decoder-webm-vp8: 9c59270c3fd7afecdb556c50c9e8de78 -> 
  custom:SearchIndexIgnoredProperties: e643bd26f0fe6173181afceb89e7c659 -> 
  custom:AudioImporter_EditorPlatform: d09bf68614088b80899f8185d706f6e7 -> 
  custom:video-encoder-webm-vp8: eb34c28f22e8b96e1ab97ce403110664 -> 
  custom:audio-decoder-ogg-vorbis: bf7c407c2cedff20999df2af8eb42d56 -> 
  custom:audio-encoder-webm-vorbis: bf7c407c2cedff20999df2af8eb42d56 -> 
========================================================================
Received Prepare
Begin MonoManager ReloadAssembly
Symbol file LoadedFromMemory is not a mono symbol file
- Loaded All Assemblies, in  0.536 seconds
Refreshing native plugins compatible for Editor in 4.84 ms, found 3 plugins.
Native extension for WindowsStandalone target not found
Native extension for Android target not found
[Package Manager] Server::EnsureServerProcessIsRunning -- launch failed, reason: Unity was launched with the -noUpm command-line argument
[Package Manager] UpmClient::Send -- Unable to send message (not connected to UPM process).
[Package Manager] Cannot connect to Unity Package Manager local server
Mono: successfully reloaded assembly
- Finished resetting the current domain, in  1.349 seconds
Domain Reload Profiling: 1881ms
	BeginReloadAssembly (186ms)
		ExecutionOrderSort (0ms)
		DisableScriptedObjects (8ms)
		BackupInstance (0ms)
		ReleaseScriptingObjects (0ms)
		CreateAndSetChildDomain (41ms)
	RebuildCommonClasses (39ms)
	RebuildNativeTypeToScriptingClass (14ms)
	initialDomainReloadingComplete (34ms)
	LoadAllAssembliesAndSetupDomain (258ms)
		LoadAssemblies (342ms)
		RebuildTransferFunctionScriptingTraits (0ms)
		AnalyzeDomain (17ms)
			TypeCache.Refresh (8ms)
				TypeCache.ScanAssembly (0ms)
			ScanForSourceGeneratedMonoScriptInfo (0ms)
			ResolveRequiredComponents (7ms)
	FinalizeReload (1350ms)
		ReleaseScriptCaches (0ms)
		RebuildScriptCaches (0ms)
		SetupLoadedEditorAssemblies (648ms)
			LogAssemblyErrors (0ms)
			InitializePlatformSupportModulesInManaged (34ms)
			SetLoadedEditorAssemblies (6ms)
			RefreshPlugins (0ms)
			BeforeProcessingInitializeOnLoad (99ms)
			ProcessInitializeOnLoadAttributes (466ms)
			ProcessInitializeOnLoadMethodAttributes (30ms)
			AfterProcessingInitializeOnLoad (12ms)
			EditorAssembliesLoaded (0ms)
		ExecutionOrderSort2 (0ms)
		AwakeInstancesAfterBackupRestoration (8ms)
Refreshing native plugins compatible for Editor in 5.60 ms, found 3 plugins.
Preloading 0 native plugins for Editor in 0.00 ms.
Unloading 3823 Unused Serialized files (Serialized files now loaded: 0)
Unloading 39 unused Assets / (1.3 MB). Loaded Objects now: 4544.
Memory consumption went from 183.7 MB to 182.4 MB.
Total: 4.654300 ms (FindLiveObjects: 0.472800 ms CreateObjectMapping: 0.211100 ms MarkObjects: 3.662500 ms  DeleteObjects: 0.306800 ms)

Prepare: number of updated asset objects reloaded= 0
AssetImportParameters requested are different than current active one (requested -> active):
  custom:container-demuxer-ogg: 62fdf1f143b41e24485cea50d1cbac27 -> 
  custom:video-codec-MediaFoundation-h265: 746d11721c4dcdbdad8f713fa42b33f4 -> 
  custom:video-decoder-ogg-theora: a1e56fd34408186e4bbccfd4996cb3dc -> 
  custom:framework-win-MediaFoundation: 216162199b28c13a410421893ffa2e32 -> 
  custom:CustomObjectIndexerAttribute: 756ad292c208cfabdd7b50bc23989ffe -> 
  custom:container-demuxer-webm: 4f35f7cbe854078d1ac9338744f61a02 -> 
  custom:container-muxer-webm: aa71ff27fc2769a1b78a27578f13a17b -> 
  custom:video-decoder-webm-vp8: 9c59270c3fd7afecdb556c50c9e8de78 -> 
  custom:SearchIndexIgnoredProperties: e643bd26f0fe6173181afceb89e7c659 -> 
  custom:AudioImporter_EditorPlatform: d09bf68614088b80899f8185d706f6e7 -> 
  custom:video-encoder-webm-vp8: eb34c28f22e8b96e1ab97ce403110664 -> 
  custom:audio-decoder-ogg-vorbis: bf7c407c2cedff20999df2af8eb42d56 -> 
  custom:audio-encoder-webm-vorbis: bf7c407c2cedff20999df2af8eb42d56 -> 
========================================================================
Received Prepare
Begin MonoManager ReloadAssembly
Symbol file LoadedFromMemory is not a mono symbol file
- Loaded All Assemblies, in  0.571 seconds
Refreshing native plugins compatible for Editor in 5.59 ms, found 3 plugins.
Native extension for WindowsStandalone target not found
Native extension for Android target not found
[Package Manager] Server::EnsureServerProcessIsRunning -- launch failed, reason: Unity was launched with the -noUpm command-line argument
[Package Manager] UpmClient::Send -- Unable to send message (not connected to UPM process).
[Package Manager] Cannot connect to Unity Package Manager local server
Mono: successfully reloaded assembly
- Finished resetting the current domain, in  1.125 seconds
Domain Reload Profiling: 1693ms
	BeginReloadAssembly (180ms)
		ExecutionOrderSort (0ms)
		DisableScriptedObjects (10ms)
		BackupInstance (0ms)
		ReleaseScriptingObjects (0ms)
		CreateAndSetChildDomain (43ms)
	RebuildCommonClasses (40ms)
	RebuildNativeTypeToScriptingClass (15ms)
	initialDomainReloadingComplete (36ms)
	LoadAllAssembliesAndSetupDomain (296ms)
		LoadAssemblies (348ms)
		RebuildTransferFunctionScriptingTraits (0ms)
		AnalyzeDomain (39ms)
			TypeCache.Refresh (12ms)
				TypeCache.ScanAssembly (1ms)
			ScanForSourceGeneratedMonoScriptInfo (17ms)
			ResolveRequiredComponents (8ms)
	FinalizeReload (1126ms)
		ReleaseScriptCaches (0ms)
		RebuildScriptCaches (0ms)
		SetupLoadedEditorAssemblies (545ms)
			LogAssemblyErrors (0ms)
			InitializePlatformSupportModulesInManaged (29ms)
			SetLoadedEditorAssemblies (5ms)
			RefreshPlugins (0ms)
			BeforeProcessingInitializeOnLoad (82ms)
			ProcessInitializeOnLoadAttributes (396ms)
			ProcessInitializeOnLoadMethodAttributes (26ms)
			AfterProcessingInitializeOnLoad (8ms)
			EditorAssembliesLoaded (0ms)
		ExecutionOrderSort2 (0ms)
		AwakeInstancesAfterBackupRestoration (6ms)
Refreshing native plugins compatible for Editor in 7.86 ms, found 3 plugins.
Preloading 0 native plugins for Editor in 0.00 ms.
Unloading 3822 Unused Serialized files (Serialized files now loaded: 0)
Unloading 40 unused Assets / (1.3 MB). Loaded Objects now: 4558.
Memory consumption went from 185.6 MB to 184.3 MB.
Total: 36.008500 ms (FindLiveObjects: 0.685000 ms CreateObjectMapping: 0.279100 ms MarkObjects: 34.434700 ms  DeleteObjects: 0.608100 ms)

Prepare: number of updated asset objects reloaded= 0
AssetImportParameters requested are different than current active one (requested -> active):
  custom:container-demuxer-ogg: 62fdf1f143b41e24485cea50d1cbac27 -> 
  custom:video-codec-MediaFoundation-h265: 746d11721c4dcdbdad8f713fa42b33f4 -> 
  custom:video-decoder-ogg-theora: a1e56fd34408186e4bbccfd4996cb3dc -> 
  custom:framework-win-MediaFoundation: 216162199b28c13a410421893ffa2e32 -> 
  custom:CustomObjectIndexerAttribute: 756ad292c208cfabdd7b50bc23989ffe -> 
  custom:container-demuxer-webm: 4f35f7cbe854078d1ac9338744f61a02 -> 
  custom:container-muxer-webm: aa71ff27fc2769a1b78a27578f13a17b -> 
  custom:video-decoder-webm-vp8: 9c59270c3fd7afecdb556c50c9e8de78 -> 
  custom:SearchIndexIgnoredProperties: e643bd26f0fe6173181afceb89e7c659 -> 
  custom:AudioImporter_EditorPlatform: d09bf68614088b80899f8185d706f6e7 -> 
  custom:video-encoder-webm-vp8: eb34c28f22e8b96e1ab97ce403110664 -> 
  custom:audio-decoder-ogg-vorbis: bf7c407c2cedff20999df2af8eb42d56 -> 
  custom:audio-encoder-webm-vorbis: bf7c407c2cedff20999df2af8eb42d56 -> 
========================================================================
Received Prepare
Begin MonoManager ReloadAssembly
Symbol file LoadedFromMemory is not a mono symbol file
- Loaded All Assemblies, in  0.547 seconds
Refreshing native plugins compatible for Editor in 5.54 ms, found 3 plugins.
Native extension for WindowsStandalone target not found
Native extension for Android target not found
[Package Manager] Server::EnsureServerProcessIsRunning -- launch failed, reason: Unity was launched with the -noUpm command-line argument
[Package Manager] UpmClient::Send -- Unable to send message (not connected to UPM process).
[Package Manager] Cannot connect to Unity Package Manager local server
Mono: successfully reloaded assembly
- Finished resetting the current domain, in  1.106 seconds
Domain Reload Profiling: 1649ms
	BeginReloadAssembly (177ms)
		ExecutionOrderSort (0ms)
		DisableScriptedObjects (6ms)
		BackupInstance (0ms)
		ReleaseScriptingObjects (0ms)
		CreateAndSetChildDomain (45ms)
	RebuildCommonClasses (33ms)
	RebuildNativeTypeToScriptingClass (18ms)
	initialDomainReloadingComplete (39ms)
	LoadAllAssembliesAndSetupDomain (275ms)
		LoadAssemblies (332ms)
		RebuildTransferFunctionScriptingTraits (0ms)
		AnalyzeDomain (31ms)
			TypeCache.Refresh (10ms)
				TypeCache.ScanAssembly (1ms)
			ScanForSourceGeneratedMonoScriptInfo (13ms)
			ResolveRequiredComponents (6ms)
	FinalizeReload (1106ms)
		ReleaseScriptCaches (0ms)
		RebuildScriptCaches (0ms)
		SetupLoadedEditorAssemblies (527ms)
			LogAssemblyErrors (0ms)
			InitializePlatformSupportModulesInManaged (29ms)
			SetLoadedEditorAssemblies (5ms)
			RefreshPlugins (0ms)
			BeforeProcessingInitializeOnLoad (83ms)
			ProcessInitializeOnLoadAttributes (375ms)
			ProcessInitializeOnLoadMethodAttributes (26ms)
			AfterProcessingInitializeOnLoad (9ms)
			EditorAssembliesLoaded (0ms)
		ExecutionOrderSort2 (0ms)
		AwakeInstancesAfterBackupRestoration (7ms)
Refreshing native plugins compatible for Editor in 5.10 ms, found 3 plugins.
Preloading 0 native plugins for Editor in 0.00 ms.
Unloading 3823 Unused Serialized files (Serialized files now loaded: 0)
Unloading 39 unused Assets / (1.3 MB). Loaded Objects now: 4574.
Memory consumption went from 187.6 MB to 186.3 MB.
Total: 3.663200 ms (FindLiveObjects: 0.356800 ms CreateObjectMapping: 0.152300 ms MarkObjects: 2.765300 ms  DeleteObjects: 0.387600 ms)

Prepare: number of updated asset objects reloaded= 0
AssetImportParameters requested are different than current active one (requested -> active):
  custom:container-demuxer-ogg: 62fdf1f143b41e24485cea50d1cbac27 -> 
  custom:video-codec-MediaFoundation-h265: 746d11721c4dcdbdad8f713fa42b33f4 -> 
  custom:video-decoder-ogg-theora: a1e56fd34408186e4bbccfd4996cb3dc -> 
  custom:framework-win-MediaFoundation: 216162199b28c13a410421893ffa2e32 -> 
  custom:CustomObjectIndexerAttribute: 756ad292c208cfabdd7b50bc23989ffe -> 
  custom:container-demuxer-webm: 4f35f7cbe854078d1ac9338744f61a02 -> 
  custom:container-muxer-webm: aa71ff27fc2769a1b78a27578f13a17b -> 
  custom:video-decoder-webm-vp8: 9c59270c3fd7afecdb556c50c9e8de78 -> 
  custom:SearchIndexIgnoredProperties: e643bd26f0fe6173181afceb89e7c659 -> 
  custom:AudioImporter_EditorPlatform: d09bf68614088b80899f8185d706f6e7 -> 
  custom:video-encoder-webm-vp8: eb34c28f22e8b96e1ab97ce403110664 -> 
  custom:audio-decoder-ogg-vorbis: bf7c407c2cedff20999df2af8eb42d56 -> 
  custom:audio-encoder-webm-vorbis: bf7c407c2cedff20999df2af8eb42d56 -> 
========================================================================
Received Prepare
Begin MonoManager ReloadAssembly
Symbol file LoadedFromMemory is not a mono symbol file
- Loaded All Assemblies, in  0.602 seconds
Refreshing native plugins compatible for Editor in 5.52 ms, found 3 plugins.
Native extension for WindowsStandalone target not found
Native extension for Android target not found
[Package Manager] Server::EnsureServerProcessIsRunning -- launch failed, reason: Unity was launched with the -noUpm command-line argument
[Package Manager] UpmClient::Send -- Unable to send message (not connected to UPM process).
[Package Manager] Cannot connect to Unity Package Manager local server
Mono: successfully reloaded assembly
- Finished resetting the current domain, in  1.338 seconds
Domain Reload Profiling: 1933ms
	BeginReloadAssembly (187ms)
		ExecutionOrderSort (0ms)
		DisableScriptedObjects (8ms)
		BackupInstance (0ms)
		ReleaseScriptingObjects (0ms)
		CreateAndSetChildDomain (40ms)
	RebuildCommonClasses (41ms)
	RebuildNativeTypeToScriptingClass (14ms)
	initialDomainReloadingComplete (46ms)
	LoadAllAssembliesAndSetupDomain (307ms)
		LoadAssemblies (367ms)
		RebuildTransferFunctionScriptingTraits (0ms)
		AnalyzeDomain (39ms)
			TypeCache.Refresh (11ms)
				TypeCache.ScanAssembly (2ms)
			ScanForSourceGeneratedMonoScriptInfo (16ms)
			ResolveRequiredComponents (10ms)
	FinalizeReload (1338ms)
		ReleaseScriptCaches (0ms)
		RebuildScriptCaches (0ms)
		SetupLoadedEditorAssemblies (606ms)
			LogAssemblyErrors (0ms)
			InitializePlatformSupportModulesInManaged (36ms)
			SetLoadedEditorAssemblies (6ms)
			RefreshPlugins (0ms)
			BeforeProcessingInitializeOnLoad (97ms)
			ProcessInitializeOnLoadAttributes (430ms)
			ProcessInitializeOnLoadMethodAttributes (26ms)
			AfterProcessingInitializeOnLoad (10ms)
			EditorAssembliesLoaded (0ms)
		ExecutionOrderSort2 (0ms)
		AwakeInstancesAfterBackupRestoration (7ms)
Refreshing native plugins compatible for Editor in 5.65 ms, found 3 plugins.
Preloading 0 native plugins for Editor in 0.00 ms.
Unloading 3823 Unused Serialized files (Serialized files now loaded: 0)
Unloading 39 unused Assets / (1.3 MB). Loaded Objects now: 4589.
Memory consumption went from 189.5 MB to 188.2 MB.
Total: 4.053800 ms (FindLiveObjects: 0.342400 ms CreateObjectMapping: 0.150300 ms MarkObjects: 3.281000 ms  DeleteObjects: 0.279000 ms)

Prepare: number of updated asset objects reloaded= 0
AssetImportParameters requested are different than current active one (requested -> active):
  custom:container-demuxer-ogg: 62fdf1f143b41e24485cea50d1cbac27 -> 
  custom:video-codec-MediaFoundation-h265: 746d11721c4dcdbdad8f713fa42b33f4 -> 
  custom:video-decoder-ogg-theora: a1e56fd34408186e4bbccfd4996cb3dc -> 
  custom:framework-win-MediaFoundation: 216162199b28c13a410421893ffa2e32 -> 
  custom:CustomObjectIndexerAttribute: 756ad292c208cfabdd7b50bc23989ffe -> 
  custom:container-demuxer-webm: 4f35f7cbe854078d1ac9338744f61a02 -> 
  custom:container-muxer-webm: aa71ff27fc2769a1b78a27578f13a17b -> 
  custom:video-decoder-webm-vp8: 9c59270c3fd7afecdb556c50c9e8de78 -> 
  custom:SearchIndexIgnoredProperties: e643bd26f0fe6173181afceb89e7c659 -> 
  custom:AudioImporter_EditorPlatform: d09bf68614088b80899f8185d706f6e7 -> 
  custom:video-encoder-webm-vp8: eb34c28f22e8b96e1ab97ce403110664 -> 
  custom:audio-decoder-ogg-vorbis: bf7c407c2cedff20999df2af8eb42d56 -> 
  custom:audio-encoder-webm-vorbis: bf7c407c2cedff20999df2af8eb42d56 -> 
========================================================================
Received Prepare
Begin MonoManager ReloadAssembly
Symbol file LoadedFromMemory is not a mono symbol file
- Loaded All Assemblies, in  0.517 seconds
Refreshing native plugins compatible for Editor in 5.17 ms, found 3 plugins.
Native extension for WindowsStandalone target not found
Native extension for Android target not found
[Package Manager] Server::EnsureServerProcessIsRunning -- launch failed, reason: Unity was launched with the -noUpm command-line argument
[Package Manager] UpmClient::Send -- Unable to send message (not connected to UPM process).
[Package Manager] Cannot connect to Unity Package Manager local server
Mono: successfully reloaded assembly
- Finished resetting the current domain, in  1.229 seconds
Domain Reload Profiling: 1742ms
	BeginReloadAssembly (176ms)
		ExecutionOrderSort (0ms)
		DisableScriptedObjects (6ms)
		BackupInstance (0ms)
		ReleaseScriptingObjects (0ms)
		CreateAndSetChildDomain (43ms)
	RebuildCommonClasses (32ms)
	RebuildNativeTypeToScriptingClass (16ms)
	initialDomainReloadingComplete (35ms)
	LoadAllAssembliesAndSetupDomain (254ms)
		LoadAssemblies (325ms)
		RebuildTransferFunctionScriptingTraits (0ms)
		AnalyzeDomain (15ms)
			TypeCache.Refresh (6ms)
				TypeCache.ScanAssembly (0ms)
			ScanForSourceGeneratedMonoScriptInfo (0ms)
			ResolveRequiredComponents (8ms)
	FinalizeReload (1230ms)
		ReleaseScriptCaches (0ms)
		RebuildScriptCaches (0ms)
		SetupLoadedEditorAssemblies (599ms)
			LogAssemblyErrors (0ms)
			InitializePlatformSupportModulesInManaged (32ms)
			SetLoadedEditorAssemblies (6ms)
			RefreshPlugins (0ms)
			BeforeProcessingInitializeOnLoad (92ms)
			ProcessInitializeOnLoadAttributes (429ms)
			ProcessInitializeOnLoadMethodAttributes (29ms)
			AfterProcessingInitializeOnLoad (9ms)
			EditorAssembliesLoaded (0ms)
		ExecutionOrderSort2 (0ms)
		AwakeInstancesAfterBackupRestoration (7ms)
Refreshing native plugins compatible for Editor in 5.50 ms, found 3 plugins.
Preloading 0 native plugins for Editor in 0.00 ms.
Unloading 3823 Unused Serialized files (Serialized files now loaded: 0)
Unloading 39 unused Assets / (1.3 MB). Loaded Objects now: 4604.
Memory consumption went from 191.5 MB to 190.1 MB.
Total: 5.007800 ms (FindLiveObjects: 0.414500 ms CreateObjectMapping: 0.188900 ms MarkObjects: 3.969600 ms  DeleteObjects: 0.433400 ms)

Prepare: number of updated asset objects reloaded= 0
AssetImportParameters requested are different than current active one (requested -> active):
  custom:container-demuxer-ogg: 62fdf1f143b41e24485cea50d1cbac27 -> 
  custom:video-codec-MediaFoundation-h265: 746d11721c4dcdbdad8f713fa42b33f4 -> 
  custom:video-decoder-ogg-theora: a1e56fd34408186e4bbccfd4996cb3dc -> 
  custom:framework-win-MediaFoundation: 216162199b28c13a410421893ffa2e32 -> 
  custom:CustomObjectIndexerAttribute: 756ad292c208cfabdd7b50bc23989ffe -> 
  custom:container-demuxer-webm: 4f35f7cbe854078d1ac9338744f61a02 -> 
  custom:container-muxer-webm: aa71ff27fc2769a1b78a27578f13a17b -> 
  custom:video-decoder-webm-vp8: 9c59270c3fd7afecdb556c50c9e8de78 -> 
  custom:SearchIndexIgnoredProperties: e643bd26f0fe6173181afceb89e7c659 -> 
  custom:AudioImporter_EditorPlatform: d09bf68614088b80899f8185d706f6e7 -> 
  custom:video-encoder-webm-vp8: eb34c28f22e8b96e1ab97ce403110664 -> 
  custom:audio-decoder-ogg-vorbis: bf7c407c2cedff20999df2af8eb42d56 -> 
  custom:audio-encoder-webm-vorbis: bf7c407c2cedff20999df2af8eb42d56 -> 
========================================================================
Received Import Request.
  Time since last request: 426.473631 seconds.
  path: Assets/Rotation.cs
  artifactKey: Guid(a6f00637d7df10749903187247aadec3) Importer(815301076,1909f56bfc062723c751e8b465ee728b)
Start importing Assets/Rotation.cs using Guid(a6f00637d7df10749903187247aadec3) Importer(815301076,1909f56bfc062723c751e8b465ee728b)  -> (artifact id: '5db907d4cbbbeac3c4dc6376d8b82562') in 0.006172 seconds
Number of updated asset objects reloaded before import = 0
Number of asset objects unloaded after import = 0
========================================================================
Received Prepare
Begin MonoManager ReloadAssembly
Symbol file LoadedFromMemory is not a mono symbol file
- Loaded All Assemblies, in  0.528 seconds
Refreshing native plugins compatible for Editor in 5.24 ms, found 3 plugins.
Native extension for WindowsStandalone target not found
Native extension for Android target not found
[Package Manager] Server::EnsureServerProcessIsRunning -- launch failed, reason: Unity was launched with the -noUpm command-line argument
[Package Manager] UpmClient::Send -- Unable to send message (not connected to UPM process).
[Package Manager] Cannot connect to Unity Package Manager local server
Mono: successfully reloaded assembly
- Finished resetting the current domain, in  1.276 seconds
Domain Reload Profiling: 1800ms
	BeginReloadAssembly (186ms)
		ExecutionOrderSort (0ms)
		DisableScriptedObjects (6ms)
		BackupInstance (0ms)
		ReleaseScriptingObjects (0ms)
		CreateAndSetChildDomain (44ms)
	RebuildCommonClasses (39ms)
	RebuildNativeTypeToScriptingClass (11ms)
	initialDomainReloadingComplete (37ms)
	LoadAllAssembliesAndSetupDomain (250ms)
		LoadAssemblies (333ms)
		RebuildTransferFunctionScriptingTraits (0ms)
		AnalyzeDomain (16ms)
			TypeCache.Refresh (7ms)
				TypeCache.ScanAssembly (0ms)
			ScanForSourceGeneratedMonoScriptInfo (0ms)
			ResolveRequiredComponents (8ms)
	FinalizeReload (1276ms)
		ReleaseScriptCaches (0ms)
		RebuildScriptCaches (0ms)
		SetupLoadedEditorAssemblies (641ms)
			LogAssemblyErrors (0ms)
			InitializePlatformSupportModulesInManaged (35ms)
			SetLoadedEditorAssemblies (6ms)
			RefreshPlugins (0ms)
			BeforeProcessingInitializeOnLoad (98ms)
			ProcessInitializeOnLoadAttributes (462ms)
			ProcessInitializeOnLoadMethodAttributes (28ms)
			AfterProcessingInitializeOnLoad (11ms)
			EditorAssembliesLoaded (0ms)
		ExecutionOrderSort2 (0ms)
		AwakeInstancesAfterBackupRestoration (8ms)
Refreshing native plugins compatible for Editor in 5.97 ms, found 3 plugins.
Preloading 0 native plugins for Editor in 0.00 ms.
Unloading 3822 Unused Serialized files (Serialized files now loaded: 0)
Unloading 39 unused Assets / (1.3 MB). Loaded Objects now: 4619.
Memory consumption went from 193.1 MB to 191.8 MB.
Total: 4.567200 ms (FindLiveObjects: 0.342700 ms CreateObjectMapping: 0.161700 ms MarkObjects: 3.606800 ms  DeleteObjects: 0.454800 ms)

Prepare: number of updated asset objects reloaded= 0
AssetImportParameters requested are different than current active one (requested -> active):
  custom:container-demuxer-ogg: 62fdf1f143b41e24485cea50d1cbac27 -> 
  custom:video-codec-MediaFoundation-h265: 746d11721c4dcdbdad8f713fa42b33f4 -> 
  custom:video-decoder-ogg-theora: a1e56fd34408186e4bbccfd4996cb3dc -> 
  custom:framework-win-MediaFoundation: 216162199b28c13a410421893ffa2e32 -> 
  custom:CustomObjectIndexerAttribute: 756ad292c208cfabdd7b50bc23989ffe -> 
  custom:container-demuxer-webm: 4f35f7cbe854078d1ac9338744f61a02 -> 
  custom:container-muxer-webm: aa71ff27fc2769a1b78a27578f13a17b -> 
  custom:video-decoder-webm-vp8: 9c59270c3fd7afecdb556c50c9e8de78 -> 
  custom:SearchIndexIgnoredProperties: e643bd26f0fe6173181afceb89e7c659 -> 
  custom:AudioImporter_EditorPlatform: d09bf68614088b80899f8185d706f6e7 -> 
  custom:video-encoder-webm-vp8: eb34c28f22e8b96e1ab97ce403110664 -> 
  custom:audio-decoder-ogg-vorbis: bf7c407c2cedff20999df2af8eb42d56 -> 
  custom:audio-encoder-webm-vorbis: bf7c407c2cedff20999df2af8eb42d56 -> 
========================================================================
Received Prepare
Begin MonoManager ReloadAssembly
Symbol file LoadedFromMemory is not a mono symbol file
- Loaded All Assemblies, in  0.515 seconds
Refreshing native plugins compatible for Editor in 5.08 ms, found 3 plugins.
Native extension for WindowsStandalone target not found
Native extension for Android target not found
[Package Manager] Server::EnsureServerProcessIsRunning -- launch failed, reason: Unity was launched with the -noUpm command-line argument
[Package Manager] UpmClient::Send -- Unable to send message (not connected to UPM process).
[Package Manager] Cannot connect to Unity Package Manager local server
Mono: successfully reloaded assembly
- Finished resetting the current domain, in  1.370 seconds
Domain Reload Profiling: 1881ms
	BeginReloadAssembly (171ms)
		ExecutionOrderSort (0ms)
		DisableScriptedObjects (6ms)
		BackupInstance (0ms)
		ReleaseScriptingObjects (0ms)
		CreateAndSetChildDomain (35ms)
	RebuildCommonClasses (40ms)
	RebuildNativeTypeToScriptingClass (13ms)
	initialDomainReloadingComplete (34ms)
	LoadAllAssembliesAndSetupDomain (253ms)
		LoadAssemblies (329ms)
		RebuildTransferFunctionScriptingTraits (0ms)
		AnalyzeDomain (15ms)
			TypeCache.Refresh (6ms)
				TypeCache.ScanAssembly (0ms)
			ScanForSourceGeneratedMonoScriptInfo (0ms)
			ResolveRequiredComponents (8ms)
	FinalizeReload (1370ms)
		ReleaseScriptCaches (0ms)
		RebuildScriptCaches (0ms)
		SetupLoadedEditorAssemblies (658ms)
			LogAssemblyErrors (0ms)
			InitializePlatformSupportModulesInManaged (36ms)
			SetLoadedEditorAssemblies (6ms)
			RefreshPlugins (0ms)
			BeforeProcessingInitializeOnLoad (97ms)
			ProcessInitializeOnLoadAttributes (477ms)
			ProcessInitializeOnLoadMethodAttributes (31ms)
			AfterProcessingInitializeOnLoad (10ms)
			EditorAssembliesLoaded (0ms)
		ExecutionOrderSort2 (0ms)
		AwakeInstancesAfterBackupRestoration (8ms)
Refreshing native plugins compatible for Editor in 6.79 ms, found 3 plugins.
Preloading 0 native plugins for Editor in 0.00 ms.
Unloading 3823 Unused Serialized files (Serialized files now loaded: 0)
Unloading 39 unused Assets / (1.3 MB). Loaded Objects now: 4634.
Memory consumption went from 195.3 MB to 194.0 MB.
Total: 4.668900 ms (FindLiveObjects: 0.589200 ms CreateObjectMapping: 0.185200 ms MarkObjects: 3.458900 ms  DeleteObjects: 0.434100 ms)

Prepare: number of updated asset objects reloaded= 0
AssetImportParameters requested are different than current active one (requested -> active):
  custom:container-demuxer-ogg: 62fdf1f143b41e24485cea50d1cbac27 -> 
  custom:video-codec-MediaFoundation-h265: 746d11721c4dcdbdad8f713fa42b33f4 -> 
  custom:video-decoder-ogg-theora: a1e56fd34408186e4bbccfd4996cb3dc -> 
  custom:framework-win-MediaFoundation: 216162199b28c13a410421893ffa2e32 -> 
  custom:CustomObjectIndexerAttribute: 756ad292c208cfabdd7b50bc23989ffe -> 
  custom:container-demuxer-webm: 4f35f7cbe854078d1ac9338744f61a02 -> 
  custom:container-muxer-webm: aa71ff27fc2769a1b78a27578f13a17b -> 
  custom:video-decoder-webm-vp8: 9c59270c3fd7afecdb556c50c9e8de78 -> 
  custom:SearchIndexIgnoredProperties: e643bd26f0fe6173181afceb89e7c659 -> 
  custom:AudioImporter_EditorPlatform: d09bf68614088b80899f8185d706f6e7 -> 
  custom:video-encoder-webm-vp8: eb34c28f22e8b96e1ab97ce403110664 -> 
  custom:audio-decoder-ogg-vorbis: bf7c407c2cedff20999df2af8eb42d56 -> 
  custom:audio-encoder-webm-vorbis: bf7c407c2cedff20999df2af8eb42d56 -> 
========================================================================
Received Prepare
Begin MonoManager ReloadAssembly
Symbol file LoadedFromMemory is not a mono symbol file
- Loaded All Assemblies, in  0.541 seconds
Refreshing native plugins compatible for Editor in 4.65 ms, found 3 plugins.
Native extension for WindowsStandalone target not found
Native extension for Android target not found
[Package Manager] Server::EnsureServerProcessIsRunning -- launch failed, reason: Unity was launched with the -noUpm command-line argument
[Package Manager] UpmClient::Send -- Unable to send message (not connected to UPM process).
[Package Manager] Cannot connect to Unity Package Manager local server
Mono: successfully reloaded assembly
- Finished resetting the current domain, in  1.390 seconds
Domain Reload Profiling: 1927ms
	BeginReloadAssembly (182ms)
		ExecutionOrderSort (0ms)
		DisableScriptedObjects (5ms)
		BackupInstance (0ms)
		ReleaseScriptingObjects (0ms)
		CreateAndSetChildDomain (41ms)
	RebuildCommonClasses (39ms)
	RebuildNativeTypeToScriptingClass (13ms)
	initialDomainReloadingComplete (45ms)
	LoadAllAssembliesAndSetupDomain (257ms)
		LoadAssemblies (336ms)
		RebuildTransferFunctionScriptingTraits (0ms)
		AnalyzeDomain (16ms)
			TypeCache.Refresh (7ms)
				TypeCache.ScanAssembly (0ms)
			ScanForSourceGeneratedMonoScriptInfo (0ms)
			ResolveRequiredComponents (8ms)
	FinalizeReload (1391ms)
		ReleaseScriptCaches (0ms)
		RebuildScriptCaches (0ms)
		SetupLoadedEditorAssemblies (668ms)
			LogAssemblyErrors (0ms)
			InitializePlatformSupportModulesInManaged (35ms)
			SetLoadedEditorAssemblies (6ms)
			RefreshPlugins (0ms)
			BeforeProcessingInitializeOnLoad (105ms)
			ProcessInitializeOnLoadAttributes (478ms)
			ProcessInitializeOnLoadMethodAttributes (34ms)
			AfterProcessingInitializeOnLoad (11ms)
			EditorAssembliesLoaded (0ms)
		ExecutionOrderSort2 (0ms)
		AwakeInstancesAfterBackupRestoration (8ms)
Refreshing native plugins compatible for Editor in 6.23 ms, found 3 plugins.
Preloading 0 native plugins for Editor in 0.00 ms.
Unloading 3823 Unused Serialized files (Serialized files now loaded: 0)
Unloading 39 unused Assets / (1.3 MB). Loaded Objects now: 4649.
Memory consumption went from 197.2 MB to 195.9 MB.
Total: 4.563100 ms (FindLiveObjects: 0.342300 ms CreateObjectMapping: 0.139000 ms MarkObjects: 3.714200 ms  DeleteObjects: 0.366800 ms)

Prepare: number of updated asset objects reloaded= 0
AssetImportParameters requested are different than current active one (requested -> active):
  custom:container-demuxer-ogg: 62fdf1f143b41e24485cea50d1cbac27 -> 
  custom:video-codec-MediaFoundation-h265: 746d11721c4dcdbdad8f713fa42b33f4 -> 
  custom:video-decoder-ogg-theora: a1e56fd34408186e4bbccfd4996cb3dc -> 
  custom:framework-win-MediaFoundation: 216162199b28c13a410421893ffa2e32 -> 
  custom:CustomObjectIndexerAttribute: 756ad292c208cfabdd7b50bc23989ffe -> 
  custom:container-demuxer-webm: 4f35f7cbe854078d1ac9338744f61a02 -> 
  custom:container-muxer-webm: aa71ff27fc2769a1b78a27578f13a17b -> 
  custom:video-decoder-webm-vp8: 9c59270c3fd7afecdb556c50c9e8de78 -> 
  custom:SearchIndexIgnoredProperties: e643bd26f0fe6173181afceb89e7c659 -> 
  custom:AudioImporter_EditorPlatform: d09bf68614088b80899f8185d706f6e7 -> 
  custom:video-encoder-webm-vp8: eb34c28f22e8b96e1ab97ce403110664 -> 
  custom:audio-decoder-ogg-vorbis: bf7c407c2cedff20999df2af8eb42d56 -> 
  custom:audio-encoder-webm-vorbis: bf7c407c2cedff20999df2af8eb42d56 -> 
========================================================================
Received Prepare
Begin MonoManager ReloadAssembly
Symbol file LoadedFromMemory is not a mono symbol file
- Loaded All Assemblies, in  0.519 seconds
Refreshing native plugins compatible for Editor in 6.25 ms, found 3 plugins.
Native extension for WindowsStandalone target not found
Native extension for Android target not found
[Package Manager] Server::EnsureServerProcessIsRunning -- launch failed, reason: Unity was launched with the -noUpm command-line argument
[Package Manager] UpmClient::Send -- Unable to send message (not connected to UPM process).
[Package Manager] Cannot connect to Unity Package Manager local server
Mono: successfully reloaded assembly
- Finished resetting the current domain, in  1.314 seconds
Domain Reload Profiling: 1829ms
	BeginReloadAssembly (175ms)
		ExecutionOrderSort (0ms)
		DisableScriptedObjects (6ms)
		BackupInstance (0ms)
		ReleaseScriptingObjects (0ms)
		CreateAndSetChildDomain (41ms)
	RebuildCommonClasses (37ms)
	RebuildNativeTypeToScriptingClass (12ms)
	initialDomainReloadingComplete (35ms)
	LoadAllAssembliesAndSetupDomain (255ms)
		LoadAssemblies (333ms)
		RebuildTransferFunctionScriptingTraits (0ms)
		AnalyzeDomain (15ms)
			TypeCache.Refresh (6ms)
				TypeCache.ScanAssembly (0ms)
			ScanForSourceGeneratedMonoScriptInfo (0ms)
			ResolveRequiredComponents (7ms)
	FinalizeReload (1314ms)
		ReleaseScriptCaches (0ms)
		RebuildScriptCaches (0ms)
		SetupLoadedEditorAssemblies (618ms)
			LogAssemblyErrors (0ms)
			InitializePlatformSupportModulesInManaged (34ms)
			SetLoadedEditorAssemblies (6ms)
			RefreshPlugins (0ms)
			BeforeProcessingInitializeOnLoad (99ms)
			ProcessInitializeOnLoadAttributes (444ms)
			ProcessInitializeOnLoadMethodAttributes (26ms)
			AfterProcessingInitializeOnLoad (9ms)
			EditorAssembliesLoaded (0ms)
		ExecutionOrderSort2 (0ms)
		AwakeInstancesAfterBackupRestoration (7ms)
Refreshing native plugins compatible for Editor in 6.55 ms, found 3 plugins.
Preloading 0 native plugins for Editor in 0.00 ms.
Unloading 3823 Unused Serialized files (Serialized files now loaded: 0)
Unloading 39 unused Assets / (1.3 MB). Loaded Objects now: 4664.
Memory consumption went from 199.2 MB to 197.8 MB.
Total: 5.004000 ms (FindLiveObjects: 0.340500 ms CreateObjectMapping: 0.150000 ms MarkObjects: 4.101100 ms  DeleteObjects: 0.411100 ms)

Prepare: number of updated asset objects reloaded= 0
AssetImportParameters requested are different than current active one (requested -> active):
  custom:container-demuxer-ogg: 62fdf1f143b41e24485cea50d1cbac27 -> 
  custom:video-codec-MediaFoundation-h265: 746d11721c4dcdbdad8f713fa42b33f4 -> 
  custom:video-decoder-ogg-theora: a1e56fd34408186e4bbccfd4996cb3dc -> 
  custom:framework-win-MediaFoundation: 216162199b28c13a410421893ffa2e32 -> 
  custom:CustomObjectIndexerAttribute: 756ad292c208cfabdd7b50bc23989ffe -> 
  custom:container-demuxer-webm: 4f35f7cbe854078d1ac9338744f61a02 -> 
  custom:container-muxer-webm: aa71ff27fc2769a1b78a27578f13a17b -> 
  custom:video-decoder-webm-vp8: 9c59270c3fd7afecdb556c50c9e8de78 -> 
  custom:SearchIndexIgnoredProperties: e643bd26f0fe6173181afceb89e7c659 -> 
  custom:AudioImporter_EditorPlatform: d09bf68614088b80899f8185d706f6e7 -> 
  custom:video-encoder-webm-vp8: eb34c28f22e8b96e1ab97ce403110664 -> 
  custom:audio-decoder-ogg-vorbis: bf7c407c2cedff20999df2af8eb42d56 -> 
  custom:audio-encoder-webm-vorbis: bf7c407c2cedff20999df2af8eb42d56 -> 
========================================================================
Received Import Request.
  Time since last request: 194.283020 seconds.
  path: Assets/Code
  artifactKey: Guid(0ff1b689d591d7c46943fd94ae4af5af) Importer(815301076,1909f56bfc062723c751e8b465ee728b)
Start importing Assets/Code using Guid(0ff1b689d591d7c46943fd94ae4af5af) Importer(815301076,1909f56bfc062723c751e8b465ee728b)  -> (artifact id: '8138dba3a3918b1a49f4096e9f4aaea0') in 0.002041 seconds
Number of updated asset objects reloaded before import = 0
Number of asset objects unloaded after import = 0
========================================================================
Received Prepare
Begin MonoManager ReloadAssembly
Symbol file LoadedFromMemory is not a mono symbol file
- Loaded All Assemblies, in  0.568 seconds
Refreshing native plugins compatible for Editor in 4.58 ms, found 3 plugins.
Native extension for WindowsStandalone target not found
Native extension for Android target not found
[Package Manager] Server::EnsureServerProcessIsRunning -- launch failed, reason: Unity was launched with the -noUpm command-line argument
[Package Manager] UpmClient::Send -- Unable to send message (not connected to UPM process).
[Package Manager] Cannot connect to Unity Package Manager local server
Mono: successfully reloaded assembly
- Finished resetting the current domain, in  1.193 seconds
Domain Reload Profiling: 1757ms
	BeginReloadAssembly (185ms)
		ExecutionOrderSort (0ms)
		DisableScriptedObjects (6ms)
		BackupInstance (0ms)
		ReleaseScriptingObjects (0ms)
		CreateAndSetChildDomain (46ms)
	RebuildCommonClasses (41ms)
	RebuildNativeTypeToScriptingClass (13ms)
	initialDomainReloadingComplete (40ms)
	LoadAllAssembliesAndSetupDomain (284ms)
		LoadAssemblies (352ms)
		RebuildTransferFunctionScriptingTraits (0ms)
		AnalyzeDomain (30ms)
			TypeCache.Refresh (9ms)
				TypeCache.ScanAssembly (1ms)
			ScanForSourceGeneratedMonoScriptInfo (12ms)
			ResolveRequiredComponents (7ms)
	FinalizeReload (1194ms)
		ReleaseScriptCaches (0ms)
		RebuildScriptCaches (0ms)
		SetupLoadedEditorAssemblies (593ms)
			LogAssemblyErrors (0ms)
			InitializePlatformSupportModulesInManaged (37ms)
			SetLoadedEditorAssemblies (5ms)
			RefreshPlugins (0ms)
			BeforeProcessingInitializeOnLoad (96ms)
			ProcessInitializeOnLoadAttributes (423ms)
			ProcessInitializeOnLoadMethodAttributes (22ms)
			AfterProcessingInitializeOnLoad (9ms)
			EditorAssembliesLoaded (0ms)
		ExecutionOrderSort2 (0ms)
		AwakeInstancesAfterBackupRestoration (8ms)
Refreshing native plugins compatible for Editor in 4.61 ms, found 3 plugins.
Preloading 0 native plugins for Editor in 0.00 ms.
Unloading 3822 Unused Serialized files (Serialized files now loaded: 0)
Unloading 39 unused Assets / (1.3 MB). Loaded Objects now: 4679.
Memory consumption went from 200.8 MB to 199.5 MB.
Total: 4.134700 ms (FindLiveObjects: 0.306700 ms CreateObjectMapping: 0.161200 ms MarkObjects: 3.319100 ms  DeleteObjects: 0.346800 ms)

Prepare: number of updated asset objects reloaded= 0
AssetImportParameters requested are different than current active one (requested -> active):
  custom:container-demuxer-ogg: 62fdf1f143b41e24485cea50d1cbac27 -> 
  custom:video-codec-MediaFoundation-h265: 746d11721c4dcdbdad8f713fa42b33f4 -> 
  custom:video-decoder-ogg-theora: a1e56fd34408186e4bbccfd4996cb3dc -> 
  custom:framework-win-MediaFoundation: 216162199b28c13a410421893ffa2e32 -> 
  custom:CustomObjectIndexerAttribute: 756ad292c208cfabdd7b50bc23989ffe -> 
  custom:container-demuxer-webm: 4f35f7cbe854078d1ac9338744f61a02 -> 
  custom:container-muxer-webm: aa71ff27fc2769a1b78a27578f13a17b -> 
  custom:video-decoder-webm-vp8: 9c59270c3fd7afecdb556c50c9e8de78 -> 
  custom:SearchIndexIgnoredProperties: e643bd26f0fe6173181afceb89e7c659 -> 
  custom:AudioImporter_EditorPlatform: d09bf68614088b80899f8185d706f6e7 -> 
  custom:video-encoder-webm-vp8: eb34c28f22e8b96e1ab97ce403110664 -> 
  custom:audio-decoder-ogg-vorbis: bf7c407c2cedff20999df2af8eb42d56 -> 
  custom:audio-encoder-webm-vorbis: bf7c407c2cedff20999df2af8eb42d56 -> 
========================================================================
Received Prepare
Begin MonoManager ReloadAssembly
Symbol file LoadedFromMemory is not a mono symbol file
- Loaded All Assemblies, in  0.549 seconds
Refreshing native plugins compatible for Editor in 5.04 ms, found 3 plugins.
Native extension for WindowsStandalone target not found
Native extension for Android target not found
[Package Manager] Server::EnsureServerProcessIsRunning -- launch failed, reason: Unity was launched with the -noUpm command-line argument
[Package Manager] UpmClient::Send -- Unable to send message (not connected to UPM process).
[Package Manager] Cannot connect to Unity Package Manager local server
Mono: successfully reloaded assembly
- Finished resetting the current domain, in  1.154 seconds
Domain Reload Profiling: 1700ms
	BeginReloadAssembly (176ms)
		ExecutionOrderSort (0ms)
		DisableScriptedObjects (6ms)
		BackupInstance (0ms)
		ReleaseScriptingObjects (0ms)
		CreateAndSetChildDomain (38ms)
	RebuildCommonClasses (44ms)
	RebuildNativeTypeToScriptingClass (13ms)
	initialDomainReloadingComplete (37ms)
	LoadAllAssembliesAndSetupDomain (276ms)
		LoadAssemblies (336ms)
		RebuildTransferFunctionScriptingTraits (0ms)
		AnalyzeDomain (32ms)
			TypeCache.Refresh (11ms)
				TypeCache.ScanAssembly (2ms)
			ScanForSourceGeneratedMonoScriptInfo (12ms)
			ResolveRequiredComponents (7ms)
	FinalizeReload (1155ms)
		ReleaseScriptCaches (0ms)
		RebuildScriptCaches (0ms)
		SetupLoadedEditorAssemblies (545ms)
			LogAssemblyErrors (0ms)
			InitializePlatformSupportModulesInManaged (28ms)
			SetLoadedEditorAssemblies (5ms)
			RefreshPlugins (0ms)
			BeforeProcessingInitializeOnLoad (83ms)
			ProcessInitializeOnLoadAttributes (396ms)
			ProcessInitializeOnLoadMethodAttributes (24ms)
			AfterProcessingInitializeOnLoad (9ms)
			EditorAssembliesLoaded (0ms)
		ExecutionOrderSort2 (0ms)
		AwakeInstancesAfterBackupRestoration (6ms)
Refreshing native plugins compatible for Editor in 4.49 ms, found 3 plugins.
Preloading 0 native plugins for Editor in 0.00 ms.
Unloading 3823 Unused Serialized files (Serialized files now loaded: 0)
Unloading 39 unused Assets / (1.3 MB). Loaded Objects now: 4694.
Memory consumption went from 203.0 MB to 201.7 MB.
Total: 3.614700 ms (FindLiveObjects: 0.349300 ms CreateObjectMapping: 0.145300 ms MarkObjects: 2.846900 ms  DeleteObjects: 0.271900 ms)

Prepare: number of updated asset objects reloaded= 0
AssetImportParameters requested are different than current active one (requested -> active):
  custom:container-demuxer-ogg: 62fdf1f143b41e24485cea50d1cbac27 -> 
  custom:video-codec-MediaFoundation-h265: 746d11721c4dcdbdad8f713fa42b33f4 -> 
  custom:video-decoder-ogg-theora: a1e56fd34408186e4bbccfd4996cb3dc -> 
  custom:framework-win-MediaFoundation: 216162199b28c13a410421893ffa2e32 -> 
  custom:CustomObjectIndexerAttribute: 756ad292c208cfabdd7b50bc23989ffe -> 
  custom:container-demuxer-webm: 4f35f7cbe854078d1ac9338744f61a02 -> 
  custom:container-muxer-webm: aa71ff27fc2769a1b78a27578f13a17b -> 
  custom:video-decoder-webm-vp8: 9c59270c3fd7afecdb556c50c9e8de78 -> 
  custom:SearchIndexIgnoredProperties: e643bd26f0fe6173181afceb89e7c659 -> 
  custom:AudioImporter_EditorPlatform: d09bf68614088b80899f8185d706f6e7 -> 
  custom:video-encoder-webm-vp8: eb34c28f22e8b96e1ab97ce403110664 -> 
  custom:audio-decoder-ogg-vorbis: bf7c407c2cedff20999df2af8eb42d56 -> 
  custom:audio-encoder-webm-vorbis: bf7c407c2cedff20999df2af8eb42d56 -> 
========================================================================
Received Import Request.
  Time since last request: 15.245810 seconds.
  path: Assets/Visual/3D Models/PolygonSciFiCity/Prefabs/Props/SM_Prop_DeadZub_04.prefab
  artifactKey: Guid(ee6ed23ee9722a047901ce6ae24e844f) Importer(815301076,1909f56bfc062723c751e8b465ee728b)
Start importing Assets/Visual/3D Models/PolygonSciFiCity/Prefabs/Props/SM_Prop_DeadZub_04.prefab using Guid(ee6ed23ee9722a047901ce6ae24e844f) Importer(815301076,1909f56bfc062723c751e8b465ee728b)  -> (artifact id: 'ee875c3978414f2efd68b9b0eb536547') in 0.246866 seconds
Number of updated asset objects reloaded before import = 0
Number of asset objects unloaded after import = 15
========================================================================
Received Import Request.
  Time since last request: 0.000036 seconds.
  path: Assets/Visual/3D Models/PolygonSciFiCity/Prefabs/Props/SM_Prop_Drone_Quad_01.prefab
  artifactKey: Guid(5d40c48a597edbe4b9db9adac55501ae) Importer(815301076,1909f56bfc062723c751e8b465ee728b)
Start importing Assets/Visual/3D Models/PolygonSciFiCity/Prefabs/Props/SM_Prop_Drone_Quad_01.prefab using Guid(5d40c48a597edbe4b9db9adac55501ae) Importer(815301076,1909f56bfc062723c751e8b465ee728b)  -> (artifact id: '546eb6a577148541c20c4e6ae0eda521') in 0.066801 seconds
Number of updated asset objects reloaded before import = 0
Number of asset objects unloaded after import = 15
========================================================================
Received Import Request.
  Time since last request: 0.000026 seconds.
  path: Assets/Visual/3D Models/PolygonSciFiCity/Prefabs/Props/SM_Prop_Door_05.prefab
  artifactKey: Guid(eb2cbf3d027e36349836843fcefb51bb) Importer(815301076,1909f56bfc062723c751e8b465ee728b)
Start importing Assets/Visual/3D Models/PolygonSciFiCity/Prefabs/Props/SM_Prop_Door_05.prefab using Guid(eb2cbf3d027e36349836843fcefb51bb) Importer(815301076,1909f56bfc062723c751e8b465ee728b)  -> (artifact id: '4136a55d9e07c41bf08dcfe0430f2fe6') in 0.051430 seconds
Number of updated asset objects reloaded before import = 0
Number of asset objects unloaded after import = 15
========================================================================
Received Import Request.
  Time since last request: 0.000016 seconds.
  path: Assets/Visual/3D Models/PolygonSciFiCity/Prefabs/Props/SM_Prop_Drone_02.prefab
  artifactKey: Guid(21e93e3c4dcc475448060e7fecbebe83) Importer(815301076,1909f56bfc062723c751e8b465ee728b)
Start importing Assets/Visual/3D Models/PolygonSciFiCity/Prefabs/Props/SM_Prop_Drone_02.prefab using Guid(21e93e3c4dcc475448060e7fecbebe83) Importer(815301076,1909f56bfc062723c751e8b465ee728b)  -> (artifact id: '76533e6b96526e59a9dacd5a4cf84ee8') in 0.046532 seconds
Number of updated asset objects reloaded before import = 0
Number of asset objects unloaded after import = 15
========================================================================
Received Import Request.
  Time since last request: 0.000017 seconds.
  path: Assets/Visual/3D Models/PolygonSciFiCity/Prefabs/Props/SM_Prop_Door_Chopshop_01.prefab
  artifactKey: Guid(038aa72c1e688f8418a8cd09f031697d) Importer(815301076,1909f56bfc062723c751e8b465ee728b)
Start importing Assets/Visual/3D Models/PolygonSciFiCity/Prefabs/Props/SM_Prop_Door_Chopshop_01.prefab using Guid(038aa72c1e688f8418a8cd09f031697d) Importer(815301076,1909f56bfc062723c751e8b465ee728b)  -> (artifact id: 'c4242fc4ad2303f5a48eabf3eaa4db9d') in 0.042624 seconds
Number of updated asset objects reloaded before import = 0
Number of asset objects unloaded after import = 15
========================================================================
Received Import Request.
  Time since last request: 0.000020 seconds.
  path: Assets/Visual/3D Models/PolygonSciFiCity/Prefabs/Props/SM_Prop_Door_03.prefab
  artifactKey: Guid(69ecde87dde10024bbddde222adba714) Importer(815301076,1909f56bfc062723c751e8b465ee728b)
Start importing Assets/Visual/3D Models/PolygonSciFiCity/Prefabs/Props/SM_Prop_Door_03.prefab using Guid(69ecde87dde10024bbddde222adba714) Importer(815301076,1909f56bfc062723c751e8b465ee728b)  -> (artifact id: '5f87c9dc72c6c60df9e3cf1c2f08e437') in 0.038312 seconds
Number of updated asset objects reloaded before import = 0
Number of asset objects unloaded after import = 21
========================================================================
Received Import Request.
  Time since last request: 0.000021 seconds.
  path: Assets/Visual/3D Models/PolygonSciFiCity/Prefabs/Props/SM_Prop_Door_01.prefab
  artifactKey: Guid(6d6091aea9e88a74d9d033aecac4842e) Importer(815301076,1909f56bfc062723c751e8b465ee728b)
Start importing Assets/Visual/3D Models/PolygonSciFiCity/Prefabs/Props/SM_Prop_Door_01.prefab using Guid(6d6091aea9e88a74d9d033aecac4842e) Importer(815301076,1909f56bfc062723c751e8b465ee728b)  -> (artifact id: 'c310fb83806797ca8987ff945e04a3e8') in 0.036717 seconds
Number of updated asset objects reloaded before import = 0
Number of asset objects unloaded after import = 15
========================================================================
Received Import Request.
  Time since last request: 0.000025 seconds.
  path: Assets/Visual/3D Models/PolygonSciFiCity/Prefabs/Props/SM_Prop_Dumpster_01.prefab
  artifactKey: Guid(7212648f69551c847a203228e2c30f7f) Importer(815301076,1909f56bfc062723c751e8b465ee728b)
Start importing Assets/Visual/3D Models/PolygonSciFiCity/Prefabs/Props/SM_Prop_Dumpster_01.prefab using Guid(7212648f69551c847a203228e2c30f7f) Importer(815301076,1909f56bfc062723c751e8b465ee728b)  -> (artifact id: '5ceda5b3642a681f8c38aadf204259d5') in 0.036336 seconds
Number of updated asset objects reloaded before import = 0
Number of asset objects unloaded after import = 20
========================================================================
Received Import Request.
  Time since last request: 0.000048 seconds.
  path: Assets/Visual/3D Models/PolygonSciFiCity/Prefabs/Props/SM_Prop_Door_02.prefab
  artifactKey: Guid(dbe584c23a4a0804da19beb55b3e2433) Importer(815301076,1909f56bfc062723c751e8b465ee728b)
Start importing Assets/Visual/3D Models/PolygonSciFiCity/Prefabs/Props/SM_Prop_Door_02.prefab using Guid(dbe584c23a4a0804da19beb55b3e2433) Importer(815301076,1909f56bfc062723c751e8b465ee728b)  -> (artifact id: '39e4ad0ea0611a0275ef31513497fd41') in 0.034473 seconds
Number of updated asset objects reloaded before import = 0
Number of asset objects unloaded after import = 15
========================================================================
Received Import Request.
  Time since last request: 0.000019 seconds.
  path: Assets/Visual/3D Models/PolygonSciFiCity/Prefabs/Props/SM_Prop_Fence_01.prefab
  artifactKey: Guid(6776058e536873842836a466637e2a97) Importer(815301076,1909f56bfc062723c751e8b465ee728b)
Start importing Assets/Visual/3D Models/PolygonSciFiCity/Prefabs/Props/SM_Prop_Fence_01.prefab using Guid(6776058e536873842836a466637e2a97) Importer(815301076,1909f56bfc062723c751e8b465ee728b)  -> (artifact id: '7844da4e1dff6b272dea98a955aa1fd5') in 0.035697 seconds
Number of updated asset objects reloaded before import = 0
Number of asset objects unloaded after import = 17
========================================================================
Received Import Request.
  Time since last request: 7.251200 seconds.
  path: Assets/Visual/3D Models/PolygonSciFiSpace/Scenes
  artifactKey: Guid(9d9ce48a97658094abba9e398d4bcc6f) Importer(815301076,1909f56bfc062723c751e8b465ee728b)
Start importing Assets/Visual/3D Models/PolygonSciFiSpace/Scenes using Guid(9d9ce48a97658094abba9e398d4bcc6f) Importer(815301076,1909f56bfc062723c751e8b465ee728b)  -> (artifact id: 'f99a4dac94a388de4baa1d0b26e4855c') in 0.000917 seconds
Number of updated asset objects reloaded before import = 0
Number of asset objects unloaded after import = 0
========================================================================
Received Import Request.
  Time since last request: 1.759972 seconds.
  path: Assets/Visual/3D Models/PolygonSciFiSpace/Prefabs/FX
  artifactKey: Guid(30218a26fb59d0f4bb1bd1f752e1b496) Importer(815301076,1909f56bfc062723c751e8b465ee728b)
Start importing Assets/Visual/3D Models/PolygonSciFiSpace/Prefabs/FX using Guid(30218a26fb59d0f4bb1bd1f752e1b496) Importer(815301076,1909f56bfc062723c751e8b465ee728b)  -> (artifact id: 'f871a5082c01dbc8586b5e57f72844b2') in 0.000672 seconds
Number of updated asset objects reloaded before import = 0
Number of asset objects unloaded after import = 0
========================================================================
Received Prepare
Begin MonoManager ReloadAssembly
Symbol file LoadedFromMemory is not a mono symbol file
- Loaded All Assemblies, in  0.564 seconds
Refreshing native plugins compatible for Editor in 5.21 ms, found 3 plugins.
Native extension for WindowsStandalone target not found
Native extension for Android target not found
[Package Manager] Server::EnsureServerProcessIsRunning -- launch failed, reason: Unity was launched with the -noUpm command-line argument
[Package Manager] UpmClient::Send -- Unable to send message (not connected to UPM process).
[Package Manager] Cannot connect to Unity Package Manager local server
Mono: successfully reloaded assembly
- Finished resetting the current domain, in  1.416 seconds
Domain Reload Profiling: 1976ms
	BeginReloadAssembly (185ms)
		ExecutionOrderSort (0ms)
		DisableScriptedObjects (6ms)
		BackupInstance (0ms)
		ReleaseScriptingObjects (0ms)
		CreateAndSetChildDomain (41ms)
	RebuildCommonClasses (44ms)
	RebuildNativeTypeToScriptingClass (18ms)
	initialDomainReloadingComplete (42ms)
	LoadAllAssembliesAndSetupDomain (270ms)
		LoadAssemblies (354ms)
		RebuildTransferFunctionScriptingTraits (0ms)
		AnalyzeDomain (15ms)
			TypeCache.Refresh (6ms)
				TypeCache.ScanAssembly (0ms)
			ScanForSourceGeneratedMonoScriptInfo (0ms)
			ResolveRequiredComponents (8ms)
	FinalizeReload (1417ms)
		ReleaseScriptCaches (0ms)
		RebuildScriptCaches (0ms)
		SetupLoadedEditorAssemblies (730ms)
			LogAssemblyErrors (0ms)
			InitializePlatformSupportModulesInManaged (36ms)
			SetLoadedEditorAssemblies (6ms)
			RefreshPlugins (0ms)
			BeforeProcessingInitializeOnLoad (101ms)
			ProcessInitializeOnLoadAttributes (540ms)
			ProcessInitializeOnLoadMethodAttributes (34ms)
			AfterProcessingInitializeOnLoad (13ms)
			EditorAssembliesLoaded (0ms)
		ExecutionOrderSort2 (0ms)
		AwakeInstancesAfterBackupRestoration (9ms)
Refreshing native plugins compatible for Editor in 6.71 ms, found 3 plugins.
Preloading 0 native plugins for Editor in 0.00 ms.
Unloading 3822 Unused Serialized files (Serialized files now loaded: 0)
Unloading 39 unused Assets / (1.3 MB). Loaded Objects now: 4709.
Memory consumption went from 204.7 MB to 203.4 MB.
Total: 4.119600 ms (FindLiveObjects: 0.302000 ms CreateObjectMapping: 0.141800 ms MarkObjects: 3.259800 ms  DeleteObjects: 0.414800 ms)

Prepare: number of updated asset objects reloaded= 0
AssetImportParameters requested are different than current active one (requested -> active):
  custom:container-demuxer-ogg: 62fdf1f143b41e24485cea50d1cbac27 -> 
  custom:video-codec-MediaFoundation-h265: 746d11721c4dcdbdad8f713fa42b33f4 -> 
  custom:video-decoder-ogg-theora: a1e56fd34408186e4bbccfd4996cb3dc -> 
  custom:framework-win-MediaFoundation: 216162199b28c13a410421893ffa2e32 -> 
  custom:CustomObjectIndexerAttribute: 756ad292c208cfabdd7b50bc23989ffe -> 
  custom:container-demuxer-webm: 4f35f7cbe854078d1ac9338744f61a02 -> 
  custom:container-muxer-webm: aa71ff27fc2769a1b78a27578f13a17b -> 
  custom:video-decoder-webm-vp8: 9c59270c3fd7afecdb556c50c9e8de78 -> 
  custom:SearchIndexIgnoredProperties: e643bd26f0fe6173181afceb89e7c659 -> 
  custom:AudioImporter_EditorPlatform: d09bf68614088b80899f8185d706f6e7 -> 
  custom:video-encoder-webm-vp8: eb34c28f22e8b96e1ab97ce403110664 -> 
  custom:audio-decoder-ogg-vorbis: bf7c407c2cedff20999df2af8eb42d56 -> 
  custom:audio-encoder-webm-vorbis: bf7c407c2cedff20999df2af8eb42d56 -> 
========================================================================
Received Prepare
Begin MonoManager ReloadAssembly
Symbol file LoadedFromMemory is not a mono symbol file
- Loaded All Assemblies, in  0.552 seconds
Refreshing native plugins compatible for Editor in 4.62 ms, found 3 plugins.
Native extension for WindowsStandalone target not found
Native extension for Android target not found
[Package Manager] Server::EnsureServerProcessIsRunning -- launch failed, reason: Unity was launched with the -noUpm command-line argument
[Package Manager] UpmClient::Send -- Unable to send message (not connected to UPM process).
[Package Manager] Cannot connect to Unity Package Manager local server
Mono: successfully reloaded assembly
- Finished resetting the current domain, in  1.300 seconds
Domain Reload Profiling: 1846ms
	BeginReloadAssembly (183ms)
		ExecutionOrderSort (0ms)
		DisableScriptedObjects (7ms)
		BackupInstance (0ms)
		ReleaseScriptingObjects (0ms)
		CreateAndSetChildDomain (44ms)
	RebuildCommonClasses (43ms)
	RebuildNativeTypeToScriptingClass (16ms)
	initialDomainReloadingComplete (43ms)
	LoadAllAssembliesAndSetupDomain (260ms)
		LoadAssemblies (341ms)
		RebuildTransferFunctionScriptingTraits (0ms)
		AnalyzeDomain (15ms)
			TypeCache.Refresh (5ms)
				TypeCache.ScanAssembly (0ms)
			ScanForSourceGeneratedMonoScriptInfo (0ms)
			ResolveRequiredComponents (7ms)
	FinalizeReload (1301ms)
		ReleaseScriptCaches (0ms)
		RebuildScriptCaches (0ms)
		SetupLoadedEditorAssemblies (671ms)
			LogAssemblyErrors (0ms)
			InitializePlatformSupportModulesInManaged (40ms)
			SetLoadedEditorAssemblies (5ms)
			RefreshPlugins (0ms)
			BeforeProcessingInitializeOnLoad (104ms)
			ProcessInitializeOnLoadAttributes (480ms)
			ProcessInitializeOnLoadMethodAttributes (30ms)
			AfterProcessingInitializeOnLoad (11ms)
			EditorAssembliesLoaded (0ms)
		ExecutionOrderSort2 (0ms)
		AwakeInstancesAfterBackupRestoration (8ms)
Refreshing native plugins compatible for Editor in 6.24 ms, found 3 plugins.
Preloading 0 native plugins for Editor in 0.00 ms.
Unloading 3823 Unused Serialized files (Serialized files now loaded: 0)
Unloading 39 unused Assets / (1.3 MB). Loaded Objects now: 4724.
Memory consumption went from 206.9 MB to 205.6 MB.
Total: 4.119400 ms (FindLiveObjects: 0.466700 ms CreateObjectMapping: 0.170900 ms MarkObjects: 3.151200 ms  DeleteObjects: 0.329100 ms)

Prepare: number of updated asset objects reloaded= 0
AssetImportParameters requested are different than current active one (requested -> active):
  custom:container-demuxer-ogg: 62fdf1f143b41e24485cea50d1cbac27 -> 
  custom:video-codec-MediaFoundation-h265: 746d11721c4dcdbdad8f713fa42b33f4 -> 
  custom:video-decoder-ogg-theora: a1e56fd34408186e4bbccfd4996cb3dc -> 
  custom:framework-win-MediaFoundation: 216162199b28c13a410421893ffa2e32 -> 
  custom:CustomObjectIndexerAttribute: 756ad292c208cfabdd7b50bc23989ffe -> 
  custom:container-demuxer-webm: 4f35f7cbe854078d1ac9338744f61a02 -> 
  custom:container-muxer-webm: aa71ff27fc2769a1b78a27578f13a17b -> 
  custom:video-decoder-webm-vp8: 9c59270c3fd7afecdb556c50c9e8de78 -> 
  custom:SearchIndexIgnoredProperties: e643bd26f0fe6173181afceb89e7c659 -> 
  custom:AudioImporter_EditorPlatform: d09bf68614088b80899f8185d706f6e7 -> 
  custom:video-encoder-webm-vp8: eb34c28f22e8b96e1ab97ce403110664 -> 
  custom:audio-decoder-ogg-vorbis: bf7c407c2cedff20999df2af8eb42d56 -> 
  custom:audio-encoder-webm-vorbis: bf7c407c2cedff20999df2af8eb42d56 -> 
========================================================================
Received Import Request.
  Time since last request: 81.937223 seconds.
  path: Assets/Visual/3D Models/PolygonSciFiSpace/Prefabs/FX/FX_Astroid_Field.prefab
  artifactKey: Guid(4df87d5522e7b174d90e60cedc32ef7a) Importer(815301076,1909f56bfc062723c751e8b465ee728b)
Start importing Assets/Visual/3D Models/PolygonSciFiSpace/Prefabs/FX/FX_Astroid_Field.prefab using Guid(4df87d5522e7b174d90e60cedc32ef7a) Importer(815301076,1909f56bfc062723c751e8b465ee728b)  -> (artifact id: '6bbda53514716d9606bf1e7ac281c4f4') in 0.094617 seconds
Number of updated asset objects reloaded before import = 0
Number of asset objects unloaded after import = 8
========================================================================
Received Import Request.
  Time since last request: 0.000017 seconds.
  path: Assets/Visual/3D Models/PolygonSciFiSpace/Prefabs/FX/FX_Fire_02.prefab
  artifactKey: Guid(4157b899cc0f3ae4baf5bb5413504013) Importer(815301076,1909f56bfc062723c751e8b465ee728b)
Start importing Assets/Visual/3D Models/PolygonSciFiSpace/Prefabs/FX/FX_Fire_02.prefab using Guid(4157b899cc0f3ae4baf5bb5413504013) Importer(815301076,1909f56bfc062723c751e8b465ee728b)  -> (artifact id: 'df51482f03eb2b9a6093b6c0fa3b28f8') in 0.009343 seconds
Number of updated asset objects reloaded before import = 0
Number of asset objects unloaded after import = 7
========================================================================
Received Import Request.
  Time since last request: 0.000019 seconds.
  path: Assets/Visual/3D Models/PolygonSciFiSpace/Prefabs/FX/SM_Hud_Reticle_09.prefab
  artifactKey: Guid(3d6a5e889e28e2745b7b798dd9c7f8e9) Importer(815301076,1909f56bfc062723c751e8b465ee728b)
Start importing Assets/Visual/3D Models/PolygonSciFiSpace/Prefabs/FX/SM_Hud_Reticle_09.prefab using Guid(3d6a5e889e28e2745b7b798dd9c7f8e9) Importer(815301076,1909f56bfc062723c751e8b465ee728b)  -> (artifact id: 'fa2f8f571723778bd41e6a447e9be839') in 0.013420 seconds
Number of updated asset objects reloaded before import = 0
Number of asset objects unloaded after import = 9
========================================================================
Received Import Request.
  Time since last request: 0.000017 seconds.
  path: Assets/Visual/3D Models/PolygonSciFiSpace/Prefabs/FX/FX_Pebble_Debris.prefab
  artifactKey: Guid(f4428f3876530af48a50daf8fe3efdef) Importer(815301076,1909f56bfc062723c751e8b465ee728b)
Start importing Assets/Visual/3D Models/PolygonSciFiSpace/Prefabs/FX/FX_Pebble_Debris.prefab using Guid(f4428f3876530af48a50daf8fe3efdef) Importer(815301076,1909f56bfc062723c751e8b465ee728b)  -> (artifact id: '9515654707ba7eea276b5b3e86aa9c29') in 0.008767 seconds
Number of updated asset objects reloaded before import = 0
Number of asset objects unloaded after import = 8
========================================================================
Received Import Request.
  Time since last request: 0.000017 seconds.
  path: Assets/Visual/3D Models/PolygonSciFiSpace/Prefabs/FX/SM_Hud_Box_01.prefab
  artifactKey: Guid(ad1cd1933faba084ba6f0a2e15dde648) Importer(815301076,1909f56bfc062723c751e8b465ee728b)
Start importing Assets/Visual/3D Models/PolygonSciFiSpace/Prefabs/FX/SM_Hud_Box_01.prefab using Guid(ad1cd1933faba084ba6f0a2e15dde648) Importer(815301076,1909f56bfc062723c751e8b465ee728b)  -> (artifact id: '1f5b63d7ec9c616bc021b542e0d79cb8') in 0.009849 seconds
Number of updated asset objects reloaded before import = 0
Number of asset objects unloaded after import = 9
========================================================================
Received Import Request.
  Time since last request: 0.000019 seconds.
  path: Assets/Visual/3D Models/PolygonSciFiSpace/Prefabs/FX/FX_Bubbles.prefab
  artifactKey: Guid(0f958b237ff34dc41854495e16602a70) Importer(815301076,1909f56bfc062723c751e8b465ee728b)
Start importing Assets/Visual/3D Models/PolygonSciFiSpace/Prefabs/FX/FX_Bubbles.prefab using Guid(0f958b237ff34dc41854495e16602a70) Importer(815301076,1909f56bfc062723c751e8b465ee728b)  -> (artifact id: '28fcdbc4d02783032bd652b66a4b34c5') in 0.009330 seconds
Number of updated asset objects reloaded before import = 0
Number of asset objects unloaded after import = 8
========================================================================
Received Import Request.
  Time since last request: 0.000019 seconds.
  path: Assets/Visual/3D Models/PolygonSciFiSpace/Prefabs/FX/FX_Fire_01.prefab
  artifactKey: Guid(06d2c182145e6f442b2f802c23bdcc63) Importer(815301076,1909f56bfc062723c751e8b465ee728b)
Start importing Assets/Visual/3D Models/PolygonSciFiSpace/Prefabs/FX/FX_Fire_01.prefab using Guid(06d2c182145e6f442b2f802c23bdcc63) Importer(815301076,1909f56bfc062723c751e8b465ee728b)  -> (artifact id: '4e7e642997d20c79c6f731f7f6082532') in 0.008274 seconds
Number of updated asset objects reloaded before import = 0
Number of asset objects unloaded after import = 7
========================================================================
Received Import Request.
  Time since last request: 0.000017 seconds.
  path: Assets/Visual/3D Models/PolygonSciFiSpace/Prefabs/FX/SM_Hud_Reticle_03.prefab
  artifactKey: Guid(7b3220f81ebb4a042a7fb3af062020d8) Importer(815301076,1909f56bfc062723c751e8b465ee728b)
Start importing Assets/Visual/3D Models/PolygonSciFiSpace/Prefabs/FX/SM_Hud_Reticle_03.prefab using Guid(7b3220f81ebb4a042a7fb3af062020d8) Importer(815301076,1909f56bfc062723c751e8b465ee728b)  -> (artifact id: 'e7fd6c1e4e51526642686240b35f098e') in 0.010058 seconds
Number of updated asset objects reloaded before import = 0
Number of asset objects unloaded after import = 9
========================================================================
Received Import Request.
  Time since last request: 0.000022 seconds.
  path: Assets/Visual/3D Models/PolygonSciFiSpace/Prefabs/FX/FX_Explosion.prefab
  artifactKey: Guid(587eaecaa621be74486f351c78b4f0a8) Importer(815301076,1909f56bfc062723c751e8b465ee728b)
Start importing Assets/Visual/3D Models/PolygonSciFiSpace/Prefabs/FX/FX_Explosion.prefab using Guid(587eaecaa621be74486f351c78b4f0a8) Importer(815301076,1909f56bfc062723c751e8b465ee728b)  -> (artifact id: '179db0ef5a270d7a07dcdf9c32ca0269') in 0.017742 seconds
Number of updated asset objects reloaded before import = 0
Number of asset objects unloaded after import = 26
========================================================================
Received Import Request.
  Time since last request: 0.000027 seconds.
  path: Assets/Visual/3D Models/PolygonSciFiSpace/Prefabs/FX/SM_Hud_Screen_Backing_01.prefab
  artifactKey: Guid(3e7db1b08fec4094d8b9d5262cd0adbe) Importer(815301076,1909f56bfc062723c751e8b465ee728b)
Start importing Assets/Visual/3D Models/PolygonSciFiSpace/Prefabs/FX/SM_Hud_Screen_Backing_01.prefab using Guid(3e7db1b08fec4094d8b9d5262cd0adbe) Importer(815301076,1909f56bfc062723c751e8b465ee728b)  -> (artifact id: '4382070279c4bc1e824007f34f0a2bb6') in 0.008473 seconds
Number of updated asset objects reloaded before import = 0
Number of asset objects unloaded after import = 8
========================================================================
Received Import Request.
  Time since last request: 0.000020 seconds.
  path: Assets/Visual/3D Models/PolygonSciFiSpace/Prefabs/FX/FX_Missiles.prefab
  artifactKey: Guid(a765fb16b0a48744e851ca9d06b331b1) Importer(815301076,1909f56bfc062723c751e8b465ee728b)
Start importing Assets/Visual/3D Models/PolygonSciFiSpace/Prefabs/FX/FX_Missiles.prefab using Guid(a765fb16b0a48744e851ca9d06b331b1) Importer(815301076,1909f56bfc062723c751e8b465ee728b)  -> (artifact id: '8c819042798b5d3d5cdb868e796eda9b') in 0.017190 seconds
Number of updated asset objects reloaded before import = 0
Number of asset objects unloaded after import = 29
========================================================================
Received Import Request.
  Time since last request: 0.000022 seconds.
  path: Assets/Visual/3D Models/PolygonSciFiSpace/Prefabs/FX/SM_Hud_Text_03.prefab
  artifactKey: Guid(6ab3df218ef63eb4ca0d468cd332dbef) Importer(815301076,1909f56bfc062723c751e8b465ee728b)
Start importing Assets/Visual/3D Models/PolygonSciFiSpace/Prefabs/FX/SM_Hud_Text_03.prefab using Guid(6ab3df218ef63eb4ca0d468cd332dbef) Importer(815301076,1909f56bfc062723c751e8b465ee728b)  -> (artifact id: '6d81b207812b7383a5ec83263af159ec') in 0.010720 seconds
Number of updated asset objects reloaded before import = 0
Number of asset objects unloaded after import = 9
========================================================================
Received Import Request.
  Time since last request: 0.000018 seconds.
  path: Assets/Visual/3D Models/PolygonSciFiSpace/Prefabs/FX/FX_Steam.prefab
  artifactKey: Guid(96decb074303dd644930252238107cd6) Importer(815301076,1909f56bfc062723c751e8b465ee728b)
Start importing Assets/Visual/3D Models/PolygonSciFiSpace/Prefabs/FX/FX_Steam.prefab using Guid(96decb074303dd644930252238107cd6) Importer(815301076,1909f56bfc062723c751e8b465ee728b)  -> (artifact id: '995902531c5a4b63fd7c7a547ff146b7') in 0.010275 seconds
Number of updated asset objects reloaded before import = 0
Number of asset objects unloaded after import = 7
========================================================================
Received Import Request.
  Time since last request: 0.000015 seconds.
  path: Assets/Visual/3D Models/PolygonSciFiSpace/Prefabs/FX/FX_Exhaust_Trail.prefab
  artifactKey: Guid(7eedf4519460a0842af962a850d94e97) Importer(815301076,1909f56bfc062723c751e8b465ee728b)
Start importing Assets/Visual/3D Models/PolygonSciFiSpace/Prefabs/FX/FX_Exhaust_Trail.prefab using Guid(7eedf4519460a0842af962a850d94e97) Importer(815301076,1909f56bfc062723c751e8b465ee728b)  -> (artifact id: '915ecfd82b1831ddc7610c49541e2e36') in 0.007866 seconds
Number of updated asset objects reloaded before import = 0
Number of asset objects unloaded after import = 8
========================================================================
Received Import Request.
  Time since last request: 0.000018 seconds.
  path: Assets/Visual/3D Models/PolygonSciFiSpace/Prefabs/FX/FX_Laser_Shot.prefab
  artifactKey: Guid(b510fe24f925ddd4bbf696284d146f51) Importer(815301076,1909f56bfc062723c751e8b465ee728b)
Start importing Assets/Visual/3D Models/PolygonSciFiSpace/Prefabs/FX/FX_Laser_Shot.prefab using Guid(b510fe24f925ddd4bbf696284d146f51) Importer(815301076,1909f56bfc062723c751e8b465ee728b)  -> (artifact id: 'ede91afe0e7101437728fe26054c001a') in 0.010775 seconds
Number of updated asset objects reloaded before import = 0
Number of asset objects unloaded after import = 18
========================================================================
Received Import Request.
  Time since last request: 0.000016 seconds.
  path: Assets/Visual/3D Models/PolygonSciFiSpace/Prefabs/FX/FX_WarpTunnel.prefab
  artifactKey: Guid(4bdd8cc941230c2449d2f346767daa72) Importer(815301076,1909f56bfc062723c751e8b465ee728b)
Start importing Assets/Visual/3D Models/PolygonSciFiSpace/Prefabs/FX/FX_WarpTunnel.prefab using Guid(4bdd8cc941230c2449d2f346767daa72) Importer(815301076,1909f56bfc062723c751e8b465ee728b)  -> (artifact id: '4da6e361468d6ca76f3ddfdca13c62d0') in 0.047292 seconds
Number of updated asset objects reloaded before import = 0
Number of asset objects unloaded after import = 9
========================================================================
Received Import Request.
  Time since last request: 0.000017 seconds.
  path: Assets/Visual/3D Models/PolygonSciFiSpace/Prefabs/FX/FX_SpaceDust_Worldspace.prefab
  artifactKey: Guid(13e60edaee031c249acd2144409ba0b9) Importer(815301076,1909f56bfc062723c751e8b465ee728b)
Start importing Assets/Visual/3D Models/PolygonSciFiSpace/Prefabs/FX/FX_SpaceDust_Worldspace.prefab using Guid(13e60edaee031c249acd2144409ba0b9) Importer(815301076,1909f56bfc062723c751e8b465ee728b)  -> (artifact id: '3295e8b4b5e3309077b1afbcb2ccaecb') in 0.008996 seconds
Number of updated asset objects reloaded before import = 0
Number of asset objects unloaded after import = 8
========================================================================
Received Import Request.
  Time since last request: 0.000022 seconds.
  path: Assets/Visual/3D Models/PolygonSciFiSpace/Prefabs/FX/SM_Hud_Reticle_06.prefab
  artifactKey: Guid(d30cfa5afde9bd44592b771d562944be) Importer(815301076,1909f56bfc062723c751e8b465ee728b)
Start importing Assets/Visual/3D Models/PolygonSciFiSpace/Prefabs/FX/SM_Hud_Reticle_06.prefab using Guid(d30cfa5afde9bd44592b771d562944be) Importer(815301076,1909f56bfc062723c751e8b465ee728b)  -> (artifact id: '01ec1feda9c6fb7833fb3a676a8b7716') in 0.009745 seconds
Number of updated asset objects reloaded before import = 0
Number of asset objects unloaded after import = 9
========================================================================
Received Import Request.
  Time since last request: 0.000036 seconds.
  path: Assets/Visual/3D Models/PolygonSciFiSpace/Prefabs/FX/FX_Flame_Booster_Round.prefab
  artifactKey: Guid(41eac07628561874e8fd3c1649c10b47) Importer(815301076,1909f56bfc062723c751e8b465ee728b)
Start importing Assets/Visual/3D Models/PolygonSciFiSpace/Prefabs/FX/FX_Flame_Booster_Round.prefab using Guid(41eac07628561874e8fd3c1649c10b47) Importer(815301076,1909f56bfc062723c751e8b465ee728b)  -> (artifact id: '08efcebaa0bf8069b1bfedb8b0751e2d') in 0.012215 seconds
Number of updated asset objects reloaded before import = 0
Number of asset objects unloaded after import = 9
========================================================================
Received Import Request.
  Time since last request: 0.000020 seconds.
  path: Assets/Visual/3D Models/PolygonSciFiSpace/Prefabs/FX/SM_Hud_Barrier_03.prefab
  artifactKey: Guid(da6302050e3513d4aaf0fd646b416696) Importer(815301076,1909f56bfc062723c751e8b465ee728b)
Start importing Assets/Visual/3D Models/PolygonSciFiSpace/Prefabs/FX/SM_Hud_Barrier_03.prefab using Guid(da6302050e3513d4aaf0fd646b416696) Importer(815301076,1909f56bfc062723c751e8b465ee728b)  -> (artifact id: '01f583fb116a5ac5f527894e620ce112') in 0.011302 seconds
Number of updated asset objects reloaded before import = 0
Number of asset objects unloaded after import = 9
========================================================================
Received Import Request.
  Time since last request: 0.000022 seconds.
  path: Assets/Visual/3D Models/PolygonSciFiSpace/Prefabs/FX/SM_Hud_Box_03.prefab
  artifactKey: Guid(f27d62e9b72774f4c83740b45d58b052) Importer(815301076,1909f56bfc062723c751e8b465ee728b)
Start importing Assets/Visual/3D Models/PolygonSciFiSpace/Prefabs/FX/SM_Hud_Box_03.prefab using Guid(f27d62e9b72774f4c83740b45d58b052) Importer(815301076,1909f56bfc062723c751e8b465ee728b)  -> (artifact id: 'bdff85b07ff6d3d2b6c4e9e43d47fa13') in 0.018835 seconds
Number of updated asset objects reloaded before import = 0
Number of asset objects unloaded after import = 9
========================================================================
Received Import Request.
  Time since last request: 0.000020 seconds.
  path: Assets/Visual/3D Models/PolygonSciFiSpace/Prefabs/FX/FX_Electricity.prefab
  artifactKey: Guid(ca1b1da5e83888f49b3a1148500975b9) Importer(815301076,1909f56bfc062723c751e8b465ee728b)
Start importing Assets/Visual/3D Models/PolygonSciFiSpace/Prefabs/FX/FX_Electricity.prefab using Guid(ca1b1da5e83888f49b3a1148500975b9) Importer(815301076,1909f56bfc062723c751e8b465ee728b)  -> (artifact id: '479b6d78bb916906496c44640ecd4865') in 0.011098 seconds
Number of updated asset objects reloaded before import = 0
Number of asset objects unloaded after import = 8
========================================================================
Received Import Request.
  Time since last request: 0.000032 seconds.
  path: Assets/Visual/3D Models/PolygonSciFiSpace/Prefabs/FX/FX_Ship_Trail.prefab
  artifactKey: Guid(a040b23558fd6b442819f2618ade38b7) Importer(815301076,1909f56bfc062723c751e8b465ee728b)
Start importing Assets/Visual/3D Models/PolygonSciFiSpace/Prefabs/FX/FX_Ship_Trail.prefab using Guid(a040b23558fd6b442819f2618ade38b7) Importer(815301076,1909f56bfc062723c751e8b465ee728b)  -> (artifact id: '3b185fe394bfaf9d2d51593beb286e2d') in 0.008506 seconds
Number of updated asset objects reloaded before import = 0
Number of asset objects unloaded after import = 7
========================================================================
Received Import Request.
  Time since last request: 0.000016 seconds.
  path: Assets/Visual/3D Models/PolygonSciFiSpace/Prefabs/FX/SM_Hud_Box_02.prefab
  artifactKey: Guid(5a8a7a5de5aebb24a9934ede045856bc) Importer(815301076,1909f56bfc062723c751e8b465ee728b)
Start importing Assets/Visual/3D Models/PolygonSciFiSpace/Prefabs/FX/SM_Hud_Box_02.prefab using Guid(5a8a7a5de5aebb24a9934ede045856bc) Importer(815301076,1909f56bfc062723c751e8b465ee728b)  -> (artifact id: '15cf29ea263718d243a4e0cdfc519fcd') in 0.009700 seconds
Number of updated asset objects reloaded before import = 0
Number of asset objects unloaded after import = 9
========================================================================
Received Import Request.
  Time since last request: 0.000017 seconds.
  path: Assets/Visual/3D Models/PolygonSciFiSpace/Prefabs/FX/SM_Hud_Barrier_01.prefab
  artifactKey: Guid(9ad20ca03227a374fa44c9ae60608b6c) Importer(815301076,1909f56bfc062723c751e8b465ee728b)
Start importing Assets/Visual/3D Models/PolygonSciFiSpace/Prefabs/FX/SM_Hud_Barrier_01.prefab using Guid(9ad20ca03227a374fa44c9ae60608b6c) Importer(815301076,1909f56bfc062723c751e8b465ee728b)  -> (artifact id: '7d9e2125cd4321db6c25567c5b38a323') in 0.008680 seconds
Number of updated asset objects reloaded before import = 0
Number of asset objects unloaded after import = 9
========================================================================
Received Import Request.
  Time since last request: 0.000016 seconds.
  path: Assets/Visual/3D Models/PolygonSciFiSpace/Prefabs/FX/FX_LightRayRound.prefab
  artifactKey: Guid(f75f632cd8eb73545ae070fb14c69333) Importer(815301076,1909f56bfc062723c751e8b465ee728b)
Start importing Assets/Visual/3D Models/PolygonSciFiSpace/Prefabs/FX/FX_LightRayRound.prefab using Guid(f75f632cd8eb73545ae070fb14c69333) Importer(815301076,1909f56bfc062723c751e8b465ee728b)  -> (artifact id: 'f0fe082bdca729f31307ce7858897018') in 0.011086 seconds
Number of updated asset objects reloaded before import = 0
Number of asset objects unloaded after import = 15
========================================================================
Received Import Request.
  Time since last request: 0.000016 seconds.
  path: Assets/Visual/3D Models/PolygonSciFiSpace/Prefabs/FX/SM_Hud_Text_02.prefab
  artifactKey: Guid(df9a9ff89be102f46861b6d72ac62ed2) Importer(815301076,1909f56bfc062723c751e8b465ee728b)
Start importing Assets/Visual/3D Models/PolygonSciFiSpace/Prefabs/FX/SM_Hud_Text_02.prefab using Guid(df9a9ff89be102f46861b6d72ac62ed2) Importer(815301076,1909f56bfc062723c751e8b465ee728b)  -> (artifact id: 'e3ade4bcec2df623c8a6e58ec199f6ce') in 0.009541 seconds
Number of updated asset objects reloaded before import = 0
Number of asset objects unloaded after import = 9
========================================================================
Received Import Request.
  Time since last request: 0.000014 seconds.
  path: Assets/Visual/3D Models/PolygonSciFiSpace/Prefabs/FX/FX_Flame_Booster_Square.prefab
  artifactKey: Guid(4a298e46d0e7c4c409d88415ebb4d047) Importer(815301076,1909f56bfc062723c751e8b465ee728b)
Start importing Assets/Visual/3D Models/PolygonSciFiSpace/Prefabs/FX/FX_Flame_Booster_Square.prefab using Guid(4a298e46d0e7c4c409d88415ebb4d047) Importer(815301076,1909f56bfc062723c751e8b465ee728b)  -> (artifact id: 'e11dbd0e638688b1162c08203c20bdec') in 0.008844 seconds
Number of updated asset objects reloaded before import = 0
Number of asset objects unloaded after import = 9
========================================================================
Received Import Request.
  Time since last request: 4.039363 seconds.
  path: Assets/Visual/3D Models/PolygonSciFiSpace/Models/FX_Meshes/SM_Pebble_Debris_03.fbx
  artifactKey: Guid(3a8a86990e835ea48ad72b3669c3e92a) Importer(815301076,1909f56bfc062723c751e8b465ee728b)
Start importing Assets/Visual/3D Models/PolygonSciFiSpace/Models/FX_Meshes/SM_Pebble_Debris_03.fbx using Guid(3a8a86990e835ea48ad72b3669c3e92a) Importer(815301076,1909f56bfc062723c751e8b465ee728b)  -> (artifact id: 'c37240b459c8bef761686d8e8b1669dd') in 0.032074 seconds
Number of updated asset objects reloaded before import = 0
Number of asset objects unloaded after import = 7
========================================================================
Received Import Request.
  Time since last request: 5.148077 seconds.
  path: Assets/Visual/3D Models/PolygonSciFiSpace/Models/FX_Meshes/SM_SphereGeo.fbx
  artifactKey: Guid(b5e2b3d671f50464eaf7b8343c2f2a86) Importer(815301076,1909f56bfc062723c751e8b465ee728b)
Start importing Assets/Visual/3D Models/PolygonSciFiSpace/Models/FX_Meshes/SM_SphereGeo.fbx using Guid(b5e2b3d671f50464eaf7b8343c2f2a86) Importer(815301076,1909f56bfc062723c751e8b465ee728b)  -> (artifact id: '1e57f9bcbdc9b60f906a1bcf2a267d65') in 0.011416 seconds
Number of updated asset objects reloaded before import = 0
Number of asset objects unloaded after import = 7
========================================================================
Received Import Request.
  Time since last request: 6.599431 seconds.
  path: Assets/Visual/3D Models/PolygonSciFiSpace/Models/FX_Meshes/SM_Flame_Mesh_New.fbx
  artifactKey: Guid(d86e85307eb5b9f449c96ab781089166) Importer(815301076,1909f56bfc062723c751e8b465ee728b)
Start importing Assets/Visual/3D Models/PolygonSciFiSpace/Models/FX_Meshes/SM_Flame_Mesh_New.fbx using Guid(d86e85307eb5b9f449c96ab781089166) Importer(815301076,1909f56bfc062723c751e8b465ee728b)  -> (artifact id: '6d04825b67b05e5623a998445280ba74') in 0.009953 seconds
Number of updated asset objects reloaded before import = 0
Number of asset objects unloaded after import = 7
========================================================================
Received Import Request.
  Time since last request: 3.839219 seconds.
  path: Assets/Visual/3D Models/PolygonSciFiSpace/Models/FX_Meshes/SM_Laser_Trail_01.fbx
  artifactKey: Guid(fa1cc62529212804ea8de0a970610dcd) Importer(815301076,1909f56bfc062723c751e8b465ee728b)
Start importing Assets/Visual/3D Models/PolygonSciFiSpace/Models/FX_Meshes/SM_Laser_Trail_01.fbx using Guid(fa1cc62529212804ea8de0a970610dcd) Importer(815301076,1909f56bfc062723c751e8b465ee728b)  -> (artifact id: 'c76cb8f1f61d5c8c4d38164269cfee4c') in 0.010909 seconds
Number of updated asset objects reloaded before import = 0
Number of asset objects unloaded after import = 7
========================================================================
Received Import Request.
  Time since last request: 8.676634 seconds.
  path: Assets/Visual/3D Models/PolygonParticles
  artifactKey: Guid(8a1e1cf8434d3c24cbb4c1740e306228) Importer(815301076,1909f56bfc062723c751e8b465ee728b)
Start importing Assets/Visual/3D Models/PolygonParticles using Guid(8a1e1cf8434d3c24cbb4c1740e306228) Importer(815301076,1909f56bfc062723c751e8b465ee728b)  -> (artifact id: '2ebfb66a09cc7e940ecc82c65881ca89') in 0.001174 seconds
Number of updated asset objects reloaded before import = 0
Number of asset objects unloaded after import = 0
========================================================================
Received Import Request.
  Time since last request: 0.966017 seconds.
  path: Assets/Visual/3D Models/PolygonParticles/Prefabs
  artifactKey: Guid(6ffb2d6e0933bb742bf8c56cb03c26b7) Importer(815301076,1909f56bfc062723c751e8b465ee728b)
Start importing Assets/Visual/3D Models/PolygonParticles/Prefabs using Guid(6ffb2d6e0933bb742bf8c56cb03c26b7) Importer(815301076,1909f56bfc062723c751e8b465ee728b)  -> (artifact id: '91f2301ea868753ab369ff9531bfd885') in 0.000774 seconds
Number of updated asset objects reloaded before import = 0
Number of asset objects unloaded after import = 0
========================================================================
Received Import Request.
  Time since last request: 0.071979 seconds.
  path: Assets/Visual/3D Models/PolygonParticles/Prefabs/FX_ArtilleryShell_01.prefab
  artifactKey: Guid(d60e1bbe20a224f47955cf3a78063800) Importer(815301076,1909f56bfc062723c751e8b465ee728b)
Start importing Assets/Visual/3D Models/PolygonParticles/Prefabs/FX_ArtilleryShell_01.prefab using Guid(d60e1bbe20a224f47955cf3a78063800) Importer(815301076,1909f56bfc062723c751e8b465ee728b)  -> (artifact id: '123cc4a3b95d542b084bd6b606478bbc') in 0.017143 seconds
Number of updated asset objects reloaded before import = 0
Number of asset objects unloaded after import = 39
========================================================================
Received Import Request.
  Time since last request: 0.000015 seconds.
  path: Assets/Visual/3D Models/PolygonParticles/Prefabs/FX_CannonShot_01.prefab
  artifactKey: Guid(f72f0eb4a0fb5934fab797add8da8711) Importer(815301076,1909f56bfc062723c751e8b465ee728b)
Start importing Assets/Visual/3D Models/PolygonParticles/Prefabs/FX_CannonShot_01.prefab using Guid(f72f0eb4a0fb5934fab797add8da8711) Importer(815301076,1909f56bfc062723c751e8b465ee728b)  -> (artifact id: 'ae60ba69c6e9415294d0ede1d87aed7f') in 0.009596 seconds
Number of updated asset objects reloaded before import = 0
Number of asset objects unloaded after import = 25
========================================================================
Received Import Request.
  Time since last request: 0.000017 seconds.
  path: Assets/Visual/3D Models/PolygonParticles/Prefabs/FX_Direction_Arrows_01.prefab
  artifactKey: Guid(4aee0d2dc836414499493a1cc6872c3d) Importer(815301076,1909f56bfc062723c751e8b465ee728b)
Start importing Assets/Visual/3D Models/PolygonParticles/Prefabs/FX_Direction_Arrows_01.prefab using Guid(4aee0d2dc836414499493a1cc6872c3d) Importer(815301076,1909f56bfc062723c751e8b465ee728b)  -> (artifact id: '3dd03c9992c68942b9e9847a41ff6b1e') in 0.010092 seconds
Number of updated asset objects reloaded before import = 0
Number of asset objects unloaded after import = 16
========================================================================
Received Import Request.
  Time since last request: 0.000017 seconds.
  path: Assets/Visual/3D Models/PolygonParticles/Prefabs/FX_Direction_Arrows_02.prefab
  artifactKey: Guid(cd89c56a1fcd0534a946f51a4cf9e51b) Importer(815301076,1909f56bfc062723c751e8b465ee728b)
Start importing Assets/Visual/3D Models/PolygonParticles/Prefabs/FX_Direction_Arrows_02.prefab using Guid(cd89c56a1fcd0534a946f51a4cf9e51b) Importer(815301076,1909f56bfc062723c751e8b465ee728b)  -> (artifact id: '2383013123ef1a9d5bdfdfebfc2537d8') in 0.007946 seconds
Number of updated asset objects reloaded before import = 0
Number of asset objects unloaded after import = 8
========================================================================
Received Import Request.
  Time since last request: 0.000015 seconds.
  path: Assets/Visual/3D Models/PolygonParticles/Prefabs/FX_Explosion_Body_Bloody_01.prefab
  artifactKey: Guid(3b517eddec185dd4a830743a742ad00b) Importer(815301076,1909f56bfc062723c751e8b465ee728b)
Start importing Assets/Visual/3D Models/PolygonParticles/Prefabs/FX_Explosion_Body_Bloody_01.prefab using Guid(3b517eddec185dd4a830743a742ad00b) Importer(815301076,1909f56bfc062723c751e8b465ee728b)  -> (artifact id: '2d60064692a9cc183e38426f73e440a1') in 0.013484 seconds
Number of updated asset objects reloaded before import = 0
Number of asset objects unloaded after import = 26
========================================================================
Received Import Request.
  Time since last request: 0.000018 seconds.
  path: Assets/Visual/3D Models/PolygonParticles/Prefabs/FX_Fairy_01.prefab
  artifactKey: Guid(4baff87aa850bb94fbaeecfbaaaa1ba1) Importer(815301076,1909f56bfc062723c751e8b465ee728b)
Start importing Assets/Visual/3D Models/PolygonParticles/Prefabs/FX_Fairy_01.prefab using Guid(4baff87aa850bb94fbaeecfbaaaa1ba1) Importer(815301076,1909f56bfc062723c751e8b465ee728b)  -> (artifact id: '689db30919d2e677d796da13945f1e03') in 0.009141 seconds
Number of updated asset objects reloaded before import = 0
Number of asset objects unloaded after import = 8
========================================================================
Received Import Request.
  Time since last request: 0.000017 seconds.
  path: Assets/Visual/3D Models/PolygonParticles/Prefabs/FX_Fire_Small_01.prefab
  artifactKey: Guid(c3039019fa1c65840b1b35eed158363c) Importer(815301076,1909f56bfc062723c751e8b465ee728b)
Start importing Assets/Visual/3D Models/PolygonParticles/Prefabs/FX_Fire_Small_01.prefab using Guid(c3039019fa1c65840b1b35eed158363c) Importer(815301076,1909f56bfc062723c751e8b465ee728b)  -> (artifact id: 'b2d13f3cec3ce37157f69bf302b644c4') in 0.009520 seconds
Number of updated asset objects reloaded before import = 0
Number of asset objects unloaded after import = 14
========================================================================
Received Import Request.
  Time since last request: 0.000015 seconds.
  path: Assets/Visual/3D Models/PolygonParticles/Prefabs/FX_Fireworks_Large_Red_01.prefab
  artifactKey: Guid(ca38b4fca70a84e47892790122a1ec48) Importer(815301076,1909f56bfc062723c751e8b465ee728b)
Start importing Assets/Visual/3D Models/PolygonParticles/Prefabs/FX_Fireworks_Large_Red_01.prefab using Guid(ca38b4fca70a84e47892790122a1ec48) Importer(815301076,1909f56bfc062723c751e8b465ee728b)  -> (artifact id: '9b5abc4ba25bd7b9a1c136e6bbd7ae02') in 0.038061 seconds
Number of updated asset objects reloaded before import = 0
Number of asset objects unloaded after import = 32
========================================================================
Received Import Request.
  Time since last request: 0.000018 seconds.
  path: Assets/Visual/3D Models/PolygonParticles/Prefabs/FX_Direction_Arrows_03.prefab
  artifactKey: Guid(162d349d1974cff47b0c8fb20111891b) Importer(815301076,1909f56bfc062723c751e8b465ee728b)
Start importing Assets/Visual/3D Models/PolygonParticles/Prefabs/FX_Direction_Arrows_03.prefab using Guid(162d349d1974cff47b0c8fb20111891b) Importer(815301076,1909f56bfc062723c751e8b465ee728b)  -> (artifact id: '198e246d1ff79051157b23cb583a954e') in 0.008032 seconds
Number of updated asset objects reloaded before import = 0
Number of asset objects unloaded after import = 8
========================================================================
Received Import Request.
  Time since last request: 0.000021 seconds.
  path: Assets/Visual/3D Models/PolygonParticles/Prefabs/FX_Grenade_Flash_Toss_01.prefab
  artifactKey: Guid(4a3beee2089f99e428874a74d68d4106) Importer(815301076,1909f56bfc062723c751e8b465ee728b)
Start importing Assets/Visual/3D Models/PolygonParticles/Prefabs/FX_Grenade_Flash_Toss_01.prefab using Guid(4a3beee2089f99e428874a74d68d4106) Importer(815301076,1909f56bfc062723c751e8b465ee728b)  -> (artifact id: '65f990e72e75a334d0d65341868e9303') in 0.019436 seconds
Number of updated asset objects reloaded before import = 0
Number of asset objects unloaded after import = 35
========================================================================
Received Import Request.
  Time since last request: 0.000024 seconds.
  path: Assets/Visual/3D Models/PolygonParticles/Prefabs/FX_Electricity_02.prefab
  artifactKey: Guid(a22bb852cf433044e8752ea7fe62f570) Importer(815301076,1909f56bfc062723c751e8b465ee728b)
Start importing Assets/Visual/3D Models/PolygonParticles/Prefabs/FX_Electricity_02.prefab using Guid(a22bb852cf433044e8752ea7fe62f570) Importer(815301076,1909f56bfc062723c751e8b465ee728b)  -> (artifact id: 'b595a92e1b653e36f88483d3b202a243') in 0.008552 seconds
Number of updated asset objects reloaded before import = 0
Number of asset objects unloaded after import = 7
========================================================================
Received Import Request.
  Time since last request: 0.000013 seconds.
  path: Assets/Visual/3D Models/PolygonParticles/Prefabs/FX_Fire_Big_03.prefab
  artifactKey: Guid(aafad909270f83046bc79c06fe30321a) Importer(815301076,1909f56bfc062723c751e8b465ee728b)
Start importing Assets/Visual/3D Models/PolygonParticles/Prefabs/FX_Fire_Big_03.prefab using Guid(aafad909270f83046bc79c06fe30321a) Importer(815301076,1909f56bfc062723c751e8b465ee728b)  -> (artifact id: '374490e8374e49cbac2670dbd38e7329') in 0.009669 seconds
Number of updated asset objects reloaded before import = 0
Number of asset objects unloaded after import = 14
========================================================================
Received Import Request.
  Time since last request: 0.000019 seconds.
  path: Assets/Visual/3D Models/PolygonParticles/Prefabs/FX_Fire_Big_01.prefab
  artifactKey: Guid(d5e400a2a0d155d4db9970614680534f) Importer(815301076,1909f56bfc062723c751e8b465ee728b)
Start importing Assets/Visual/3D Models/PolygonParticles/Prefabs/FX_Fire_Big_01.prefab using Guid(d5e400a2a0d155d4db9970614680534f) Importer(815301076,1909f56bfc062723c751e8b465ee728b)  -> (artifact id: '4d149abb0f809c2dbfb9c4075e74adb2') in 0.010076 seconds
Number of updated asset objects reloaded before import = 0
Number of asset objects unloaded after import = 14
========================================================================
Received Import Request.
  Time since last request: 0.000024 seconds.
  path: Assets/Visual/3D Models/PolygonParticles/Prefabs/FX_Confetti_01.prefab
  artifactKey: Guid(4171bb92c5c591848b14be1db6f3efe2) Importer(815301076,1909f56bfc062723c751e8b465ee728b)
Start importing Assets/Visual/3D Models/PolygonParticles/Prefabs/FX_Confetti_01.prefab using Guid(4171bb92c5c591848b14be1db6f3efe2) Importer(815301076,1909f56bfc062723c751e8b465ee728b)  -> (artifact id: '5fc6a61bd0fdc983ecec516521895e84') in 0.011968 seconds
Number of updated asset objects reloaded before import = 0
Number of asset objects unloaded after import = 19
========================================================================
Received Import Request.
  Time since last request: 0.000029 seconds.
  path: Assets/Visual/3D Models/PolygonParticles/Prefabs/FX_Fireworks_Group_01.prefab
  artifactKey: Guid(07aa037621e4eba478ebfb04ecfbf0f5) Importer(815301076,1909f56bfc062723c751e8b465ee728b)
Start importing Assets/Visual/3D Models/PolygonParticles/Prefabs/FX_Fireworks_Group_01.prefab using Guid(07aa037621e4eba478ebfb04ecfbf0f5) Importer(815301076,1909f56bfc062723c751e8b465ee728b)  -> (artifact id: 'adc0b4abc82180dd5bc9a5222eff56f6') in 0.018963 seconds
Number of updated asset objects reloaded before import = 0
Number of asset objects unloaded after import = 80
========================================================================
Received Import Request.
  Time since last request: 0.000019 seconds.
  path: Assets/Visual/3D Models/PolygonParticles/Prefabs/FX_Bubbles_Float_01.prefab
  artifactKey: Guid(cd8a919d250921a47b55356e13bc37f4) Importer(815301076,1909f56bfc062723c751e8b465ee728b)
Start importing Assets/Visual/3D Models/PolygonParticles/Prefabs/FX_Bubbles_Float_01.prefab using Guid(cd8a919d250921a47b55356e13bc37f4) Importer(815301076,1909f56bfc062723c751e8b465ee728b)  -> (artifact id: 'a27f4af821073f5ed59e8674fc30e6f9') in 0.010005 seconds
Number of updated asset objects reloaded before import = 0
Number of asset objects unloaded after import = 8
========================================================================
Received Import Request.
  Time since last request: 0.000016 seconds.
  path: Assets/Visual/3D Models/PolygonParticles/Prefabs/FX_Cartoony_Jump_01.prefab
  artifactKey: Guid(05f7c156786bd024e8da3bb1a4b8aa09) Importer(815301076,1909f56bfc062723c751e8b465ee728b)
Start importing Assets/Visual/3D Models/PolygonParticles/Prefabs/FX_Cartoony_Jump_01.prefab using Guid(05f7c156786bd024e8da3bb1a4b8aa09) Importer(815301076,1909f56bfc062723c751e8b465ee728b)  -> (artifact id: '169ae08504317fb3cca748102779be14') in 0.008459 seconds
Number of updated asset objects reloaded before import = 0
Number of asset objects unloaded after import = 7
========================================================================
Received Import Request.
  Time since last request: 0.000016 seconds.
  path: Assets/Visual/3D Models/PolygonParticles/Prefabs/FX_Grenade_Flash_01.prefab
  artifactKey: Guid(2e0d5536e42d3aa48b6e363997b6b9e4) Importer(815301076,1909f56bfc062723c751e8b465ee728b)
Start importing Assets/Visual/3D Models/PolygonParticles/Prefabs/FX_Grenade_Flash_01.prefab using Guid(2e0d5536e42d3aa48b6e363997b6b9e4) Importer(815301076,1909f56bfc062723c751e8b465ee728b)  -> (artifact id: 'a6d69498573c3f515c481f59080589a2') in 0.010974 seconds
Number of updated asset objects reloaded before import = 0
Number of asset objects unloaded after import = 22
========================================================================
Received Import Request.
  Time since last request: 0.000016 seconds.
  path: Assets/Visual/3D Models/PolygonParticles/Prefabs/FX_Cartoony_Jump_Up_01.prefab
  artifactKey: Guid(f81ea73a47d926143906b9d543948dc0) Importer(815301076,1909f56bfc062723c751e8b465ee728b)
Start importing Assets/Visual/3D Models/PolygonParticles/Prefabs/FX_Cartoony_Jump_Up_01.prefab using Guid(f81ea73a47d926143906b9d543948dc0) Importer(815301076,1909f56bfc062723c751e8b465ee728b)  -> (artifact id: '862c44335586e23dac909db4bf2ddb75') in 0.009854 seconds
Number of updated asset objects reloaded before import = 0
Number of asset objects unloaded after import = 16
========================================================================
Received Import Request.
  Time since last request: 0.000017 seconds.
  path: Assets/Visual/3D Models/PolygonParticles/Prefabs/FX_Dust_Small_01.prefab
  artifactKey: Guid(d599d264aedd3aa4684f39e078823d4e) Importer(815301076,1909f56bfc062723c751e8b465ee728b)
Start importing Assets/Visual/3D Models/PolygonParticles/Prefabs/FX_Dust_Small_01.prefab using Guid(d599d264aedd3aa4684f39e078823d4e) Importer(815301076,1909f56bfc062723c751e8b465ee728b)  -> (artifact id: 'caed953ca8c20241e6ac6315f7726b8f') in 0.008678 seconds
Number of updated asset objects reloaded before import = 0
Number of asset objects unloaded after import = 8
========================================================================
Received Import Request.
  Time since last request: 0.000019 seconds.
  path: Assets/Visual/3D Models/PolygonParticles/Prefabs/FX_Grenade_Smoke_01.prefab
  artifactKey: Guid(cc606b05b54463b41bd3f1744812102d) Importer(815301076,1909f56bfc062723c751e8b465ee728b)
Start importing Assets/Visual/3D Models/PolygonParticles/Prefabs/FX_Grenade_Smoke_01.prefab using Guid(cc606b05b54463b41bd3f1744812102d) Importer(815301076,1909f56bfc062723c751e8b465ee728b)  -> (artifact id: '868187fae010f51d9ec5d71f3477d657') in 0.008633 seconds
Number of updated asset objects reloaded before import = 0
Number of asset objects unloaded after import = 8
========================================================================
Received Import Request.
  Time since last request: 0.000021 seconds.
  path: Assets/Visual/3D Models/PolygonParticles/Prefabs/FX_Fire_Big_02.prefab
  artifactKey: Guid(508c9f007a2bf724d88361f16953bbac) Importer(815301076,1909f56bfc062723c751e8b465ee728b)
Start importing Assets/Visual/3D Models/PolygonParticles/Prefabs/FX_Fire_Big_02.prefab using Guid(508c9f007a2bf724d88361f16953bbac) Importer(815301076,1909f56bfc062723c751e8b465ee728b)  -> (artifact id: '38724d3c6dde4e0b825e47041a5bd03e') in 0.010185 seconds
Number of updated asset objects reloaded before import = 0
Number of asset objects unloaded after import = 14
========================================================================
Received Import Request.
  Time since last request: 0.000018 seconds.
  path: Assets/Visual/3D Models/PolygonParticles/Prefabs/FX_Fog_Small_01.prefab
  artifactKey: Guid(b72bef528f099a14d8eab50350452f58) Importer(815301076,1909f56bfc062723c751e8b465ee728b)
Start importing Assets/Visual/3D Models/PolygonParticles/Prefabs/FX_Fog_Small_01.prefab using Guid(b72bef528f099a14d8eab50350452f58) Importer(815301076,1909f56bfc062723c751e8b465ee728b)  -> (artifact id: 'c1475642926e628f5f84293b61d284a8') in 0.008498 seconds
Number of updated asset objects reloaded before import = 0
Number of asset objects unloaded after import = 8
========================================================================
Received Import Request.
  Time since last request: 0.000014 seconds.
  path: Assets/Visual/3D Models/PolygonParticles/Prefabs/FX_BloodSplat_01.prefab
  artifactKey: Guid(4430919f14c50f84085d287cbcb2c30e) Importer(815301076,1909f56bfc062723c751e8b465ee728b)
Start importing Assets/Visual/3D Models/PolygonParticles/Prefabs/FX_BloodSplat_01.prefab using Guid(4430919f14c50f84085d287cbcb2c30e) Importer(815301076,1909f56bfc062723c751e8b465ee728b)  -> (artifact id: '759dfdfed45c51c28371736c8e4faf1c') in 0.006951 seconds
Number of updated asset objects reloaded before import = 0
Number of asset objects unloaded after import = 7
========================================================================
Received Import Request.
  Time since last request: 35.128309 seconds.
  path: Assets/Visual/3D Models/PolygonApocalypse/Prefabs/FX/Misc/FX_Sphere.fbx
  artifactKey: Guid(219de587148d8bb41a8e255859dafe53) Importer(815301076,1909f56bfc062723c751e8b465ee728b)
Start importing Assets/Visual/3D Models/PolygonApocalypse/Prefabs/FX/Misc/FX_Sphere.fbx using Guid(219de587148d8bb41a8e255859dafe53) Importer(815301076,1909f56bfc062723c751e8b465ee728b)  -> (artifact id: '21ed464c6b44ba6451698a6f1b15c555') in 0.012321 seconds
Number of updated asset objects reloaded before import = 0
Number of asset objects unloaded after import = 7
========================================================================
Received Import Request.
  Time since last request: 9.702114 seconds.
  path: Assets/Visual/3D Models/PolygonParticles/Models/FX_Sphere_03.fbx
  artifactKey: Guid(357d53aa062ebb04e8e5aaa195e1a5a4) Importer(815301076,1909f56bfc062723c751e8b465ee728b)
Start importing Assets/Visual/3D Models/PolygonParticles/Models/FX_Sphere_03.fbx using Guid(357d53aa062ebb04e8e5aaa195e1a5a4) Importer(815301076,1909f56bfc062723c751e8b465ee728b)  -> (artifact id: '967b04b9648eb2bb88651970b0277b57') in 0.012423 seconds
Number of updated asset objects reloaded before import = 0
Number of asset objects unloaded after import = 7
========================================================================
Received Import Request.
  Time since last request: 20.524108 seconds.
  path: Assets/Visual/3D Models/PolygonParticles/Models/SM_Flame_FX.fbx
  artifactKey: Guid(860f45db46c9a3e4a9bc3a4d3c5dc882) Importer(815301076,1909f56bfc062723c751e8b465ee728b)
Start importing Assets/Visual/3D Models/PolygonParticles/Models/SM_Flame_FX.fbx using Guid(860f45db46c9a3e4a9bc3a4d3c5dc882) Importer(815301076,1909f56bfc062723c751e8b465ee728b)  -> (artifact id: 'd68f5cf23003d890e0f8593ce0e1f0ba') in 0.009346 seconds
Number of updated asset objects reloaded before import = 0
Number of asset objects unloaded after import = 7
========================================================================
Received Import Request.
  Time since last request: 0.342896 seconds.
  path: Assets/Visual/3D Models/PolygonParticles/Materials/PolygonParticleFX_Cutout_Round 1.mat
  artifactKey: Guid(931f6cb81f32ff8418b581d210c8dd21) Importer(815301076,1909f56bfc062723c751e8b465ee728b)
Start importing Assets/Visual/3D Models/PolygonParticles/Materials/PolygonParticleFX_Cutout_Round 1.mat using Guid(931f6cb81f32ff8418b581d210c8dd21) Importer(815301076,1909f56bfc062723c751e8b465ee728b)  -> (artifact id: '7a06b1f4a14cc3200f528e50ba77f532') in 0.032637 seconds
Number of updated asset objects reloaded before import = 0
Number of asset objects unloaded after import = 2
========================================================================
Received Import Request.
  Time since last request: 1.140458 seconds.
  path: Assets/Visual/3D Models/PolygonParticles/Materials/PolygonParticleFX_Dust.mat
  artifactKey: Guid(cd97a4f0bfba00a46a4a29156f2a23bd) Importer(815301076,1909f56bfc062723c751e8b465ee728b)
Start importing Assets/Visual/3D Models/PolygonParticles/Materials/PolygonParticleFX_Dust.mat using Guid(cd97a4f0bfba00a46a4a29156f2a23bd) Importer(815301076,1909f56bfc062723c751e8b465ee728b)  -> (artifact id: 'c6611837b3350a5cd8aeebac51a485f2') in 0.005839 seconds
Number of updated asset objects reloaded before import = 0
Number of asset objects unloaded after import = 1
========================================================================
Received Import Request.
  Time since last request: 0.270121 seconds.
  path: Assets/Visual/3D Models/PolygonApocalypse/Prefabs/FX/Misc/Circle_Particle.mat
  artifactKey: Guid(f3053f8556ff7cf4fb59de5cf109104e) Importer(815301076,1909f56bfc062723c751e8b465ee728b)
Start importing Assets/Visual/3D Models/PolygonApocalypse/Prefabs/FX/Misc/Circle_Particle.mat using Guid(f3053f8556ff7cf4fb59de5cf109104e) Importer(815301076,1909f56bfc062723c751e8b465ee728b)  -> (artifact id: '33f5c436fcd325a8bbbd86ac7f2dca24') in 0.011725 seconds
Number of updated asset objects reloaded before import = 0
Number of asset objects unloaded after import = 2
========================================================================
Received Import Request.
  Time since last request: 1.196778 seconds.
  path: Assets/Visual/3D Models/PolygonParticles/Prefabs/FX_Gunshot_BarrelSmoke_01.prefab
  artifactKey: Guid(ba03473dcbf31a44cb8a407076228f8e) Importer(815301076,1909f56bfc062723c751e8b465ee728b)
Start importing Assets/Visual/3D Models/PolygonParticles/Prefabs/FX_Gunshot_BarrelSmoke_01.prefab using Guid(ba03473dcbf31a44cb8a407076228f8e) Importer(815301076,1909f56bfc062723c751e8b465ee728b)  -> (artifact id: '973963d1599db8f68eb3b046877db2e6') in 0.008236 seconds
Number of updated asset objects reloaded before import = 0
Number of asset objects unloaded after import = 8
========================================================================
Received Import Request.
  Time since last request: 0.001515 seconds.
  path: Assets/Visual/3D Models/PolygonParticles/Prefabs/FX_Gunshot_Heavy_Repeating_Tracers_01.prefab
  artifactKey: Guid(20f6e929a1aba9a4691c344f454ab272) Importer(815301076,1909f56bfc062723c751e8b465ee728b)
Start importing Assets/Visual/3D Models/PolygonParticles/Prefabs/FX_Gunshot_Heavy_Repeating_Tracers_01.prefab using Guid(20f6e929a1aba9a4691c344f454ab272) Importer(815301076,1909f56bfc062723c751e8b465ee728b)  -> (artifact id: '00429527809e216df6078b322ecac2b5') in 0.290527 seconds
Number of updated asset objects reloaded before import = 0
Number of asset objects unloaded after import = 28
========================================================================
Received Import Request.
  Time since last request: 0.000019 seconds.
  path: Assets/Visual/3D Models/PolygonParticles/Prefabs/FX_Healing_Cirle_02.prefab
  artifactKey: Guid(b6ac78dbb6751514392e2f44f82cc21f) Importer(815301076,1909f56bfc062723c751e8b465ee728b)
Start importing Assets/Visual/3D Models/PolygonParticles/Prefabs/FX_Healing_Cirle_02.prefab using Guid(b6ac78dbb6751514392e2f44f82cc21f) Importer(815301076,1909f56bfc062723c751e8b465ee728b)  -> (artifact id: '6b0cada485d8ffabd5a41676a3b98d0f') in 0.018895 seconds
Number of updated asset objects reloaded before import = 0
Number of asset objects unloaded after import = 27
========================================================================
Received Import Request.
  Time since last request: 0.000028 seconds.
  path: Assets/Visual/3D Models/PolygonParticles/Prefabs/FX_Heal_02.prefab
  artifactKey: Guid(da7875cab77480d49972b42ca872af40) Importer(815301076,1909f56bfc062723c751e8b465ee728b)
Start importing Assets/Visual/3D Models/PolygonParticles/Prefabs/FX_Heal_02.prefab using Guid(da7875cab77480d49972b42ca872af40) Importer(815301076,1909f56bfc062723c751e8b465ee728b)  -> (artifact id: '3169d6a77880f8ecb58b26f061239902') in 0.013050 seconds
Number of updated asset objects reloaded before import = 0
Number of asset objects unloaded after import = 21
========================================================================
Received Import Request.
  Time since last request: 0.000015 seconds.
  path: Assets/Visual/3D Models/PolygonParticles/Prefabs/FX_Gunshot_Shotgun_01.prefab
  artifactKey: Guid(0e56aef02a6fcc6408400ea7c75e13a7) Importer(815301076,1909f56bfc062723c751e8b465ee728b)
Start importing Assets/Visual/3D Models/PolygonParticles/Prefabs/FX_Gunshot_Shotgun_01.prefab using Guid(0e56aef02a6fcc6408400ea7c75e13a7) Importer(815301076,1909f56bfc062723c751e8b465ee728b)  -> (artifact id: '55066015a51d763155c894e1af93155b') in 0.010692 seconds
Number of updated asset objects reloaded before import = 0
Number of asset objects unloaded after import = 16
========================================================================
Received Import Request.
  Time since last request: 0.000017 seconds.
  path: Assets/Visual/3D Models/PolygonParticles/Prefabs/FX_Heal_01.prefab
  artifactKey: Guid(c7f93a0255162fd47bbe40874f339bf4) Importer(815301076,1909f56bfc062723c751e8b465ee728b)
Start importing Assets/Visual/3D Models/PolygonParticles/Prefabs/FX_Heal_01.prefab using Guid(c7f93a0255162fd47bbe40874f339bf4) Importer(815301076,1909f56bfc062723c751e8b465ee728b)  -> (artifact id: 'e5f676f338382a637d0c2951ad4c935a') in 0.013109 seconds
Number of updated asset objects reloaded before import = 0
Number of asset objects unloaded after import = 15
========================================================================
Received Import Request.
  Time since last request: 0.000016 seconds.
  path: Assets/Visual/3D Models/PolygonParticles/Prefabs/FX_Hexagon_02.prefab
  artifactKey: Guid(f36719335e2592340b7bbb6a8ea33882) Importer(815301076,1909f56bfc062723c751e8b465ee728b)
Start importing Assets/Visual/3D Models/PolygonParticles/Prefabs/FX_Hexagon_02.prefab using Guid(f36719335e2592340b7bbb6a8ea33882) Importer(815301076,1909f56bfc062723c751e8b465ee728b)  -> (artifact id: '31040702a008f8d24e96af652e27fd4a') in 0.008634 seconds
Number of updated asset objects reloaded before import = 0
Number of asset objects unloaded after import = 8
========================================================================
Received Import Request.
  Time since last request: 0.000018 seconds.
  path: Assets/Visual/3D Models/PolygonParticles/Prefabs/FX_Gunshot_Heavy_Repeating_Tracers_Impact_01.prefab
  artifactKey: Guid(c0507a544f1ee7e4caa7785ef90ff92a) Importer(815301076,1909f56bfc062723c751e8b465ee728b)
Start importing Assets/Visual/3D Models/PolygonParticles/Prefabs/FX_Gunshot_Heavy_Repeating_Tracers_Impact_01.prefab using Guid(c0507a544f1ee7e4caa7785ef90ff92a) Importer(815301076,1909f56bfc062723c751e8b465ee728b)  -> (artifact id: '4be32a23388b694a6f2f06d2f5926d89') in 0.026294 seconds
Number of updated asset objects reloaded before import = 0
Number of asset objects unloaded after import = 43
========================================================================
Received Import Request.
  Time since last request: 1.274029 seconds.
  path: Assets/Visual/3D Models/PolygonParticles/Prefabs/FX_Impact_Metal_01.prefab
  artifactKey: Guid(57e18706e2792ff4bb5561ed74b796e2) Importer(815301076,1909f56bfc062723c751e8b465ee728b)
Start importing Assets/Visual/3D Models/PolygonParticles/Prefabs/FX_Impact_Metal_01.prefab using Guid(57e18706e2792ff4bb5561ed74b796e2) Importer(815301076,1909f56bfc062723c751e8b465ee728b)  -> (artifact id: '001954b8703880c06db63bbe8d1d06e9') in 0.008508 seconds
Number of updated asset objects reloaded before import = 0
Number of asset objects unloaded after import = 12
========================================================================
Received Import Request.
  Time since last request: 0.000014 seconds.
  path: Assets/Visual/3D Models/PolygonParticles/Prefabs/FX_LazerBeam_01.prefab
  artifactKey: Guid(69cd5bfdab535e54f87fbb6abae1a60b) Importer(815301076,1909f56bfc062723c751e8b465ee728b)
Start importing Assets/Visual/3D Models/PolygonParticles/Prefabs/FX_LazerBeam_01.prefab using Guid(69cd5bfdab535e54f87fbb6abae1a60b) Importer(815301076,1909f56bfc062723c751e8b465ee728b)  -> (artifact id: '200304cb0f9bfea5c24b5675b5e30fce') in 0.016751 seconds
Number of updated asset objects reloaded before import = 0
Number of asset objects unloaded after import = 51
========================================================================
Received Import Request.
  Time since last request: 0.000017 seconds.
  path: Assets/Visual/3D Models/PolygonParticles/Prefabs/FX_MagicBlast_02.prefab
  artifactKey: Guid(72a652ab7835362499c9686288610212) Importer(815301076,1909f56bfc062723c751e8b465ee728b)
Start importing Assets/Visual/3D Models/PolygonParticles/Prefabs/FX_MagicBlast_02.prefab using Guid(72a652ab7835362499c9686288610212) Importer(815301076,1909f56bfc062723c751e8b465ee728b)  -> (artifact id: '9a7b6213ca8ef5375e38469abd591492') in 0.009935 seconds
Number of updated asset objects reloaded before import = 0
Number of asset objects unloaded after import = 14
========================================================================
Received Import Request.
  Time since last request: 0.000022 seconds.
  path: Assets/Visual/3D Models/PolygonParticles/Prefabs/FX_LightRayCube_01.prefab
  artifactKey: Guid(7ffd6822b816c9b428b2295eb5d7fa00) Importer(815301076,1909f56bfc062723c751e8b465ee728b)
Start importing Assets/Visual/3D Models/PolygonParticles/Prefabs/FX_LightRayCube_01.prefab using Guid(7ffd6822b816c9b428b2295eb5d7fa00) Importer(815301076,1909f56bfc062723c751e8b465ee728b)  -> (artifact id: 'e3c5634256fbb10355b81877577d83d1') in 0.008931 seconds
Number of updated asset objects reloaded before import = 0
Number of asset objects unloaded after import = 15
========================================================================
Received Import Request.
  Time since last request: 0.000018 seconds.
  path: Assets/Visual/3D Models/PolygonParticles/Prefabs/FX_Impact_Stone_01.prefab
  artifactKey: Guid(9fe1ddc0da27cb44ebeeb8c2befa68bd) Importer(815301076,1909f56bfc062723c751e8b465ee728b)
Start importing Assets/Visual/3D Models/PolygonParticles/Prefabs/FX_Impact_Stone_01.prefab using Guid(9fe1ddc0da27cb44ebeeb8c2befa68bd) Importer(815301076,1909f56bfc062723c751e8b465ee728b)  -> (artifact id: '9a5dae26c672ff5d17de62d35167f4f5') in 0.009635 seconds
Number of updated asset objects reloaded before import = 0
Number of asset objects unloaded after import = 14
========================================================================
Received Import Request.
  Time since last request: 0.000026 seconds.
  path: Assets/Visual/3D Models/PolygonParticles/Prefabs/FX_LightRayRound_01.prefab
  artifactKey: Guid(b020fb5c0d87f9a4c938bbc488714422) Importer(815301076,1909f56bfc062723c751e8b465ee728b)
Start importing Assets/Visual/3D Models/PolygonParticles/Prefabs/FX_LightRayRound_01.prefab using Guid(b020fb5c0d87f9a4c938bbc488714422) Importer(815301076,1909f56bfc062723c751e8b465ee728b)  -> (artifact id: '81ffe76734e9d72379c54c3c1a5df1e9') in 0.009511 seconds
Number of updated asset objects reloaded before import = 0
Number of asset objects unloaded after import = 15
========================================================================
Received Import Request.
  Time since last request: 0.000016 seconds.
  path: Assets/Visual/3D Models/PolygonParticles/Prefabs/FX_Leaves_Green_01.prefab
  artifactKey: Guid(2412ff0fd2861c24898a16434345f6e2) Importer(815301076,1909f56bfc062723c751e8b465ee728b)
Start importing Assets/Visual/3D Models/PolygonParticles/Prefabs/FX_Leaves_Green_01.prefab using Guid(2412ff0fd2861c24898a16434345f6e2) Importer(815301076,1909f56bfc062723c751e8b465ee728b)  -> (artifact id: '3c9fba0d5b0e3dee3fc47f6a47247d8c') in 0.010700 seconds
Number of updated asset objects reloaded before import = 0
Number of asset objects unloaded after import = 9
========================================================================
Received Import Request.
  Time since last request: 0.000015 seconds.
  path: Assets/Visual/3D Models/PolygonParticles/Prefabs/FX_Impact_Wood_01.prefab
  artifactKey: Guid(2b28f2fdc5a65964f96ea4d2b9d6ca63) Importer(815301076,1909f56bfc062723c751e8b465ee728b)
Start importing Assets/Visual/3D Models/PolygonParticles/Prefabs/FX_Impact_Wood_01.prefab using Guid(2b28f2fdc5a65964f96ea4d2b9d6ca63) Importer(815301076,1909f56bfc062723c751e8b465ee728b)  -> (artifact id: '303e6f61e028852cf765200b86d4f5aa') in 0.011558 seconds
Number of updated asset objects reloaded before import = 0
Number of asset objects unloaded after import = 15
========================================================================
Received Import Request.
  Time since last request: 4.806286 seconds.
  path: Assets/Visual/3D Models/PolygonParticles/Models/FX_Sphere_Pivot_01.fbx
  artifactKey: Guid(24f5f033eb0f6b543a548b5e7268b7a5) Importer(815301076,1909f56bfc062723c751e8b465ee728b)
Start importing Assets/Visual/3D Models/PolygonParticles/Models/FX_Sphere_Pivot_01.fbx using Guid(24f5f033eb0f6b543a548b5e7268b7a5) Importer(815301076,1909f56bfc062723c751e8b465ee728b)  -> (artifact id: '28da5de642dd0e677bbde0bc03e965f1') in 0.013858 seconds
Number of updated asset objects reloaded before import = 0
Number of asset objects unloaded after import = 7
========================================================================
Received Import Request.
  Time since last request: 1.783178 seconds.
  path: Assets/Visual/3D Models/PolygonParticles/Materials/PolygonParticleFX_Sparkle 1.mat
  artifactKey: Guid(75375bb6651b4c84995a0dbbc490cc11) Importer(815301076,1909f56bfc062723c751e8b465ee728b)
Start importing Assets/Visual/3D Models/PolygonParticles/Materials/PolygonParticleFX_Sparkle 1.mat using Guid(75375bb6651b4c84995a0dbbc490cc11) Importer(815301076,1909f56bfc062723c751e8b465ee728b)  -> (artifact id: '5da2c472e06e6bb12eacf3fce9fc6dd5') in 0.010447 seconds
Number of updated asset objects reloaded before import = 0
Number of asset objects unloaded after import = 2
========================================================================
Received Prepare
Begin MonoManager ReloadAssembly
Symbol file LoadedFromMemory is not a mono symbol file
- Loaded All Assemblies, in  0.529 seconds
Refreshing native plugins compatible for Editor in 5.19 ms, found 3 plugins.
Native extension for WindowsStandalone target not found
Native extension for Android target not found
[Package Manager] Server::EnsureServerProcessIsRunning -- launch failed, reason: Unity was launched with the -noUpm command-line argument
[Package Manager] UpmClient::Send -- Unable to send message (not connected to UPM process).
[Package Manager] Cannot connect to Unity Package Manager local server
Mono: successfully reloaded assembly
- Finished resetting the current domain, in  1.445 seconds
Domain Reload Profiling: 1970ms
	BeginReloadAssembly (175ms)
		ExecutionOrderSort (0ms)
		DisableScriptedObjects (5ms)
		BackupInstance (0ms)
		ReleaseScriptingObjects (0ms)
		CreateAndSetChildDomain (41ms)
	RebuildCommonClasses (40ms)
	RebuildNativeTypeToScriptingClass (12ms)
	initialDomainReloadingComplete (36ms)
	LoadAllAssembliesAndSetupDomain (261ms)
		LoadAssemblies (336ms)
		RebuildTransferFunctionScriptingTraits (0ms)
		AnalyzeDomain (16ms)
			TypeCache.Refresh (6ms)
				TypeCache.ScanAssembly (0ms)
			ScanForSourceGeneratedMonoScriptInfo (0ms)
			ResolveRequiredComponents (9ms)
	FinalizeReload (1446ms)
		ReleaseScriptCaches (0ms)
		RebuildScriptCaches (0ms)
		SetupLoadedEditorAssemblies (679ms)
			LogAssemblyErrors (0ms)
			InitializePlatformSupportModulesInManaged (32ms)
			SetLoadedEditorAssemblies (7ms)
			RefreshPlugins (0ms)
			BeforeProcessingInitializeOnLoad (104ms)
			ProcessInitializeOnLoadAttributes (493ms)
			ProcessInitializeOnLoadMethodAttributes (33ms)
			AfterProcessingInitializeOnLoad (10ms)
			EditorAssembliesLoaded (0ms)
		ExecutionOrderSort2 (0ms)
		AwakeInstancesAfterBackupRestoration (8ms)
Refreshing native plugins compatible for Editor in 5.82 ms, found 3 plugins.
Preloading 0 native plugins for Editor in 0.00 ms.
Unloading 3822 Unused Serialized files (Serialized files now loaded: 0)
Unloading 40 unused Assets / (1.3 MB). Loaded Objects now: 4780.
Memory consumption went from 210.9 MB to 209.6 MB.
Total: 5.094800 ms (FindLiveObjects: 0.568800 ms CreateObjectMapping: 0.199900 ms MarkObjects: 3.836300 ms  DeleteObjects: 0.488300 ms)

Prepare: number of updated asset objects reloaded= 0
AssetImportParameters requested are different than current active one (requested -> active):
  custom:container-demuxer-ogg: 62fdf1f143b41e24485cea50d1cbac27 -> 
  custom:video-codec-MediaFoundation-h265: 746d11721c4dcdbdad8f713fa42b33f4 -> 
  custom:video-decoder-ogg-theora: a1e56fd34408186e4bbccfd4996cb3dc -> 
  custom:framework-win-MediaFoundation: 216162199b28c13a410421893ffa2e32 -> 
  custom:CustomObjectIndexerAttribute: 756ad292c208cfabdd7b50bc23989ffe -> 
  custom:container-demuxer-webm: 4f35f7cbe854078d1ac9338744f61a02 -> 
  custom:container-muxer-webm: aa71ff27fc2769a1b78a27578f13a17b -> 
  custom:video-decoder-webm-vp8: 9c59270c3fd7afecdb556c50c9e8de78 -> 
  custom:SearchIndexIgnoredProperties: e643bd26f0fe6173181afceb89e7c659 -> 
  custom:AudioImporter_EditorPlatform: d09bf68614088b80899f8185d706f6e7 -> 
  custom:video-encoder-webm-vp8: eb34c28f22e8b96e1ab97ce403110664 -> 
  custom:audio-decoder-ogg-vorbis: bf7c407c2cedff20999df2af8eb42d56 -> 
  custom:audio-encoder-webm-vorbis: bf7c407c2cedff20999df2af8eb42d56 -> 
========================================================================
Received Prepare
Begin MonoManager ReloadAssembly
Symbol file LoadedFromMemory is not a mono symbol file
- Loaded All Assemblies, in  0.541 seconds
Refreshing native plugins compatible for Editor in 4.68 ms, found 3 plugins.
Native extension for WindowsStandalone target not found
Native extension for Android target not found
[Package Manager] Server::EnsureServerProcessIsRunning -- launch failed, reason: Unity was launched with the -noUpm command-line argument
[Package Manager] UpmClient::Send -- Unable to send message (not connected to UPM process).
[Package Manager] Cannot connect to Unity Package Manager local server
Mono: successfully reloaded assembly
- Finished resetting the current domain, in  1.328 seconds
Domain Reload Profiling: 1864ms
	BeginReloadAssembly (181ms)
		ExecutionOrderSort (0ms)
		DisableScriptedObjects (7ms)
		BackupInstance (0ms)
		ReleaseScriptingObjects (0ms)
		CreateAndSetChildDomain (41ms)
	RebuildCommonClasses (51ms)
	RebuildNativeTypeToScriptingClass (13ms)
	initialDomainReloadingComplete (34ms)
	LoadAllAssembliesAndSetupDomain (257ms)
		LoadAssemblies (339ms)
		RebuildTransferFunctionScriptingTraits (0ms)
		AnalyzeDomain (15ms)
			TypeCache.Refresh (6ms)
				TypeCache.ScanAssembly (0ms)
			ScanForSourceGeneratedMonoScriptInfo (0ms)
			ResolveRequiredComponents (7ms)
	FinalizeReload (1329ms)
		ReleaseScriptCaches (0ms)
		RebuildScriptCaches (0ms)
		SetupLoadedEditorAssemblies (676ms)
			LogAssemblyErrors (0ms)
			InitializePlatformSupportModulesInManaged (38ms)
			SetLoadedEditorAssemblies (5ms)
			RefreshPlugins (0ms)
			BeforeProcessingInitializeOnLoad (100ms)
			ProcessInitializeOnLoadAttributes (486ms)
			ProcessInitializeOnLoadMethodAttributes (33ms)
			AfterProcessingInitializeOnLoad (13ms)
			EditorAssembliesLoaded (0ms)
		ExecutionOrderSort2 (0ms)
		AwakeInstancesAfterBackupRestoration (8ms)
Refreshing native plugins compatible for Editor in 5.97 ms, found 3 plugins.
Preloading 0 native plugins for Editor in 0.00 ms.
Unloading 3822 Unused Serialized files (Serialized files now loaded: 0)
Unloading 38 unused Assets / (1.3 MB). Loaded Objects now: 4795.
Memory consumption went from 212.9 MB to 211.5 MB.
Total: 4.720600 ms (FindLiveObjects: 0.512700 ms CreateObjectMapping: 0.153000 ms MarkObjects: 3.692100 ms  DeleteObjects: 0.361700 ms)

Prepare: number of updated asset objects reloaded= 0
AssetImportParameters requested are different than current active one (requested -> active):
  custom:container-demuxer-ogg: 62fdf1f143b41e24485cea50d1cbac27 -> 
  custom:video-codec-MediaFoundation-h265: 746d11721c4dcdbdad8f713fa42b33f4 -> 
  custom:video-decoder-ogg-theora: a1e56fd34408186e4bbccfd4996cb3dc -> 
  custom:framework-win-MediaFoundation: 216162199b28c13a410421893ffa2e32 -> 
  custom:CustomObjectIndexerAttribute: 756ad292c208cfabdd7b50bc23989ffe -> 
  custom:container-demuxer-webm: 4f35f7cbe854078d1ac9338744f61a02 -> 
  custom:container-muxer-webm: aa71ff27fc2769a1b78a27578f13a17b -> 
  custom:video-decoder-webm-vp8: 9c59270c3fd7afecdb556c50c9e8de78 -> 
  custom:SearchIndexIgnoredProperties: e643bd26f0fe6173181afceb89e7c659 -> 
  custom:AudioImporter_EditorPlatform: d09bf68614088b80899f8185d706f6e7 -> 
  custom:video-encoder-webm-vp8: eb34c28f22e8b96e1ab97ce403110664 -> 
  custom:audio-decoder-ogg-vorbis: bf7c407c2cedff20999df2af8eb42d56 -> 
  custom:audio-encoder-webm-vorbis: bf7c407c2cedff20999df2af8eb42d56 -> 
========================================================================
Received Prepare
Begin MonoManager ReloadAssembly
Symbol file LoadedFromMemory is not a mono symbol file
- Loaded All Assemblies, in  0.514 seconds
Refreshing native plugins compatible for Editor in 7.08 ms, found 3 plugins.
Native extension for WindowsStandalone target not found
Native extension for Android target not found
[Package Manager] Server::EnsureServerProcessIsRunning -- launch failed, reason: Unity was launched with the -noUpm command-line argument
[Package Manager] UpmClient::Send -- Unable to send message (not connected to UPM process).
[Package Manager] Cannot connect to Unity Package Manager local server
Mono: successfully reloaded assembly
- Finished resetting the current domain, in  1.299 seconds
Domain Reload Profiling: 1810ms
	BeginReloadAssembly (175ms)
		ExecutionOrderSort (0ms)
		DisableScriptedObjects (7ms)
		BackupInstance (0ms)
		ReleaseScriptingObjects (0ms)
		CreateAndSetChildDomain (38ms)
	RebuildCommonClasses (38ms)
	RebuildNativeTypeToScriptingClass (15ms)
	initialDomainReloadingComplete (35ms)
	LoadAllAssembliesAndSetupDomain (247ms)
		LoadAssemblies (322ms)
		RebuildTransferFunctionScriptingTraits (0ms)
		AnalyzeDomain (16ms)
			TypeCache.Refresh (6ms)
				TypeCache.ScanAssembly (0ms)
			ScanForSourceGeneratedMonoScriptInfo (0ms)
			ResolveRequiredComponents (8ms)
	FinalizeReload (1300ms)
		ReleaseScriptCaches (0ms)
		RebuildScriptCaches (0ms)
		SetupLoadedEditorAssemblies (676ms)
			LogAssemblyErrors (0ms)
			InitializePlatformSupportModulesInManaged (35ms)
			SetLoadedEditorAssemblies (7ms)
			RefreshPlugins (0ms)
			BeforeProcessingInitializeOnLoad (103ms)
			ProcessInitializeOnLoadAttributes (490ms)
			ProcessInitializeOnLoadMethodAttributes (31ms)
			AfterProcessingInitializeOnLoad (11ms)
			EditorAssembliesLoaded (0ms)
		ExecutionOrderSort2 (0ms)
		AwakeInstancesAfterBackupRestoration (8ms)
Refreshing native plugins compatible for Editor in 5.24 ms, found 3 plugins.
Preloading 0 native plugins for Editor in 0.00 ms.
Unloading 3822 Unused Serialized files (Serialized files now loaded: 0)
Unloading 38 unused Assets / (1.3 MB). Loaded Objects now: 4810.
Memory consumption went from 214.8 MB to 213.5 MB.
Total: 4.738900 ms (FindLiveObjects: 0.392200 ms CreateObjectMapping: 0.132600 ms MarkObjects: 3.681200 ms  DeleteObjects: 0.531700 ms)

Prepare: number of updated asset objects reloaded= 0
AssetImportParameters requested are different than current active one (requested -> active):
  custom:container-demuxer-ogg: 62fdf1f143b41e24485cea50d1cbac27 -> 
  custom:video-codec-MediaFoundation-h265: 746d11721c4dcdbdad8f713fa42b33f4 -> 
  custom:video-decoder-ogg-theora: a1e56fd34408186e4bbccfd4996cb3dc -> 
  custom:framework-win-MediaFoundation: 216162199b28c13a410421893ffa2e32 -> 
  custom:CustomObjectIndexerAttribute: 756ad292c208cfabdd7b50bc23989ffe -> 
  custom:container-demuxer-webm: 4f35f7cbe854078d1ac9338744f61a02 -> 
  custom:container-muxer-webm: aa71ff27fc2769a1b78a27578f13a17b -> 
  custom:video-decoder-webm-vp8: 9c59270c3fd7afecdb556c50c9e8de78 -> 
  custom:SearchIndexIgnoredProperties: e643bd26f0fe6173181afceb89e7c659 -> 
  custom:AudioImporter_EditorPlatform: d09bf68614088b80899f8185d706f6e7 -> 
  custom:video-encoder-webm-vp8: eb34c28f22e8b96e1ab97ce403110664 -> 
  custom:audio-decoder-ogg-vorbis: bf7c407c2cedff20999df2af8eb42d56 -> 
  custom:audio-encoder-webm-vorbis: bf7c407c2cedff20999df2af8eb42d56 -> 
========================================================================
Received Prepare
Begin MonoManager ReloadAssembly
Symbol file LoadedFromMemory is not a mono symbol file
- Loaded All Assemblies, in  0.520 seconds
Refreshing native plugins compatible for Editor in 5.02 ms, found 3 plugins.
Native extension for WindowsStandalone target not found
Native extension for Android target not found
[Package Manager] Server::EnsureServerProcessIsRunning -- launch failed, reason: Unity was launched with the -noUpm command-line argument
[Package Manager] UpmClient::Send -- Unable to send message (not connected to UPM process).
[Package Manager] Cannot connect to Unity Package Manager local server
Mono: successfully reloaded assembly
- Finished resetting the current domain, in  1.360 seconds
Domain Reload Profiling: 1876ms
	BeginReloadAssembly (173ms)
		ExecutionOrderSort (0ms)
		DisableScriptedObjects (7ms)
		BackupInstance (0ms)
		ReleaseScriptingObjects (0ms)
		CreateAndSetChildDomain (36ms)
	RebuildCommonClasses (35ms)
	RebuildNativeTypeToScriptingClass (12ms)
	initialDomainReloadingComplete (35ms)
	LoadAllAssembliesAndSetupDomain (261ms)
		LoadAssemblies (336ms)
		RebuildTransferFunctionScriptingTraits (0ms)
		AnalyzeDomain (16ms)
			TypeCache.Refresh (6ms)
				TypeCache.ScanAssembly (0ms)
			ScanForSourceGeneratedMonoScriptInfo (0ms)
			ResolveRequiredComponents (8ms)
	FinalizeReload (1361ms)
		ReleaseScriptCaches (0ms)
		RebuildScriptCaches (0ms)
		SetupLoadedEditorAssemblies (703ms)
			LogAssemblyErrors (0ms)
			InitializePlatformSupportModulesInManaged (36ms)
			SetLoadedEditorAssemblies (6ms)
			RefreshPlugins (0ms)
			BeforeProcessingInitializeOnLoad (99ms)
			ProcessInitializeOnLoadAttributes (517ms)
			ProcessInitializeOnLoadMethodAttributes (34ms)
			AfterProcessingInitializeOnLoad (12ms)
			EditorAssembliesLoaded (0ms)
		ExecutionOrderSort2 (0ms)
		AwakeInstancesAfterBackupRestoration (8ms)
Refreshing native plugins compatible for Editor in 6.08 ms, found 3 plugins.
Preloading 0 native plugins for Editor in 0.00 ms.
Unloading 3822 Unused Serialized files (Serialized files now loaded: 0)
Unloading 38 unused Assets / (1.3 MB). Loaded Objects now: 4825.
Memory consumption went from 216.7 MB to 215.4 MB.
Total: 6.320100 ms (FindLiveObjects: 0.952400 ms CreateObjectMapping: 0.320500 ms MarkObjects: 4.493500 ms  DeleteObjects: 0.552300 ms)

Prepare: number of updated asset objects reloaded= 0
AssetImportParameters requested are different than current active one (requested -> active):
  custom:container-demuxer-ogg: 62fdf1f143b41e24485cea50d1cbac27 -> 
  custom:video-codec-MediaFoundation-h265: 746d11721c4dcdbdad8f713fa42b33f4 -> 
  custom:video-decoder-ogg-theora: a1e56fd34408186e4bbccfd4996cb3dc -> 
  custom:framework-win-MediaFoundation: 216162199b28c13a410421893ffa2e32 -> 
  custom:CustomObjectIndexerAttribute: 756ad292c208cfabdd7b50bc23989ffe -> 
  custom:container-demuxer-webm: 4f35f7cbe854078d1ac9338744f61a02 -> 
  custom:container-muxer-webm: aa71ff27fc2769a1b78a27578f13a17b -> 
  custom:video-decoder-webm-vp8: 9c59270c3fd7afecdb556c50c9e8de78 -> 
  custom:SearchIndexIgnoredProperties: e643bd26f0fe6173181afceb89e7c659 -> 
  custom:AudioImporter_EditorPlatform: d09bf68614088b80899f8185d706f6e7 -> 
  custom:video-encoder-webm-vp8: eb34c28f22e8b96e1ab97ce403110664 -> 
  custom:audio-decoder-ogg-vorbis: bf7c407c2cedff20999df2af8eb42d56 -> 
  custom:audio-encoder-webm-vorbis: bf7c407c2cedff20999df2af8eb42d56 -> 
========================================================================
Received Prepare
Begin MonoManager ReloadAssembly
Symbol file LoadedFromMemory is not a mono symbol file
- Loaded All Assemblies, in  0.519 seconds
Refreshing native plugins compatible for Editor in 4.79 ms, found 3 plugins.
Native extension for WindowsStandalone target not found
Native extension for Android target not found
[Package Manager] Server::EnsureServerProcessIsRunning -- launch failed, reason: Unity was launched with the -noUpm command-line argument
[Package Manager] UpmClient::Send -- Unable to send message (not connected to UPM process).
[Package Manager] Cannot connect to Unity Package Manager local server
Mono: successfully reloaded assembly
- Finished resetting the current domain, in  1.355 seconds
Domain Reload Profiling: 1870ms
	BeginReloadAssembly (171ms)
		ExecutionOrderSort (0ms)
		DisableScriptedObjects (6ms)
		BackupInstance (0ms)
		ReleaseScriptingObjects (0ms)
		CreateAndSetChildDomain (37ms)
	RebuildCommonClasses (44ms)
	RebuildNativeTypeToScriptingClass (11ms)
	initialDomainReloadingComplete (36ms)
	LoadAllAssembliesAndSetupDomain (253ms)
		LoadAssemblies (327ms)
		RebuildTransferFunctionScriptingTraits (0ms)
		AnalyzeDomain (15ms)
			TypeCache.Refresh (7ms)
				TypeCache.ScanAssembly (0ms)
			ScanForSourceGeneratedMonoScriptInfo (0ms)
			ResolveRequiredComponents (7ms)
	FinalizeReload (1356ms)
		ReleaseScriptCaches (0ms)
		RebuildScriptCaches (0ms)
		SetupLoadedEditorAssemblies (721ms)
			LogAssemblyErrors (0ms)
			InitializePlatformSupportModulesInManaged (39ms)
			SetLoadedEditorAssemblies (6ms)
			RefreshPlugins (0ms)
			BeforeProcessingInitializeOnLoad (103ms)
			ProcessInitializeOnLoadAttributes (526ms)
			ProcessInitializeOnLoadMethodAttributes (36ms)
			AfterProcessingInitializeOnLoad (11ms)
			EditorAssembliesLoaded (0ms)
		ExecutionOrderSort2 (0ms)
		AwakeInstancesAfterBackupRestoration (8ms)
Refreshing native plugins compatible for Editor in 5.89 ms, found 3 plugins.
Preloading 0 native plugins for Editor in 0.00 ms.
Unloading 3822 Unused Serialized files (Serialized files now loaded: 0)
Unloading 38 unused Assets / (1.3 MB). Loaded Objects now: 4840.
Memory consumption went from 218.6 MB to 217.3 MB.
Total: 4.995300 ms (FindLiveObjects: 0.413400 ms CreateObjectMapping: 0.196300 ms MarkObjects: 3.966200 ms  DeleteObjects: 0.418100 ms)

Prepare: number of updated asset objects reloaded= 0
AssetImportParameters requested are different than current active one (requested -> active):
  custom:container-demuxer-ogg: 62fdf1f143b41e24485cea50d1cbac27 -> 
  custom:video-codec-MediaFoundation-h265: 746d11721c4dcdbdad8f713fa42b33f4 -> 
  custom:video-decoder-ogg-theora: a1e56fd34408186e4bbccfd4996cb3dc -> 
  custom:framework-win-MediaFoundation: 216162199b28c13a410421893ffa2e32 -> 
  custom:CustomObjectIndexerAttribute: 756ad292c208cfabdd7b50bc23989ffe -> 
  custom:container-demuxer-webm: 4f35f7cbe854078d1ac9338744f61a02 -> 
  custom:container-muxer-webm: aa71ff27fc2769a1b78a27578f13a17b -> 
  custom:video-decoder-webm-vp8: 9c59270c3fd7afecdb556c50c9e8de78 -> 
  custom:SearchIndexIgnoredProperties: e643bd26f0fe6173181afceb89e7c659 -> 
  custom:AudioImporter_EditorPlatform: d09bf68614088b80899f8185d706f6e7 -> 
  custom:video-encoder-webm-vp8: eb34c28f22e8b96e1ab97ce403110664 -> 
  custom:audio-decoder-ogg-vorbis: bf7c407c2cedff20999df2af8eb42d56 -> 
  custom:audio-encoder-webm-vorbis: bf7c407c2cedff20999df2af8eb42d56 -> 
========================================================================
Received Prepare
Begin MonoManager ReloadAssembly
Symbol file LoadedFromMemory is not a mono symbol file
- Loaded All Assemblies, in  0.528 seconds
Refreshing native plugins compatible for Editor in 4.96 ms, found 3 plugins.
Native extension for WindowsStandalone target not found
Native extension for Android target not found
[Package Manager] Server::EnsureServerProcessIsRunning -- launch failed, reason: Unity was launched with the -noUpm command-line argument
[Package Manager] UpmClient::Send -- Unable to send message (not connected to UPM process).
[Package Manager] Cannot connect to Unity Package Manager local server
Mono: successfully reloaded assembly
- Finished resetting the current domain, in  1.365 seconds
Domain Reload Profiling: 1890ms
	BeginReloadAssembly (180ms)
		ExecutionOrderSort (0ms)
		DisableScriptedObjects (5ms)
		BackupInstance (0ms)
		ReleaseScriptingObjects (0ms)
		CreateAndSetChildDomain (46ms)
	RebuildCommonClasses (41ms)
	RebuildNativeTypeToScriptingClass (11ms)
	initialDomainReloadingComplete (40ms)
	LoadAllAssembliesAndSetupDomain (252ms)
		LoadAssemblies (328ms)
		RebuildTransferFunctionScriptingTraits (0ms)
		AnalyzeDomain (15ms)
			TypeCache.Refresh (5ms)
				TypeCache.ScanAssembly (0ms)
			ScanForSourceGeneratedMonoScriptInfo (0ms)
			ResolveRequiredComponents (8ms)
	FinalizeReload (1366ms)
		ReleaseScriptCaches (0ms)
		RebuildScriptCaches (0ms)
		SetupLoadedEditorAssemblies (709ms)
			LogAssemblyErrors (0ms)
			InitializePlatformSupportModulesInManaged (37ms)
			SetLoadedEditorAssemblies (6ms)
			RefreshPlugins (0ms)
			BeforeProcessingInitializeOnLoad (102ms)
			ProcessInitializeOnLoadAttributes (519ms)
			ProcessInitializeOnLoadMethodAttributes (33ms)
			AfterProcessingInitializeOnLoad (11ms)
			EditorAssembliesLoaded (0ms)
		ExecutionOrderSort2 (0ms)
		AwakeInstancesAfterBackupRestoration (9ms)
Refreshing native plugins compatible for Editor in 7.64 ms, found 3 plugins.
Preloading 0 native plugins for Editor in 0.00 ms.
Unloading 3822 Unused Serialized files (Serialized files now loaded: 0)
Unloading 38 unused Assets / (1.3 MB). Loaded Objects now: 4855.
Memory consumption went from 220.6 MB to 219.2 MB.
Total: 5.202100 ms (FindLiveObjects: 0.342000 ms CreateObjectMapping: 0.145400 ms MarkObjects: 4.224800 ms  DeleteObjects: 0.488300 ms)

Prepare: number of updated asset objects reloaded= 0
AssetImportParameters requested are different than current active one (requested -> active):
  custom:container-demuxer-ogg: 62fdf1f143b41e24485cea50d1cbac27 -> 
  custom:video-codec-MediaFoundation-h265: 746d11721c4dcdbdad8f713fa42b33f4 -> 
  custom:video-decoder-ogg-theora: a1e56fd34408186e4bbccfd4996cb3dc -> 
  custom:framework-win-MediaFoundation: 216162199b28c13a410421893ffa2e32 -> 
  custom:CustomObjectIndexerAttribute: 756ad292c208cfabdd7b50bc23989ffe -> 
  custom:container-demuxer-webm: 4f35f7cbe854078d1ac9338744f61a02 -> 
  custom:container-muxer-webm: aa71ff27fc2769a1b78a27578f13a17b -> 
  custom:video-decoder-webm-vp8: 9c59270c3fd7afecdb556c50c9e8de78 -> 
  custom:SearchIndexIgnoredProperties: e643bd26f0fe6173181afceb89e7c659 -> 
  custom:AudioImporter_EditorPlatform: d09bf68614088b80899f8185d706f6e7 -> 
  custom:video-encoder-webm-vp8: eb34c28f22e8b96e1ab97ce403110664 -> 
  custom:audio-decoder-ogg-vorbis: bf7c407c2cedff20999df2af8eb42d56 -> 
  custom:audio-encoder-webm-vorbis: bf7c407c2cedff20999df2af8eb42d56 -> 
========================================================================
Received Prepare
Begin MonoManager ReloadAssembly
Symbol file LoadedFromMemory is not a mono symbol file
- Loaded All Assemblies, in  0.516 seconds
Refreshing native plugins compatible for Editor in 4.37 ms, found 3 plugins.
Native extension for WindowsStandalone target not found
Native extension for Android target not found
[Package Manager] Server::EnsureServerProcessIsRunning -- launch failed, reason: Unity was launched with the -noUpm command-line argument
[Package Manager] UpmClient::Send -- Unable to send message (not connected to UPM process).
[Package Manager] Cannot connect to Unity Package Manager local server
Mono: successfully reloaded assembly
- Finished resetting the current domain, in  1.307 seconds
Domain Reload Profiling: 1819ms
	BeginReloadAssembly (180ms)
		ExecutionOrderSort (0ms)
		DisableScriptedObjects (5ms)
		BackupInstance (0ms)
		ReleaseScriptingObjects (0ms)
		CreateAndSetChildDomain (42ms)
	RebuildCommonClasses (38ms)
	RebuildNativeTypeToScriptingClass (11ms)
	initialDomainReloadingComplete (33ms)
	LoadAllAssembliesAndSetupDomain (250ms)
		LoadAssemblies (329ms)
		RebuildTransferFunctionScriptingTraits (0ms)
		AnalyzeDomain (14ms)
			TypeCache.Refresh (6ms)
				TypeCache.ScanAssembly (0ms)
			ScanForSourceGeneratedMonoScriptInfo (0ms)
			ResolveRequiredComponents (7ms)
	FinalizeReload (1308ms)
		ReleaseScriptCaches (0ms)
		RebuildScriptCaches (0ms)
		SetupLoadedEditorAssemblies (655ms)
			LogAssemblyErrors (0ms)
			InitializePlatformSupportModulesInManaged (30ms)
			SetLoadedEditorAssemblies (5ms)
			RefreshPlugins (0ms)
			BeforeProcessingInitializeOnLoad (99ms)
			ProcessInitializeOnLoadAttributes (478ms)
			ProcessInitializeOnLoadMethodAttributes (29ms)
			AfterProcessingInitializeOnLoad (13ms)
			EditorAssembliesLoaded (0ms)
		ExecutionOrderSort2 (0ms)
		AwakeInstancesAfterBackupRestoration (8ms)
Refreshing native plugins compatible for Editor in 5.95 ms, found 3 plugins.
Preloading 0 native plugins for Editor in 0.00 ms.
Unloading 3822 Unused Serialized files (Serialized files now loaded: 0)
Unloading 38 unused Assets / (1.3 MB). Loaded Objects now: 4870.
Memory consumption went from 222.5 MB to 221.2 MB.
Total: 5.347600 ms (FindLiveObjects: 0.417300 ms CreateObjectMapping: 0.203900 ms MarkObjects: 4.297300 ms  DeleteObjects: 0.427900 ms)

Prepare: number of updated asset objects reloaded= 0
AssetImportParameters requested are different than current active one (requested -> active):
  custom:container-demuxer-ogg: 62fdf1f143b41e24485cea50d1cbac27 -> 
  custom:video-codec-MediaFoundation-h265: 746d11721c4dcdbdad8f713fa42b33f4 -> 
  custom:video-decoder-ogg-theora: a1e56fd34408186e4bbccfd4996cb3dc -> 
  custom:framework-win-MediaFoundation: 216162199b28c13a410421893ffa2e32 -> 
  custom:CustomObjectIndexerAttribute: 756ad292c208cfabdd7b50bc23989ffe -> 
  custom:container-demuxer-webm: 4f35f7cbe854078d1ac9338744f61a02 -> 
  custom:container-muxer-webm: aa71ff27fc2769a1b78a27578f13a17b -> 
  custom:video-decoder-webm-vp8: 9c59270c3fd7afecdb556c50c9e8de78 -> 
  custom:SearchIndexIgnoredProperties: e643bd26f0fe6173181afceb89e7c659 -> 
  custom:AudioImporter_EditorPlatform: d09bf68614088b80899f8185d706f6e7 -> 
  custom:video-encoder-webm-vp8: eb34c28f22e8b96e1ab97ce403110664 -> 
  custom:audio-decoder-ogg-vorbis: bf7c407c2cedff20999df2af8eb42d56 -> 
  custom:audio-encoder-webm-vorbis: bf7c407c2cedff20999df2af8eb42d56 -> 
========================================================================
Received Import Request.
  Time since last request: 619.049607 seconds.
  path: Assets
  artifactKey: Guid(00000000000000001000000000000000) Importer(815301076,1909f56bfc062723c751e8b465ee728b)
Start importing Assets using Guid(00000000000000001000000000000000) Importer(815301076,1909f56bfc062723c751e8b465ee728b)  -> (artifact id: '8a4fe85251aa2e89732c359432baa2c3') in 0.002566 seconds
Number of updated asset objects reloaded before import = 0
Number of asset objects unloaded after import = 0
========================================================================
Received Prepare
Begin MonoManager ReloadAssembly
Symbol file LoadedFromMemory is not a mono symbol file
- Loaded All Assemblies, in  0.654 seconds
Refreshing native plugins compatible for Editor in 6.96 ms, found 3 plugins.
Native extension for WindowsStandalone target not found
Native extension for Android target not found
[Package Manager] Server::EnsureServerProcessIsRunning -- launch failed, reason: Unity was launched with the -noUpm command-line argument
[Package Manager] UpmClient::Send -- Unable to send message (not connected to UPM process).
[Package Manager] Cannot connect to Unity Package Manager local server
Mono: successfully reloaded assembly
- Finished resetting the current domain, in  1.497 seconds
Domain Reload Profiling: 2147ms
	BeginReloadAssembly (229ms)
		ExecutionOrderSort (0ms)
		DisableScriptedObjects (8ms)
		BackupInstance (0ms)
		ReleaseScriptingObjects (0ms)
		CreateAndSetChildDomain (49ms)
	RebuildCommonClasses (46ms)
	RebuildNativeTypeToScriptingClass (21ms)
	initialDomainReloadingComplete (47ms)
	LoadAllAssembliesAndSetupDomain (307ms)
		LoadAssemblies (410ms)
		RebuildTransferFunctionScriptingTraits (0ms)
		AnalyzeDomain (18ms)
			TypeCache.Refresh (8ms)
				TypeCache.ScanAssembly (0ms)
			ScanForSourceGeneratedMonoScriptInfo (0ms)
			ResolveRequiredComponents (9ms)
	FinalizeReload (1497ms)
		ReleaseScriptCaches (0ms)
		RebuildScriptCaches (0ms)
		SetupLoadedEditorAssemblies (723ms)
			LogAssemblyErrors (0ms)
			InitializePlatformSupportModulesInManaged (39ms)
			SetLoadedEditorAssemblies (6ms)
			RefreshPlugins (0ms)
			BeforeProcessingInitializeOnLoad (105ms)
			ProcessInitializeOnLoadAttributes (524ms)
			ProcessInitializeOnLoadMethodAttributes (35ms)
			AfterProcessingInitializeOnLoad (14ms)
			EditorAssembliesLoaded (0ms)
		ExecutionOrderSort2 (0ms)
		AwakeInstancesAfterBackupRestoration (10ms)
Refreshing native plugins compatible for Editor in 6.18 ms, found 3 plugins.
Preloading 0 native plugins for Editor in 0.00 ms.
Unloading 3822 Unused Serialized files (Serialized files now loaded: 0)
Unloading 38 unused Assets / (1.3 MB). Loaded Objects now: 4885.
Memory consumption went from 224.4 MB to 223.1 MB.
Total: 5.520900 ms (FindLiveObjects: 0.691200 ms CreateObjectMapping: 0.213500 ms MarkObjects: 4.118800 ms  DeleteObjects: 0.495800 ms)

Prepare: number of updated asset objects reloaded= 0
AssetImportParameters requested are different than current active one (requested -> active):
  custom:container-demuxer-ogg: 62fdf1f143b41e24485cea50d1cbac27 -> 
  custom:video-codec-MediaFoundation-h265: 746d11721c4dcdbdad8f713fa42b33f4 -> 
  custom:video-decoder-ogg-theora: a1e56fd34408186e4bbccfd4996cb3dc -> 
  custom:framework-win-MediaFoundation: 216162199b28c13a410421893ffa2e32 -> 
  custom:CustomObjectIndexerAttribute: 756ad292c208cfabdd7b50bc23989ffe -> 
  custom:container-demuxer-webm: 4f35f7cbe854078d1ac9338744f61a02 -> 
  custom:container-muxer-webm: aa71ff27fc2769a1b78a27578f13a17b -> 
  custom:video-decoder-webm-vp8: 9c59270c3fd7afecdb556c50c9e8de78 -> 
  custom:SearchIndexIgnoredProperties: e643bd26f0fe6173181afceb89e7c659 -> 
  custom:AudioImporter_EditorPlatform: d09bf68614088b80899f8185d706f6e7 -> 
  custom:video-encoder-webm-vp8: eb34c28f22e8b96e1ab97ce403110664 -> 
  custom:audio-decoder-ogg-vorbis: bf7c407c2cedff20999df2af8eb42d56 -> 
  custom:audio-encoder-webm-vorbis: bf7c407c2cedff20999df2af8eb42d56 -> 
