Using pre-set license
Built from '2022.3/staging' branch; Version is '2022.3.11f1 (d00248457e15) revision 13632072'; Using compiler version '192829333'; Build Type 'Release'
OS: 'Windows 11  (10.0.22000) 64bit CoreSingleLanguage' Language: 'ru' Physical Memory: 15715 MB
BatchMode: 1, IsHumanControllingUs: 0, StartBugReporterOnCrash: 0, Is64bit: 1, IsPro: 1

COMMAND LINE ARGUMENTS:
C:\Program Files\Unity\Hub\Editor\2022.3.11f1\Editor\Unity.exe
-adb2
-batchMode
-noUpm
-name
AssetImportWorker9
-projectPath
C:/Users/dimpr/Documents/GitHub/Emit-the-Cycle-Story
-logFile
Logs/AssetImportWorker9.log
-srvPort
49993
Successfully changed project path to: C:/Users/dimpr/Documents/GitHub/Emit-the-Cycle-Story
C:/Users/dimpr/Documents/GitHub/Emit-the-Cycle-Story
[UnityMemory] Configuration Parameters - Can be set up in boot.config
    "memorysetup-bucket-allocator-granularity=16"
    "memorysetup-bucket-allocator-bucket-count=8"
    "memorysetup-bucket-allocator-block-size=33554432"
    "memorysetup-bucket-allocator-block-count=8"
    "memorysetup-main-allocator-block-size=16777216"
    "memorysetup-thread-allocator-block-size=16777216"
    "memorysetup-gfx-main-allocator-block-size=16777216"
    "memorysetup-gfx-thread-allocator-block-size=16777216"
    "memorysetup-cache-allocator-block-size=4194304"
    "memorysetup-typetree-allocator-block-size=2097152"
    "memorysetup-profiler-bucket-allocator-granularity=16"
    "memorysetup-profiler-bucket-allocator-bucket-count=8"
    "memorysetup-profiler-bucket-allocator-block-size=33554432"
    "memorysetup-profiler-bucket-allocator-block-count=8"
    "memorysetup-profiler-allocator-block-size=16777216"
    "memorysetup-profiler-editor-allocator-block-size=1048576"
    "memorysetup-temp-allocator-size-main=16777216"
    "memorysetup-job-temp-allocator-block-size=2097152"
    "memorysetup-job-temp-allocator-block-size-background=1048576"
    "memorysetup-job-temp-allocator-reduction-small-platforms=262144"
    "memorysetup-allocator-temp-initial-block-size-main=262144"
    "memorysetup-allocator-temp-initial-block-size-worker=262144"
    "memorysetup-temp-allocator-size-background-worker=32768"
    "memorysetup-temp-allocator-size-job-worker=262144"
    "memorysetup-temp-allocator-size-preload-manager=33554432"
    "memorysetup-temp-allocator-size-nav-mesh-worker=65536"
    "memorysetup-temp-allocator-size-audio-worker=65536"
    "memorysetup-temp-allocator-size-cloud-worker=32768"
    "memorysetup-temp-allocator-size-gi-baking-worker=262144"
    "memorysetup-temp-allocator-size-gfx=262144"
Player connection [16044] Host "[IP] 192.168.0.107 [Port] 0 [Flags] 2 [Guid] 3599121385 [EditorId] 3599121385 [Version] 1048832 [Id] WindowsEditor(7,LAPTOP-5U3T1134) [Debug] 1 [PackageName] WindowsEditor [ProjectName] Editor" joined multi-casting on [225.0.0.222:54997]...

Player connection [16044] Host "[IP] 192.168.0.107 [Port] 0 [Flags] 2 [Guid] 3599121385 [EditorId] 3599121385 [Version] 1048832 [Id] WindowsEditor(7,LAPTOP-5U3T1134) [Debug] 1 [PackageName] WindowsEditor [ProjectName] Editor" joined alternative multi-casting on [225.0.0.222:34997]...

[Physics::Module] Initialized MultithreadedJobDispatcher with 11 workers.
Refreshing native plugins compatible for Editor in 16.16 ms, found 3 plugins.
Preloading 0 native plugins for Editor in 0.00 ms.
Initialize engine version: 2022.3.11f1 (d00248457e15)
[Subsystems] Discovering subsystems at path C:/Program Files/Unity/Hub/Editor/2022.3.11f1/Editor/Data/Resources/UnitySubsystems
[Subsystems] Discovering subsystems at path C:/Users/dimpr/Documents/GitHub/Emit-the-Cycle-Story/Assets
GfxDevice: creating device client; threaded=0; jobified=0
Direct3D:
    Version:  Direct3D 11.0 [level 11.1]
    Renderer: NVIDIA GeForce RTX 3060 Laptop GPU (ID=0x2520)
    Vendor:   NVIDIA
    VRAM:     6010 MB
    Driver:   31.0.15.4584
Initialize mono
Mono path[0] = 'C:/Program Files/Unity/Hub/Editor/2022.3.11f1/Editor/Data/Managed'
Mono path[1] = 'C:/Program Files/Unity/Hub/Editor/2022.3.11f1/Editor/Data/MonoBleedingEdge/lib/mono/unityjit-win32'
Mono config path = 'C:/Program Files/Unity/Hub/Editor/2022.3.11f1/Editor/Data/MonoBleedingEdge/etc'
Using monoOptions --debugger-agent=transport=dt_socket,embedding=1,server=y,suspend=n,address=127.0.0.1:56308
Begin MonoManager ReloadAssembly
Registering precompiled unity dll's ...
Register platform support module: C:/Program Files/Unity/Hub/Editor/2022.3.11f1/Editor/Data/PlaybackEngines/AndroidPlayer/UnityEditor.Android.Extensions.dll
Register platform support module: C:/Program Files/Unity/Hub/Editor/2022.3.11f1/Editor/Data/PlaybackEngines/WindowsStandaloneSupport/UnityEditor.WindowsStandalone.Extensions.dll
Registered in 0.010166 seconds.
- Loaded All Assemblies, in  0.467 seconds
Native extension for WindowsStandalone target not found
Native extension for Android target not found
Android Extension - Scanning For ADB Devices 233 ms
Mono: successfully reloaded assembly
- Finished resetting the current domain, in  0.584 seconds
Domain Reload Profiling: 1048ms
	BeginReloadAssembly (153ms)
		ExecutionOrderSort (0ms)
		DisableScriptedObjects (0ms)
		BackupInstance (0ms)
		ReleaseScriptingObjects (0ms)
		CreateAndSetChildDomain (1ms)
	RebuildCommonClasses (54ms)
	RebuildNativeTypeToScriptingClass (18ms)
	initialDomainReloadingComplete (77ms)
	LoadAllAssembliesAndSetupDomain (161ms)
		LoadAssemblies (150ms)
		RebuildTransferFunctionScriptingTraits (0ms)
		AnalyzeDomain (158ms)
			TypeCache.Refresh (156ms)
				TypeCache.ScanAssembly (142ms)
			ScanForSourceGeneratedMonoScriptInfo (0ms)
			ResolveRequiredComponents (0ms)
	FinalizeReload (585ms)
		ReleaseScriptCaches (0ms)
		RebuildScriptCaches (0ms)
		SetupLoadedEditorAssemblies (518ms)
			LogAssemblyErrors (0ms)
			InitializePlatformSupportModulesInManaged (349ms)
			SetLoadedEditorAssemblies (4ms)
			RefreshPlugins (0ms)
			BeforeProcessingInitializeOnLoad (2ms)
			ProcessInitializeOnLoadAttributes (108ms)
			ProcessInitializeOnLoadMethodAttributes (54ms)
			AfterProcessingInitializeOnLoad (0ms)
			EditorAssembliesLoaded (0ms)
		ExecutionOrderSort2 (0ms)
		AwakeInstancesAfterBackupRestoration (0ms)
========================================================================
Worker process is ready to serve import requests
Begin MonoManager ReloadAssembly
Symbol file LoadedFromMemory is not a mono symbol file
- Loaded All Assemblies, in  0.702 seconds
Refreshing native plugins compatible for Editor in 4.76 ms, found 3 plugins.
Native extension for WindowsStandalone target not found
Native extension for Android target not found
Package Manager log level set to [2]
[Package Manager] Server::EnsureServerProcessIsRunning -- launch failed, reason: Unity was launched with the -noUpm command-line argument
[Package Manager] UpmClient::Send -- Unable to send message (not connected to UPM process).
[Package Manager] Cannot connect to Unity Package Manager local server
Mono: successfully reloaded assembly
- Finished resetting the current domain, in  0.840 seconds
Domain Reload Profiling: 1540ms
	BeginReloadAssembly (153ms)
		ExecutionOrderSort (0ms)
		DisableScriptedObjects (7ms)
		BackupInstance (0ms)
		ReleaseScriptingObjects (0ms)
		CreateAndSetChildDomain (23ms)
	RebuildCommonClasses (33ms)
	RebuildNativeTypeToScriptingClass (11ms)
	initialDomainReloadingComplete (31ms)
	LoadAllAssembliesAndSetupDomain (471ms)
		LoadAssemblies (313ms)
		RebuildTransferFunctionScriptingTraits (0ms)
		AnalyzeDomain (244ms)
			TypeCache.Refresh (208ms)
				TypeCache.ScanAssembly (188ms)
			ScanForSourceGeneratedMonoScriptInfo (26ms)
			ResolveRequiredComponents (7ms)
	FinalizeReload (841ms)
		ReleaseScriptCaches (0ms)
		RebuildScriptCaches (0ms)
		SetupLoadedEditorAssemblies (655ms)
			LogAssemblyErrors (0ms)
			InitializePlatformSupportModulesInManaged (31ms)
			SetLoadedEditorAssemblies (6ms)
			RefreshPlugins (0ms)
			BeforeProcessingInitializeOnLoad (85ms)
			ProcessInitializeOnLoadAttributes (500ms)
			ProcessInitializeOnLoadMethodAttributes (23ms)
			AfterProcessingInitializeOnLoad (8ms)
			EditorAssembliesLoaded (0ms)
		ExecutionOrderSort2 (0ms)
		AwakeInstancesAfterBackupRestoration (6ms)
Launched and connected shader compiler UnityShaderCompiler.exe after 0.05 seconds
Refreshing native plugins compatible for Editor in 6.43 ms, found 3 plugins.
Preloading 0 native plugins for Editor in 0.00 ms.
Unloading 3865 Unused Serialized files (Serialized files now loaded: 0)
Unloading 66 unused Assets / (1.4 MB). Loaded Objects now: 4325.
Memory consumption went from 170.3 MB to 168.9 MB.
Total: 6.475100 ms (FindLiveObjects: 0.408500 ms CreateObjectMapping: 0.306300 ms MarkObjects: 5.000300 ms  DeleteObjects: 0.758700 ms)

AssetImportParameters requested are different than current active one (requested -> active):
  custom:container-demuxer-ogg: 62fdf1f143b41e24485cea50d1cbac27 -> 
  custom:video-codec-MediaFoundation-h265: 746d11721c4dcdbdad8f713fa42b33f4 -> 
  custom:video-decoder-ogg-theora: a1e56fd34408186e4bbccfd4996cb3dc -> 
  custom:framework-win-MediaFoundation: 216162199b28c13a410421893ffa2e32 -> 
  custom:CustomObjectIndexerAttribute: 756ad292c208cfabdd7b50bc23989ffe -> 
  custom:container-demuxer-webm: 4f35f7cbe854078d1ac9338744f61a02 -> 
  custom:container-muxer-webm: aa71ff27fc2769a1b78a27578f13a17b -> 
  custom:video-decoder-webm-vp8: 9c59270c3fd7afecdb556c50c9e8de78 -> 
  custom:SearchIndexIgnoredProperties: e643bd26f0fe6173181afceb89e7c659 -> 
  custom:AudioImporter_EditorPlatform: d09bf68614088b80899f8185d706f6e7 -> 
  custom:video-encoder-webm-vp8: eb34c28f22e8b96e1ab97ce403110664 -> 
  custom:audio-decoder-ogg-vorbis: bf7c407c2cedff20999df2af8eb42d56 -> 
  custom:audio-encoder-webm-vorbis: bf7c407c2cedff20999df2af8eb42d56 -> 
  custom:scripting/monoscript/fileName/SimpleCameraController.cs: 9d5e45e836538af465ffb763b138c221 -> 639b45e76fa5fda920a92b90c69d9e74
========================================================================
Received Import Request.
  Time since last request: 6491.379870 seconds.
  path: Assets/Visual/3D Models/PolygonSciFiCity/Prefabs/Props/SM_Prop_Sidewalk_Panel_03.prefab
  artifactKey: Guid(2f98ba775e8c8cc4aaf1e3c44721dfcb) Importer(815301076,1909f56bfc062723c751e8b465ee728b)
Start importing Assets/Visual/3D Models/PolygonSciFiCity/Prefabs/Props/SM_Prop_Sidewalk_Panel_03.prefab using Guid(2f98ba775e8c8cc4aaf1e3c44721dfcb) Importer(815301076,1909f56bfc062723c751e8b465ee728b)  -> (artifact id: '7cfc4d93a2a7f677d1062663317073ac') in 0.187344 seconds
Number of updated asset objects reloaded before import = 0
Number of asset objects unloaded after import = 15
========================================================================
Received Import Request.
  Time since last request: 0.000068 seconds.
  path: Assets/Visual/3D Models/PolygonSciFiCity/Prefabs/Props/SM_Prop_RubbishPile_01.prefab
  artifactKey: Guid(9c7e8190761130140ad6d4d31e4fe3e2) Importer(815301076,1909f56bfc062723c751e8b465ee728b)
Start importing Assets/Visual/3D Models/PolygonSciFiCity/Prefabs/Props/SM_Prop_RubbishPile_01.prefab using Guid(9c7e8190761130140ad6d4d31e4fe3e2) Importer(815301076,1909f56bfc062723c751e8b465ee728b)  -> (artifact id: '0f8fcc46ca53aaeb8fe8685750997922') in 0.052666 seconds
Number of updated asset objects reloaded before import = 0
Number of asset objects unloaded after import = 17
========================================================================
Received Import Request.
  Time since last request: 0.000028 seconds.
  path: Assets/Visual/3D Models/PolygonSciFiCity/Prefabs/Props/SM_Prop_SatDish_03.prefab
  artifactKey: Guid(43987e36a89ccc24584f661e523823b8) Importer(815301076,1909f56bfc062723c751e8b465ee728b)
Start importing Assets/Visual/3D Models/PolygonSciFiCity/Prefabs/Props/SM_Prop_SatDish_03.prefab using Guid(43987e36a89ccc24584f661e523823b8) Importer(815301076,1909f56bfc062723c751e8b465ee728b)  -> (artifact id: '656adb9be109e7abd55992595b93a88c') in 0.046870 seconds
Number of updated asset objects reloaded before import = 0
Number of asset objects unloaded after import = 15
========================================================================
Received Import Request.
  Time since last request: 0.000042 seconds.
  path: Assets/Visual/3D Models/PolygonSciFiCity/Prefabs/Props/SM_Prop_Robotic_Part_03.prefab
  artifactKey: Guid(a62263789022a4144a2c8197c988d42e) Importer(815301076,1909f56bfc062723c751e8b465ee728b)
Start importing Assets/Visual/3D Models/PolygonSciFiCity/Prefabs/Props/SM_Prop_Robotic_Part_03.prefab using Guid(a62263789022a4144a2c8197c988d42e) Importer(815301076,1909f56bfc062723c751e8b465ee728b)  -> (artifact id: 'eafcf90a9efe877bec36439b50e6dd57') in 0.037189 seconds
Number of updated asset objects reloaded before import = 0
Number of asset objects unloaded after import = 15
========================================================================
Received Import Request.
  Time since last request: 0.000019 seconds.
  path: Assets/Visual/3D Models/PolygonSciFiCity/Prefabs/Props/SM_Prop_SatDish_02.prefab
  artifactKey: Guid(af207c30346b15644914a3d5715006e1) Importer(815301076,1909f56bfc062723c751e8b465ee728b)
Start importing Assets/Visual/3D Models/PolygonSciFiCity/Prefabs/Props/SM_Prop_SatDish_02.prefab using Guid(af207c30346b15644914a3d5715006e1) Importer(815301076,1909f56bfc062723c751e8b465ee728b)  -> (artifact id: 'fb557c82d9e6c5a2aeaaa0e6b5e9c281') in 0.036727 seconds
Number of updated asset objects reloaded before import = 0
Number of asset objects unloaded after import = 15
========================================================================
Received Import Request.
  Time since last request: 0.000017 seconds.
  path: Assets/Visual/3D Models/PolygonSciFiCity/Prefabs/Props/SM_Prop_SatDish_Base_01.prefab
  artifactKey: Guid(4f3e768c235f75a45ad6ba9206ccf11c) Importer(815301076,1909f56bfc062723c751e8b465ee728b)
Start importing Assets/Visual/3D Models/PolygonSciFiCity/Prefabs/Props/SM_Prop_SatDish_Base_01.prefab using Guid(4f3e768c235f75a45ad6ba9206ccf11c) Importer(815301076,1909f56bfc062723c751e8b465ee728b)  -> (artifact id: '837017d03bcee9d8c6691fcdf63395c9') in 0.047961 seconds
Number of updated asset objects reloaded before import = 0
Number of asset objects unloaded after import = 20
========================================================================
Received Import Request.
  Time since last request: 0.000033 seconds.
  path: Assets/Visual/3D Models/PolygonSciFiCity/Prefabs/Props/SM_Prop_Rubbish_Bin_01.prefab
  artifactKey: Guid(c827c24f41bb1224aa742a2a9b9f2aa4) Importer(815301076,1909f56bfc062723c751e8b465ee728b)
Start importing Assets/Visual/3D Models/PolygonSciFiCity/Prefabs/Props/SM_Prop_Rubbish_Bin_01.prefab using Guid(c827c24f41bb1224aa742a2a9b9f2aa4) Importer(815301076,1909f56bfc062723c751e8b465ee728b)  -> (artifact id: 'f716d5fa6e2cc40a4e76f376e25656a7') in 0.036319 seconds
Number of updated asset objects reloaded before import = 0
Number of asset objects unloaded after import = 22
========================================================================
Received Import Request.
  Time since last request: 0.000035 seconds.
  path: Assets/Visual/3D Models/PolygonSciFiCity/Prefabs/Props/SM_Prop_Security_Camera_02.prefab
  artifactKey: Guid(9126448fb9094a74eb4ea5249361cdbd) Importer(815301076,1909f56bfc062723c751e8b465ee728b)
Start importing Assets/Visual/3D Models/PolygonSciFiCity/Prefabs/Props/SM_Prop_Security_Camera_02.prefab using Guid(9126448fb9094a74eb4ea5249361cdbd) Importer(815301076,1909f56bfc062723c751e8b465ee728b)  -> (artifact id: '99a4720de8aaa21f9f407763744c6787') in 0.038626 seconds
Number of updated asset objects reloaded before import = 0
Number of asset objects unloaded after import = 20
========================================================================
Received Import Request.
  Time since last request: 0.000020 seconds.
  path: Assets/Visual/3D Models/PolygonSciFiCity/Prefabs/Props/SM_Prop_Robotic_Part_011.prefab
  artifactKey: Guid(2be04e8620a0bfd4ea0b0997be515d53) Importer(815301076,1909f56bfc062723c751e8b465ee728b)
Start importing Assets/Visual/3D Models/PolygonSciFiCity/Prefabs/Props/SM_Prop_Robotic_Part_011.prefab using Guid(2be04e8620a0bfd4ea0b0997be515d53) Importer(815301076,1909f56bfc062723c751e8b465ee728b)  -> (artifact id: '56ce145208b4358a6f5a2b404340f42c') in 0.033776 seconds
Number of updated asset objects reloaded before import = 0
Number of asset objects unloaded after import = 15
========================================================================
Received Import Request.
  Time since last request: 3.383531 seconds.
  path: Assets/Visual/3D Models/PolygonSciFiCity/Prefabs/Props/SM_Prop_Spanner_01.prefab
  artifactKey: Guid(6644c437a3f186546ae877e4a06d6d28) Importer(815301076,1909f56bfc062723c751e8b465ee728b)
Start importing Assets/Visual/3D Models/PolygonSciFiCity/Prefabs/Props/SM_Prop_Spanner_01.prefab using Guid(6644c437a3f186546ae877e4a06d6d28) Importer(815301076,1909f56bfc062723c751e8b465ee728b)  -> (artifact id: 'c7241f8387165a9e79bc0f034a62ec60') in 0.039160 seconds
Number of updated asset objects reloaded before import = 0
Number of asset objects unloaded after import = 15
========================================================================
Received Import Request.
  Time since last request: 0.000017 seconds.
  path: Assets/Visual/3D Models/PolygonSciFiCity/Prefabs/Props/SM_Prop_WallAttach_Electronics_01.prefab
  artifactKey: Guid(4466056d67f142c4e8369fcf3d717579) Importer(815301076,1909f56bfc062723c751e8b465ee728b)
Start importing Assets/Visual/3D Models/PolygonSciFiCity/Prefabs/Props/SM_Prop_WallAttach_Electronics_01.prefab using Guid(4466056d67f142c4e8369fcf3d717579) Importer(815301076,1909f56bfc062723c751e8b465ee728b)  -> (artifact id: 'fdf69098a6907208731040ccb94960ca') in 0.042345 seconds
Number of updated asset objects reloaded before import = 0
Number of asset objects unloaded after import = 15
========================================================================
Received Import Request.
  Time since last request: 0.000025 seconds.
  path: Assets/Visual/3D Models/PolygonSciFiCity/Prefabs/Props/SM_Prop_StripClub_Pole_01.prefab
  artifactKey: Guid(1041094a5bf1dc34f98c00692bc921bb) Importer(815301076,1909f56bfc062723c751e8b465ee728b)
Start importing Assets/Visual/3D Models/PolygonSciFiCity/Prefabs/Props/SM_Prop_StripClub_Pole_01.prefab using Guid(1041094a5bf1dc34f98c00692bc921bb) Importer(815301076,1909f56bfc062723c751e8b465ee728b)  -> (artifact id: '613a861402a68cd2abb77fbbb22d4337') in 0.063062 seconds
Number of updated asset objects reloaded before import = 0
Number of asset objects unloaded after import = 15
========================================================================
Received Import Request.
  Time since last request: 0.000025 seconds.
  path: Assets/Visual/3D Models/PolygonSciFiCity/Prefabs/Props/SM_Prop_StripClub_Sofa_01.prefab
  artifactKey: Guid(fbcc69c45b0211241a8f8020bb63f721) Importer(815301076,1909f56bfc062723c751e8b465ee728b)
Start importing Assets/Visual/3D Models/PolygonSciFiCity/Prefabs/Props/SM_Prop_StripClub_Sofa_01.prefab using Guid(fbcc69c45b0211241a8f8020bb63f721) Importer(815301076,1909f56bfc062723c751e8b465ee728b)  -> (artifact id: '9d37c45f7fa615ac81c1bc7340d09d1d') in 0.042091 seconds
Number of updated asset objects reloaded before import = 0
Number of asset objects unloaded after import = 15
========================================================================
Received Import Request.
  Time since last request: 0.000025 seconds.
  path: Assets/Visual/3D Models/PolygonSciFiCity/Prefabs/Props/SM_Prop_WallAttach_Electronics_02.prefab
  artifactKey: Guid(dbc8ff25f28f33c4bb982b04e5dbdefb) Importer(815301076,1909f56bfc062723c751e8b465ee728b)
Start importing Assets/Visual/3D Models/PolygonSciFiCity/Prefabs/Props/SM_Prop_WallAttach_Electronics_02.prefab using Guid(dbc8ff25f28f33c4bb982b04e5dbdefb) Importer(815301076,1909f56bfc062723c751e8b465ee728b)  -> (artifact id: '5b207ec6345f3bfdae1e2cf745544a00') in 0.043768 seconds
Number of updated asset objects reloaded before import = 0
Number of asset objects unloaded after import = 15
========================================================================
Received Import Request.
  Time since last request: 0.000017 seconds.
  path: Assets/Visual/3D Models/PolygonSciFiCity/Prefabs/Props/SM_Prop_VendingMachine_Soda_01.prefab
  artifactKey: Guid(b9aa404ea67c0ae41b1fc669a5b71369) Importer(815301076,1909f56bfc062723c751e8b465ee728b)
Start importing Assets/Visual/3D Models/PolygonSciFiCity/Prefabs/Props/SM_Prop_VendingMachine_Soda_01.prefab using Guid(b9aa404ea67c0ae41b1fc669a5b71369) Importer(815301076,1909f56bfc062723c751e8b465ee728b)  -> (artifact id: 'd083e0df54cc5c3f30dd723d3bd881d2') in 0.041084 seconds
Number of updated asset objects reloaded before import = 0
Number of asset objects unloaded after import = 21
========================================================================
Received Import Request.
  Time since last request: 0.000017 seconds.
  path: Assets/Visual/3D Models/PolygonSciFiCity/Prefabs/Props/SM_Prop_StripClub_Curtain_01.prefab
  artifactKey: Guid(ce309f119085e61408c79a5c1004fef6) Importer(815301076,1909f56bfc062723c751e8b465ee728b)
Start importing Assets/Visual/3D Models/PolygonSciFiCity/Prefabs/Props/SM_Prop_StripClub_Curtain_01.prefab using Guid(ce309f119085e61408c79a5c1004fef6) Importer(815301076,1909f56bfc062723c751e8b465ee728b)  -> (artifact id: '1a18765d68c61000cbfb5ce362f58e84') in 0.044607 seconds
Number of updated asset objects reloaded before import = 0
Number of asset objects unloaded after import = 20
========================================================================
Received Import Request.
  Time since last request: 0.000023 seconds.
  path: Assets/Visual/3D Models/PolygonSciFiCity/Prefabs/Props/SM_Prop_StripClub_Stage_01.prefab
  artifactKey: Guid(be44309cef5882442b00c2e42cb13f73) Importer(815301076,1909f56bfc062723c751e8b465ee728b)
Start importing Assets/Visual/3D Models/PolygonSciFiCity/Prefabs/Props/SM_Prop_StripClub_Stage_01.prefab using Guid(be44309cef5882442b00c2e42cb13f73) Importer(815301076,1909f56bfc062723c751e8b465ee728b)  -> (artifact id: '4a54da65ae42c9f68a7f41cb766a593a') in 0.043246 seconds
Number of updated asset objects reloaded before import = 0
Number of asset objects unloaded after import = 15
========================================================================
Received Import Request.
  Time since last request: 0.000023 seconds.
  path: Assets/Visual/3D Models/PolygonSciFiCity/Prefabs/Props/SM_Prop_VRHeadset_01.prefab
  artifactKey: Guid(262e8615470221541bb78807333ad149) Importer(815301076,1909f56bfc062723c751e8b465ee728b)
Start importing Assets/Visual/3D Models/PolygonSciFiCity/Prefabs/Props/SM_Prop_VRHeadset_01.prefab using Guid(262e8615470221541bb78807333ad149) Importer(815301076,1909f56bfc062723c751e8b465ee728b)  -> (artifact id: 'ea1a51468f5a8c93ffa2b24b0149575d') in 0.043983 seconds
Number of updated asset objects reloaded before import = 0
Number of asset objects unloaded after import = 15
========================================================================
Received Import Request.
  Time since last request: 0.000021 seconds.
  path: Assets/Visual/3D Models/PolygonSciFiCity/Prefabs/Props/SM_Prop_Supplies_01.prefab
  artifactKey: Guid(01d2a653d97a0a943a86a3e04664da85) Importer(815301076,1909f56bfc062723c751e8b465ee728b)
Start importing Assets/Visual/3D Models/PolygonSciFiCity/Prefabs/Props/SM_Prop_Supplies_01.prefab using Guid(01d2a653d97a0a943a86a3e04664da85) Importer(815301076,1909f56bfc062723c751e8b465ee728b)  -> (artifact id: '50e95da3148d2326e7a50078b75a2125') in 0.043684 seconds
Number of updated asset objects reloaded before import = 0
Number of asset objects unloaded after import = 15
========================================================================
Received Import Request.
  Time since last request: 6.366738 seconds.
  path: Assets/Visual/3D Models/PolygonSciFiCity/Prefabs/Props/SM_Prop_WallAttach_Electronics_05.prefab
  artifactKey: Guid(f953c33f678a9fc4cadce6c7241519aa) Importer(815301076,1909f56bfc062723c751e8b465ee728b)
Start importing Assets/Visual/3D Models/PolygonSciFiCity/Prefabs/Props/SM_Prop_WallAttach_Electronics_05.prefab using Guid(f953c33f678a9fc4cadce6c7241519aa) Importer(815301076,1909f56bfc062723c751e8b465ee728b)  -> (artifact id: '8b91078074c7a6e57ad5b5cb77f97abb') in 0.097316 seconds
Number of updated asset objects reloaded before import = 0
Number of asset objects unloaded after import = 15
========================================================================
Received Import Request.
  Time since last request: 0.000022 seconds.
  path: Assets/Visual/3D Models/PolygonSciFiCity/Prefabs/Props/SM_Prop_WallAttach_Vent_03.prefab
  artifactKey: Guid(783878b110bd79f45a87416fe9e4e329) Importer(815301076,1909f56bfc062723c751e8b465ee728b)
Start importing Assets/Visual/3D Models/PolygonSciFiCity/Prefabs/Props/SM_Prop_WallAttach_Vent_03.prefab using Guid(783878b110bd79f45a87416fe9e4e329) Importer(815301076,1909f56bfc062723c751e8b465ee728b)  -> (artifact id: 'b4d4935f59c290824ff1012e2e7af491') in 0.042462 seconds
Number of updated asset objects reloaded before import = 0
Number of asset objects unloaded after import = 15
========================================================================
Received Import Request.
  Time since last request: 0.000028 seconds.
  path: Assets/Visual/3D Models/PolygonSciFiCity/Prefabs/Props/SM_Prop_WallAttach_Vent_02.prefab
  artifactKey: Guid(6a4bdf8e5579e504eb35c71c0be56e86) Importer(815301076,1909f56bfc062723c751e8b465ee728b)
Start importing Assets/Visual/3D Models/PolygonSciFiCity/Prefabs/Props/SM_Prop_WallAttach_Vent_02.prefab using Guid(6a4bdf8e5579e504eb35c71c0be56e86) Importer(815301076,1909f56bfc062723c751e8b465ee728b)  -> (artifact id: 'fbb4f492e4c4535d5515337f0b6f37e3') in 0.042815 seconds
Number of updated asset objects reloaded before import = 0
Number of asset objects unloaded after import = 15
========================================================================
Received Import Request.
  Time since last request: 0.000021 seconds.
  path: Assets/Visual/3D Models/PolygonSciFiCity/Prefabs/Props/SM_Prop_Window_Shutter_01.prefab
  artifactKey: Guid(49e9786a41b5aaf4f837591a70762e30) Importer(815301076,1909f56bfc062723c751e8b465ee728b)
Start importing Assets/Visual/3D Models/PolygonSciFiCity/Prefabs/Props/SM_Prop_Window_Shutter_01.prefab using Guid(49e9786a41b5aaf4f837591a70762e30) Importer(815301076,1909f56bfc062723c751e8b465ee728b)  -> (artifact id: '2b7fb66dab5afeaa78ee4b35b5a29dba') in 0.041553 seconds
Number of updated asset objects reloaded before import = 0
Number of asset objects unloaded after import = 15
========================================================================
Received Import Request.
  Time since last request: 0.000021 seconds.
  path: Assets/Visual/3D Models/PolygonSciFiCity/Prefabs/Props/SM_Prop_Window_03.prefab
  artifactKey: Guid(ad75cc67b4fcb83428eb34ae411bb3c4) Importer(815301076,1909f56bfc062723c751e8b465ee728b)
Start importing Assets/Visual/3D Models/PolygonSciFiCity/Prefabs/Props/SM_Prop_Window_03.prefab using Guid(ad75cc67b4fcb83428eb34ae411bb3c4) Importer(815301076,1909f56bfc062723c751e8b465ee728b)  -> (artifact id: 'f665cc15e2f151010efcd7edea934b6f') in 0.041039 seconds
Number of updated asset objects reloaded before import = 0
Number of asset objects unloaded after import = 15
========================================================================
Received Import Request.
  Time since last request: 867.634943 seconds.
  path: Assets/Visual/3D Models/PolygonApocalypse/Prefabs/Item/SM_Item_Alcohol_01.prefab
  artifactKey: Guid(58ee3df2b81b0de49a953371616e8154) Importer(815301076,1909f56bfc062723c751e8b465ee728b)
Start importing Assets/Visual/3D Models/PolygonApocalypse/Prefabs/Item/SM_Item_Alcohol_01.prefab using Guid(58ee3df2b81b0de49a953371616e8154) Importer(815301076,1909f56bfc062723c751e8b465ee728b)  -> (artifact id: '3c2b73eac0d223d6a79758b0afbc14b3') in 0.067888 seconds
Number of updated asset objects reloaded before import = 0
Number of asset objects unloaded after import = 13
========================================================================
Received Import Request.
  Time since last request: 0.000022 seconds.
  path: Assets/Visual/3D Models/PolygonApocalypse/Prefabs/Item/SM_Item_Fishing_Rod_01.prefab
  artifactKey: Guid(b50ca22ff5ac8c54386da5dbdf193363) Importer(815301076,1909f56bfc062723c751e8b465ee728b)
Start importing Assets/Visual/3D Models/PolygonApocalypse/Prefabs/Item/SM_Item_Fishing_Rod_01.prefab using Guid(b50ca22ff5ac8c54386da5dbdf193363) Importer(815301076,1909f56bfc062723c751e8b465ee728b)  -> (artifact id: 'f1726838eaa94bf2e4a82fbc21e50f47') in 0.057259 seconds
Number of updated asset objects reloaded before import = 0
Number of asset objects unloaded after import = 18
========================================================================
Received Import Request.
  Time since last request: 0.000022 seconds.
  path: Assets/Visual/3D Models/PolygonApocalypse/Prefabs/Item/SM_Item_Alcohol_Broken_03.prefab
  artifactKey: Guid(1dc3b42f7f53e474c8268e5d68f9699a) Importer(815301076,1909f56bfc062723c751e8b465ee728b)
Start importing Assets/Visual/3D Models/PolygonApocalypse/Prefabs/Item/SM_Item_Alcohol_Broken_03.prefab using Guid(1dc3b42f7f53e474c8268e5d68f9699a) Importer(815301076,1909f56bfc062723c751e8b465ee728b)  -> (artifact id: '94a3b6bec818421aaeafcac24b70b935') in 0.053130 seconds
Number of updated asset objects reloaded before import = 0
Number of asset objects unloaded after import = 13
========================================================================
Received Import Request.
  Time since last request: 0.000029 seconds.
  path: Assets/Visual/3D Models/PolygonApocalypse/Prefabs/Item/SM_Item_Frypan_01.prefab
  artifactKey: Guid(9a32dc62b4ff6fb4f928a74f8b462ffd) Importer(815301076,1909f56bfc062723c751e8b465ee728b)
Start importing Assets/Visual/3D Models/PolygonApocalypse/Prefabs/Item/SM_Item_Frypan_01.prefab using Guid(9a32dc62b4ff6fb4f928a74f8b462ffd) Importer(815301076,1909f56bfc062723c751e8b465ee728b)  -> (artifact id: '2d4c240f97655bd7fa3f8a9e662dfa77') in 0.043744 seconds
Number of updated asset objects reloaded before import = 0
Number of asset objects unloaded after import = 13
========================================================================
Received Import Request.
  Time since last request: 0.000035 seconds.
  path: Assets/Visual/3D Models/PolygonApocalypse/Prefabs/Item/SM_Item_Ammo_762_01.prefab
  artifactKey: Guid(3c04b696e75f45847b55a0268a323a4a) Importer(815301076,1909f56bfc062723c751e8b465ee728b)
Start importing Assets/Visual/3D Models/PolygonApocalypse/Prefabs/Item/SM_Item_Ammo_762_01.prefab using Guid(3c04b696e75f45847b55a0268a323a4a) Importer(815301076,1909f56bfc062723c751e8b465ee728b)  -> (artifact id: 'c09cecf645e5a0524657e93bd37a24a6') in 0.046373 seconds
Number of updated asset objects reloaded before import = 0
Number of asset objects unloaded after import = 13
========================================================================
Received Import Request.
  Time since last request: 0.000038 seconds.
  path: Assets/Visual/3D Models/PolygonApocalypse/Prefabs/Item/SM_Item_Alcohol_08.prefab
  artifactKey: Guid(b40d31e734a1fec4187fab4b7fcbfdd8) Importer(815301076,1909f56bfc062723c751e8b465ee728b)
Start importing Assets/Visual/3D Models/PolygonApocalypse/Prefabs/Item/SM_Item_Alcohol_08.prefab using Guid(b40d31e734a1fec4187fab4b7fcbfdd8) Importer(815301076,1909f56bfc062723c751e8b465ee728b)  -> (artifact id: '5815d9f25d03a24ade71353b71bd7052') in 0.041043 seconds
Number of updated asset objects reloaded before import = 0
Number of asset objects unloaded after import = 13
========================================================================
Received Import Request.
  Time since last request: 0.000022 seconds.
  path: Assets/Visual/3D Models/PolygonApocalypse/Prefabs/Item/SM_Item_Ammo_556_01.prefab
  artifactKey: Guid(f0fc41b28f2a6a943a204ab9ba84bc87) Importer(815301076,1909f56bfc062723c751e8b465ee728b)
Start importing Assets/Visual/3D Models/PolygonApocalypse/Prefabs/Item/SM_Item_Ammo_556_01.prefab using Guid(f0fc41b28f2a6a943a204ab9ba84bc87) Importer(815301076,1909f56bfc062723c751e8b465ee728b)  -> (artifact id: 'd6ec88e5a4eb7471640f73b4843d514b') in 0.044872 seconds
Number of updated asset objects reloaded before import = 0
Number of asset objects unloaded after import = 13
========================================================================
Received Import Request.
  Time since last request: 0.000062 seconds.
  path: Assets/Visual/3D Models/PolygonApocalypse/Prefabs/Item/SM_Item_Can_08.prefab
  artifactKey: Guid(eb0cbb6bcee01ad40848859f2fc6535c) Importer(815301076,1909f56bfc062723c751e8b465ee728b)
Start importing Assets/Visual/3D Models/PolygonApocalypse/Prefabs/Item/SM_Item_Can_08.prefab using Guid(eb0cbb6bcee01ad40848859f2fc6535c) Importer(815301076,1909f56bfc062723c751e8b465ee728b)  -> (artifact id: 'cc67301c8625d447f7fce60b8ec3eb6e') in 0.045261 seconds
Number of updated asset objects reloaded before import = 0
Number of asset objects unloaded after import = 13
========================================================================
Received Import Request.
  Time since last request: 0.000043 seconds.
  path: Assets/Visual/3D Models/PolygonApocalypse/Prefabs/Item/SM_Item_Alcohol_Broken_01.prefab
  artifactKey: Guid(f9c5616a18c549d4eaa5ded0fcecfb0d) Importer(815301076,1909f56bfc062723c751e8b465ee728b)
Start importing Assets/Visual/3D Models/PolygonApocalypse/Prefabs/Item/SM_Item_Alcohol_Broken_01.prefab using Guid(f9c5616a18c549d4eaa5ded0fcecfb0d) Importer(815301076,1909f56bfc062723c751e8b465ee728b)  -> (artifact id: '0dc3bccf3fa5a2d01b84d65a6d9ad80b') in 0.046962 seconds
Number of updated asset objects reloaded before import = 0
Number of asset objects unloaded after import = 13
========================================================================
Received Import Request.
  Time since last request: 0.000034 seconds.
  path: Assets/Visual/3D Models/PolygonApocalypse/Prefabs/Item/SM_Item_Ammo_12G_01.prefab
  artifactKey: Guid(3b0fb3fda92d12a4caa1fd3a00956fd1) Importer(815301076,1909f56bfc062723c751e8b465ee728b)
Start importing Assets/Visual/3D Models/PolygonApocalypse/Prefabs/Item/SM_Item_Ammo_12G_01.prefab using Guid(3b0fb3fda92d12a4caa1fd3a00956fd1) Importer(815301076,1909f56bfc062723c751e8b465ee728b)  -> (artifact id: 'f4fca65d79f6c8916013535abcc54454') in 0.044706 seconds
Number of updated asset objects reloaded before import = 0
Number of asset objects unloaded after import = 13
========================================================================
Received Import Request.
  Time since last request: 0.000039 seconds.
  path: Assets/Visual/3D Models/PolygonApocalypse/Prefabs/Item/SM_Item_Ammo_Crate_02.prefab
  artifactKey: Guid(6a58f1a9d5bb54145b16f5b9fc45b380) Importer(815301076,1909f56bfc062723c751e8b465ee728b)
Start importing Assets/Visual/3D Models/PolygonApocalypse/Prefabs/Item/SM_Item_Ammo_Crate_02.prefab using Guid(6a58f1a9d5bb54145b16f5b9fc45b380) Importer(815301076,1909f56bfc062723c751e8b465ee728b)  -> (artifact id: '2258faeab96cf291e649c7e608946cbb') in 0.048765 seconds
Number of updated asset objects reloaded before import = 0
Number of asset objects unloaded after import = 18
========================================================================
Received Import Request.
  Time since last request: 0.000038 seconds.
  path: Assets/Visual/3D Models/PolygonApocalypse/Prefabs/Item/SM_Item_Alcohol_05.prefab
  artifactKey: Guid(81fe8add0c99992449fd6feecbca4e58) Importer(815301076,1909f56bfc062723c751e8b465ee728b)
Start importing Assets/Visual/3D Models/PolygonApocalypse/Prefabs/Item/SM_Item_Alcohol_05.prefab using Guid(81fe8add0c99992449fd6feecbca4e58) Importer(815301076,1909f56bfc062723c751e8b465ee728b)  -> (artifact id: '4a8c605428cbf204698862fcb254db2b') in 0.047544 seconds
Number of updated asset objects reloaded before import = 0
Number of asset objects unloaded after import = 13
========================================================================
Received Import Request.
  Time since last request: 0.000024 seconds.
  path: Assets/Visual/3D Models/PolygonApocalypse/Prefabs/Item/SM_Item_Craft_Knife_01.prefab
  artifactKey: Guid(18a14a835f7f4ff4eba07155d04123fb) Importer(815301076,1909f56bfc062723c751e8b465ee728b)
Start importing Assets/Visual/3D Models/PolygonApocalypse/Prefabs/Item/SM_Item_Craft_Knife_01.prefab using Guid(18a14a835f7f4ff4eba07155d04123fb) Importer(815301076,1909f56bfc062723c751e8b465ee728b)  -> (artifact id: 'c879aeb6f86c9406b869bd3e0e66c981') in 0.041643 seconds
Number of updated asset objects reloaded before import = 0
Number of asset objects unloaded after import = 18
========================================================================
Received Import Request.
  Time since last request: 0.000051 seconds.
  path: Assets/Visual/3D Models/PolygonApocalypse/Prefabs/Item/SM_Item_Drink_Whistle_01.prefab
  artifactKey: Guid(7c0d8d6a258de1c4aa1b91d307a78d84) Importer(815301076,1909f56bfc062723c751e8b465ee728b)
Start importing Assets/Visual/3D Models/PolygonApocalypse/Prefabs/Item/SM_Item_Drink_Whistle_01.prefab using Guid(7c0d8d6a258de1c4aa1b91d307a78d84) Importer(815301076,1909f56bfc062723c751e8b465ee728b)  -> (artifact id: '9fabec3bffab352ad4f1e7547f4a4579') in 0.042873 seconds
Number of updated asset objects reloaded before import = 0
Number of asset objects unloaded after import = 13
========================================================================
Received Import Request.
  Time since last request: 0.000046 seconds.
  path: Assets/Visual/3D Models/PolygonApocalypse/Prefabs/Item/SM_Item_Ammo_Paper_01.prefab
  artifactKey: Guid(f46ee175b2f70634eb2f34cfd2c8ff00) Importer(815301076,1909f56bfc062723c751e8b465ee728b)
Start importing Assets/Visual/3D Models/PolygonApocalypse/Prefabs/Item/SM_Item_Ammo_Paper_01.prefab using Guid(f46ee175b2f70634eb2f34cfd2c8ff00) Importer(815301076,1909f56bfc062723c751e8b465ee728b)  -> (artifact id: 'd057e29d5a5cf7db39fb9b905ac762d9') in 0.042148 seconds
Number of updated asset objects reloaded before import = 0
Number of asset objects unloaded after import = 13
========================================================================
Received Import Request.
  Time since last request: 0.000031 seconds.
  path: Assets/Visual/3D Models/PolygonApocalypse/Prefabs/Item/SM_Item_Ammo_45_Open_01.prefab
  artifactKey: Guid(354be3aa209144b43970a2b3e387c64d) Importer(815301076,1909f56bfc062723c751e8b465ee728b)
Start importing Assets/Visual/3D Models/PolygonApocalypse/Prefabs/Item/SM_Item_Ammo_45_Open_01.prefab using Guid(354be3aa209144b43970a2b3e387c64d) Importer(815301076,1909f56bfc062723c751e8b465ee728b)  -> (artifact id: 'cddd6bde51169d78a6c81b192322a1c9') in 0.046565 seconds
Number of updated asset objects reloaded before import = 0
Number of asset objects unloaded after import = 13
========================================================================
Received Import Request.
  Time since last request: 0.000027 seconds.
  path: Assets/Visual/3D Models/PolygonApocalypse/Prefabs/Item/SM_Item_Ammo_45_01.prefab
  artifactKey: Guid(3c1fb60ea0f47294bab4dfa1e382d773) Importer(815301076,1909f56bfc062723c751e8b465ee728b)
Start importing Assets/Visual/3D Models/PolygonApocalypse/Prefabs/Item/SM_Item_Ammo_45_01.prefab using Guid(3c1fb60ea0f47294bab4dfa1e382d773) Importer(815301076,1909f56bfc062723c751e8b465ee728b)  -> (artifact id: 'f90835b08f2250dfdd35bca24990150a') in 0.044759 seconds
Number of updated asset objects reloaded before import = 0
Number of asset objects unloaded after import = 13
========================================================================
Received Import Request.
  Time since last request: 0.000037 seconds.
  path: Assets/Visual/3D Models/PolygonApocalypse/Prefabs/Item/SM_Item_Laptop_01.prefab
  artifactKey: Guid(001e7162e31a7a74d9328ee6f66d5329) Importer(815301076,1909f56bfc062723c751e8b465ee728b)
Start importing Assets/Visual/3D Models/PolygonApocalypse/Prefabs/Item/SM_Item_Laptop_01.prefab using Guid(001e7162e31a7a74d9328ee6f66d5329) Importer(815301076,1909f56bfc062723c751e8b465ee728b)  -> (artifact id: '4f95c5566d70f4bda41a142c2e55ba36') in 0.046182 seconds
Number of updated asset objects reloaded before import = 0
Number of asset objects unloaded after import = 18
========================================================================
Received Import Request.
  Time since last request: 0.000036 seconds.
  path: Assets/Visual/3D Models/PolygonApocalypse/Prefabs/Item/SM_Item_Ammo_762_Open_01.prefab
  artifactKey: Guid(58eae65f7f0aff74fbed2094afb7b028) Importer(815301076,1909f56bfc062723c751e8b465ee728b)
Start importing Assets/Visual/3D Models/PolygonApocalypse/Prefabs/Item/SM_Item_Ammo_762_Open_01.prefab using Guid(58eae65f7f0aff74fbed2094afb7b028) Importer(815301076,1909f56bfc062723c751e8b465ee728b)  -> (artifact id: 'a2bea1a9d5cf5e4a68f9e60e0662d265') in 0.046744 seconds
Number of updated asset objects reloaded before import = 0
Number of asset objects unloaded after import = 13
========================================================================
Received Import Request.
  Time since last request: 0.000027 seconds.
  path: Assets/Visual/3D Models/PolygonApocalypse/Prefabs/Item/SM_Item_Book_01.prefab
  artifactKey: Guid(f4466bcf4c25696408d197818abd1430) Importer(815301076,1909f56bfc062723c751e8b465ee728b)
Start importing Assets/Visual/3D Models/PolygonApocalypse/Prefabs/Item/SM_Item_Book_01.prefab using Guid(f4466bcf4c25696408d197818abd1430) Importer(815301076,1909f56bfc062723c751e8b465ee728b)  -> (artifact id: 'adfa76b90dead1e4a948082840182f24') in 0.050561 seconds
Number of updated asset objects reloaded before import = 0
Number of asset objects unloaded after import = 13
========================================================================
Received Import Request.
  Time since last request: 0.000024 seconds.
  path: Assets/Visual/3D Models/PolygonApocalypse/Prefabs/Item/SM_Item_Book_Open_01.prefab
  artifactKey: Guid(2d39db34524c5e243b197578b75165d8) Importer(815301076,1909f56bfc062723c751e8b465ee728b)
Start importing Assets/Visual/3D Models/PolygonApocalypse/Prefabs/Item/SM_Item_Book_Open_01.prefab using Guid(2d39db34524c5e243b197578b75165d8) Importer(815301076,1909f56bfc062723c751e8b465ee728b)  -> (artifact id: 'c1433837db27fa801a4257fb3841d524') in 0.044734 seconds
Number of updated asset objects reloaded before import = 0
Number of asset objects unloaded after import = 13
========================================================================
Received Import Request.
  Time since last request: 0.000020 seconds.
  path: Assets/Visual/3D Models/PolygonApocalypse/Prefabs/Item/SM_Item_Ammo_Crate_04.prefab
  artifactKey: Guid(8778a742b666cae4b8af6820f6de6aac) Importer(815301076,1909f56bfc062723c751e8b465ee728b)
Start importing Assets/Visual/3D Models/PolygonApocalypse/Prefabs/Item/SM_Item_Ammo_Crate_04.prefab using Guid(8778a742b666cae4b8af6820f6de6aac) Importer(815301076,1909f56bfc062723c751e8b465ee728b)  -> (artifact id: '4348f8347d47658e0adac8b29048e157') in 0.044442 seconds
Number of updated asset objects reloaded before import = 0
Number of asset objects unloaded after import = 18
========================================================================
Received Import Request.
  Time since last request: 0.000021 seconds.
  path: Assets/Visual/3D Models/PolygonApocalypse/Prefabs/Item/SM_Item_Lighter_Flip_01.prefab
  artifactKey: Guid(6fd2b0703ed84aa449990e7cb02cc1c9) Importer(815301076,1909f56bfc062723c751e8b465ee728b)
Start importing Assets/Visual/3D Models/PolygonApocalypse/Prefabs/Item/SM_Item_Lighter_Flip_01.prefab using Guid(6fd2b0703ed84aa449990e7cb02cc1c9) Importer(815301076,1909f56bfc062723c751e8b465ee728b)  -> (artifact id: '017e64cd97ba28eb0a7ae94167de5339') in 0.039438 seconds
Number of updated asset objects reloaded before import = 0
Number of asset objects unloaded after import = 18
========================================================================
Received Import Request.
  Time since last request: 0.000046 seconds.
  path: Assets/Visual/3D Models/PolygonApocalypse/Prefabs/Item/SM_Item_Can_07.prefab
  artifactKey: Guid(7e25cc1253205ab45bf2f21ac7f68181) Importer(815301076,1909f56bfc062723c751e8b465ee728b)
Start importing Assets/Visual/3D Models/PolygonApocalypse/Prefabs/Item/SM_Item_Can_07.prefab using Guid(7e25cc1253205ab45bf2f21ac7f68181) Importer(815301076,1909f56bfc062723c751e8b465ee728b)  -> (artifact id: '39050c3d7d625a70b32e0d1f61f8f6af') in 0.043879 seconds
Number of updated asset objects reloaded before import = 0
Number of asset objects unloaded after import = 13
========================================================================
Received Import Request.
  Time since last request: 0.000030 seconds.
  path: Assets/Visual/3D Models/PolygonApocalypse/Prefabs/Item/SM_Item_BeerCup_02.prefab
  artifactKey: Guid(623d8ff7c38bf5f4fb8836266de955c5) Importer(815301076,1909f56bfc062723c751e8b465ee728b)
Start importing Assets/Visual/3D Models/PolygonApocalypse/Prefabs/Item/SM_Item_BeerCup_02.prefab using Guid(623d8ff7c38bf5f4fb8836266de955c5) Importer(815301076,1909f56bfc062723c751e8b465ee728b)  -> (artifact id: 'd181bb8ce93cde681cae00ecb1159029') in 0.045972 seconds
Number of updated asset objects reloaded before import = 0
Number of asset objects unloaded after import = 13
========================================================================
Received Import Request.
  Time since last request: 0.000026 seconds.
  path: Assets/Visual/3D Models/PolygonApocalypse/Prefabs/Item/SM_Item_Bread_01.prefab
  artifactKey: Guid(ea8fc872ca6a2dd43aff8e9c1cfe6b6d) Importer(815301076,1909f56bfc062723c751e8b465ee728b)
Start importing Assets/Visual/3D Models/PolygonApocalypse/Prefabs/Item/SM_Item_Bread_01.prefab using Guid(ea8fc872ca6a2dd43aff8e9c1cfe6b6d) Importer(815301076,1909f56bfc062723c751e8b465ee728b)  -> (artifact id: 'bdc8a6b21e118b798788ef619396b9d0') in 0.045065 seconds
Number of updated asset objects reloaded before import = 0
Number of asset objects unloaded after import = 13
========================================================================
Received Import Request.
  Time since last request: 0.000029 seconds.
  path: Assets/Visual/3D Models/PolygonApocalypse/Prefabs/Item/SM_Item_Can_01.prefab
  artifactKey: Guid(43c02ad0264295844bda05a0e56a7b21) Importer(815301076,1909f56bfc062723c751e8b465ee728b)
Start importing Assets/Visual/3D Models/PolygonApocalypse/Prefabs/Item/SM_Item_Can_01.prefab using Guid(43c02ad0264295844bda05a0e56a7b21) Importer(815301076,1909f56bfc062723c751e8b465ee728b)  -> (artifact id: 'da0bced94708a3366ce7753ca7065997') in 0.043118 seconds
Number of updated asset objects reloaded before import = 0
Number of asset objects unloaded after import = 13
========================================================================
Received Import Request.
  Time since last request: 0.000044 seconds.
  path: Assets/Visual/3D Models/PolygonApocalypse/Prefabs/Item/SM_Item_Can_03.prefab
  artifactKey: Guid(ba8f09511f4e7a448867acaedb592a0b) Importer(815301076,1909f56bfc062723c751e8b465ee728b)
Start importing Assets/Visual/3D Models/PolygonApocalypse/Prefabs/Item/SM_Item_Can_03.prefab using Guid(ba8f09511f4e7a448867acaedb592a0b) Importer(815301076,1909f56bfc062723c751e8b465ee728b)  -> (artifact id: '87607292c2e4435e89983c83231301a5') in 0.043697 seconds
Number of updated asset objects reloaded before import = 0
Number of asset objects unloaded after import = 13
========================================================================
Received Import Request.
  Time since last request: 0.000038 seconds.
  path: Assets/Visual/3D Models/PolygonApocalypse/Prefabs/Item/SM_Item_Alcohol_Broken_02.prefab
  artifactKey: Guid(d0fc44066f110ef4ba9c88a218bdfad3) Importer(815301076,1909f56bfc062723c751e8b465ee728b)
Start importing Assets/Visual/3D Models/PolygonApocalypse/Prefabs/Item/SM_Item_Alcohol_Broken_02.prefab using Guid(d0fc44066f110ef4ba9c88a218bdfad3) Importer(815301076,1909f56bfc062723c751e8b465ee728b)  -> (artifact id: 'f7504c5b02084b72dac13fd87673f682') in 0.041159 seconds
Number of updated asset objects reloaded before import = 0
Number of asset objects unloaded after import = 13
========================================================================
Received Import Request.
  Time since last request: 0.000022 seconds.
  path: Assets/Visual/3D Models/PolygonApocalypse/Prefabs/Item/SM_Item_Duffle_Bag_01.prefab
  artifactKey: Guid(29bbdad2089078346a5cb0efbe9d593e) Importer(815301076,1909f56bfc062723c751e8b465ee728b)
Start importing Assets/Visual/3D Models/PolygonApocalypse/Prefabs/Item/SM_Item_Duffle_Bag_01.prefab using Guid(29bbdad2089078346a5cb0efbe9d593e) Importer(815301076,1909f56bfc062723c751e8b465ee728b)  -> (artifact id: '7bae592093ed0c8f5854eda9748bda31') in 0.041769 seconds
Number of updated asset objects reloaded before import = 0
Number of asset objects unloaded after import = 13
========================================================================
Received Import Request.
  Time since last request: 0.000039 seconds.
  path: Assets/Visual/3D Models/PolygonApocalypse/Prefabs/Item/SM_Item_Can_09.prefab
  artifactKey: Guid(c1374f32ef087084aa867d7db3d2e313) Importer(815301076,1909f56bfc062723c751e8b465ee728b)
Start importing Assets/Visual/3D Models/PolygonApocalypse/Prefabs/Item/SM_Item_Can_09.prefab using Guid(c1374f32ef087084aa867d7db3d2e313) Importer(815301076,1909f56bfc062723c751e8b465ee728b)  -> (artifact id: '8cb58f8fc3f19385b6fdd21fd3d15cdd') in 0.046136 seconds
Number of updated asset objects reloaded before import = 0
Number of asset objects unloaded after import = 13
========================================================================
Received Import Request.
  Time since last request: 0.000036 seconds.
  path: Assets/Visual/3D Models/PolygonApocalypse/Prefabs/Item/SM_Item_Can_04.prefab
  artifactKey: Guid(4d1d922a75ada2c49b59fe4d449a2e72) Importer(815301076,1909f56bfc062723c751e8b465ee728b)
Start importing Assets/Visual/3D Models/PolygonApocalypse/Prefabs/Item/SM_Item_Can_04.prefab using Guid(4d1d922a75ada2c49b59fe4d449a2e72) Importer(815301076,1909f56bfc062723c751e8b465ee728b)  -> (artifact id: '6f6e2a6119c698853aaad772b1ed5eab') in 0.047070 seconds
Number of updated asset objects reloaded before import = 0
Number of asset objects unloaded after import = 13
========================================================================
Received Import Request.
  Time since last request: 0.000038 seconds.
  path: Assets/Visual/3D Models/PolygonApocalypse/Prefabs/Item/SM_Item_Bullet_Rifle_01.prefab
  artifactKey: Guid(79ea69f034f719f408ef7420f8bfb7d8) Importer(815301076,1909f56bfc062723c751e8b465ee728b)
Start importing Assets/Visual/3D Models/PolygonApocalypse/Prefabs/Item/SM_Item_Bullet_Rifle_01.prefab using Guid(79ea69f034f719f408ef7420f8bfb7d8) Importer(815301076,1909f56bfc062723c751e8b465ee728b)  -> (artifact id: 'd4db05fed5e956587aae646a1ff9f49c') in 0.039424 seconds
Number of updated asset objects reloaded before import = 0
Number of asset objects unloaded after import = 13
========================================================================
Received Import Request.
  Time since last request: 2.039814 seconds.
  path: Assets/Visual/Animation/Universal_Traversal_Anims/Art/Animations/In_Place_Versions/AnimSeq_Traversal_BarSwing_ForwardAcross_SwingLoop.FBX
  artifactKey: Guid(39d670c79778c754785bf689c373142e) Importer(815301076,1909f56bfc062723c751e8b465ee728b)
Start importing Assets/Visual/Animation/Universal_Traversal_Anims/Art/Animations/In_Place_Versions/AnimSeq_Traversal_BarSwing_ForwardAcross_SwingLoop.FBX using Guid(39d670c79778c754785bf689c373142e) Importer(815301076,1909f56bfc062723c751e8b465ee728b)  -> (artifact id: 'd4cc50c5ca2f27f3dff7989b57ab6abb') in 0.006287 seconds
Number of updated asset objects reloaded before import = 0
Number of asset objects unloaded after import = 141
========================================================================
Received Import Request.
  Time since last request: 0.000017 seconds.
  path: Assets/Visual/3D Models/PolygonSciFiCity/Textures/SphereGlow.png
  artifactKey: Guid(516a2a21b5e345f408e5be91be36ebb7) Importer(815301076,1909f56bfc062723c751e8b465ee728b)
Start importing Assets/Visual/3D Models/PolygonSciFiCity/Textures/SphereGlow.png using Guid(516a2a21b5e345f408e5be91be36ebb7) Importer(815301076,1909f56bfc062723c751e8b465ee728b)  -> (artifact id: 'f3254c865b1301af6b702a97a960638a') in 0.019170 seconds
Number of updated asset objects reloaded before import = 0
Number of asset objects unloaded after import = 2
========================================================================
Received Import Request.
  Time since last request: 0.000015 seconds.
  path: Assets/Visual/Animation/Universal_Traversal_Anims/Art/Animations/Traversal_BarSwing_ForwardAcross_SwingJump_FallingLoop.fbx
  artifactKey: Guid(75936f10096a51641bd612b6a5578a5c) Importer(815301076,1909f56bfc062723c751e8b465ee728b)
Start importing Assets/Visual/Animation/Universal_Traversal_Anims/Art/Animations/Traversal_BarSwing_ForwardAcross_SwingJump_FallingLoop.fbx using Guid(75936f10096a51641bd612b6a5578a5c) Importer(815301076,1909f56bfc062723c751e8b465ee728b)  -> (artifact id: 'c7680856c7eb8a24f0d8aad5fee1d9e4') in 0.006978 seconds
Number of updated asset objects reloaded before import = 0
Number of asset objects unloaded after import = 139
========================================================================
Received Import Request.
  Time since last request: 0.000017 seconds.
  path: Assets/Visual/Animation/Universal_Traversal_Anims/Art/Animations/Traversal_BarSwing_ForwardAcross_SwingLoop.fbx
  artifactKey: Guid(5d953efc47d6dd1438c30007a41848bb) Importer(815301076,1909f56bfc062723c751e8b465ee728b)
Start importing Assets/Visual/Animation/Universal_Traversal_Anims/Art/Animations/Traversal_BarSwing_ForwardAcross_SwingLoop.fbx using Guid(5d953efc47d6dd1438c30007a41848bb) Importer(815301076,1909f56bfc062723c751e8b465ee728b)  -> (artifact id: 'a3ebd36815be9b6017294a7cb1709447') in 0.006716 seconds
Number of updated asset objects reloaded before import = 0
Number of asset objects unloaded after import = 139
========================================================================
Received Import Request.
  Time since last request: 0.000017 seconds.
  path: Assets/Visual/3D Models/PolygonApocalypse/Models/SM_Prop_Globe_01.fbx
  artifactKey: Guid(0f7ded24f1367ee40ba014245e637c6b) Importer(815301076,1909f56bfc062723c751e8b465ee728b)
Start importing Assets/Visual/3D Models/PolygonApocalypse/Models/SM_Prop_Globe_01.fbx using Guid(0f7ded24f1367ee40ba014245e637c6b) Importer(815301076,1909f56bfc062723c751e8b465ee728b)  -> (artifact id: '6482e9d43e88682633e4b3c1ee27925b') in 0.039448 seconds
Number of updated asset objects reloaded before import = 0
Number of asset objects unloaded after import = 7
========================================================================
Received Import Request.
  Time since last request: 0.000019 seconds.
  path: Assets/Visual/3D Models/PolygonSciFiCity/Materials/Misc/FX_SphereGlow.mat
  artifactKey: Guid(83bf344aa66f8704ab56cddca307d1cd) Importer(815301076,1909f56bfc062723c751e8b465ee728b)
Start importing Assets/Visual/3D Models/PolygonSciFiCity/Materials/Misc/FX_SphereGlow.mat using Guid(83bf344aa66f8704ab56cddca307d1cd) Importer(815301076,1909f56bfc062723c751e8b465ee728b)  -> (artifact id: 'f42d722a42693d4eb3d6181bbccc024b') in 0.027113 seconds
Number of updated asset objects reloaded before import = 0
Number of asset objects unloaded after import = 2
========================================================================
Received Import Request.
  Time since last request: 0.000031 seconds.
  path: Assets/Visual/3D Models/PolygonApocalypse/Prefabs/Props/SM_Prop_Globe_01.prefab
  artifactKey: Guid(bd2d3e85253f8a84b9a83cdf66f1aa78) Importer(815301076,1909f56bfc062723c751e8b465ee728b)
Start importing Assets/Visual/3D Models/PolygonApocalypse/Prefabs/Props/SM_Prop_Globe_01.prefab using Guid(bd2d3e85253f8a84b9a83cdf66f1aa78) Importer(815301076,1909f56bfc062723c751e8b465ee728b)  -> (artifact id: '092a1ce6464e9575781a80925f3a3d99') in 0.040141 seconds
Number of updated asset objects reloaded before import = 0
Number of asset objects unloaded after import = 13
========================================================================
Received Import Request.
  Time since last request: 8.528988 seconds.
  path: Assets/Visual/3D Models/PolygonApocalypse/Models/Convex/SM_Item_Stick_01_Convex.asset
  artifactKey: Guid(eeb3cccb05cfb5a438c4885e17192afc) Importer(815301076,1909f56bfc062723c751e8b465ee728b)
Start importing Assets/Visual/3D Models/PolygonApocalypse/Models/Convex/SM_Item_Stick_01_Convex.asset using Guid(eeb3cccb05cfb5a438c4885e17192afc) Importer(815301076,1909f56bfc062723c751e8b465ee728b)  -> (artifact id: 'bf50a4f4fb0f5d87fb9fe99da0c86a68') in 0.007165 seconds
Number of updated asset objects reloaded before import = 0
Number of asset objects unloaded after import = 3
========================================================================
Received Import Request.
  Time since last request: 0.000013 seconds.
  path: Assets/Visual/3D Models/PolygonApocalypse/Prefabs/Props/SM_Prop_Barrier_Plastic_01.prefab
  artifactKey: Guid(be76150b03ca11e4fad5f8f7c51fad30) Importer(815301076,1909f56bfc062723c751e8b465ee728b)
Start importing Assets/Visual/3D Models/PolygonApocalypse/Prefabs/Props/SM_Prop_Barrier_Plastic_01.prefab using Guid(be76150b03ca11e4fad5f8f7c51fad30) Importer(815301076,1909f56bfc062723c751e8b465ee728b)  -> (artifact id: '1bce97db2408caf32c12389ed9bb965a') in 0.049227 seconds
Number of updated asset objects reloaded before import = 0
Number of asset objects unloaded after import = 13
========================================================================
Received Import Request.
  Time since last request: 0.000029 seconds.
  path: Assets/Visual/3D Models/PolygonApocalypse/Prefabs/Props/SM_Prop_Barrier_Plastic_02.prefab
  artifactKey: Guid(731e09a80f921ea4881d591d9b9d37d1) Importer(815301076,1909f56bfc062723c751e8b465ee728b)
Start importing Assets/Visual/3D Models/PolygonApocalypse/Prefabs/Props/SM_Prop_Barrier_Plastic_02.prefab using Guid(731e09a80f921ea4881d591d9b9d37d1) Importer(815301076,1909f56bfc062723c751e8b465ee728b)  -> (artifact id: '7efb6e893a876f8b77507cb3211bb0f7') in 0.045893 seconds
Number of updated asset objects reloaded before import = 0
Number of asset objects unloaded after import = 13
========================================================================
Received Import Request.
  Time since last request: 0.000024 seconds.
  path: Assets/Visual/3D Models/PolygonApocalypse/Models/SM_Prop_Chair_Plastic_01.fbx
  artifactKey: Guid(b47b56551e8696340bea893e2a19439d) Importer(815301076,1909f56bfc062723c751e8b465ee728b)
Start importing Assets/Visual/3D Models/PolygonApocalypse/Models/SM_Prop_Chair_Plastic_01.fbx using Guid(b47b56551e8696340bea893e2a19439d) Importer(815301076,1909f56bfc062723c751e8b465ee728b)  -> (artifact id: 'b2cbec748435e977a549fe845406c1ea') in 0.016283 seconds
Number of updated asset objects reloaded before import = 0
Number of asset objects unloaded after import = 7
========================================================================
Received Import Request.
  Time since last request: 0.000028 seconds.
  path: Assets/Visual/3D Models/PolygonApocalypse/Prefabs/Props/SM_Prop_GraveStick_01.prefab
  artifactKey: Guid(9864be34c5a754b4c934de6565eb8cc0) Importer(815301076,1909f56bfc062723c751e8b465ee728b)
Start importing Assets/Visual/3D Models/PolygonApocalypse/Prefabs/Props/SM_Prop_GraveStick_01.prefab using Guid(9864be34c5a754b4c934de6565eb8cc0) Importer(815301076,1909f56bfc062723c751e8b465ee728b)  -> (artifact id: '2aaaae62ad7e1c78acefc188175f8d8d') in 0.049656 seconds
Number of updated asset objects reloaded before import = 0
Number of asset objects unloaded after import = 18
========================================================================
Received Import Request.
  Time since last request: 0.000025 seconds.
  path: Assets/Visual/3D Models/PolygonApocalypse/Models/Convex/SM_Item_Stick_02_Convex.asset
  artifactKey: Guid(156752976a62e4746854d6b731d075c2) Importer(815301076,1909f56bfc062723c751e8b465ee728b)
Start importing Assets/Visual/3D Models/PolygonApocalypse/Models/Convex/SM_Item_Stick_02_Convex.asset using Guid(156752976a62e4746854d6b731d075c2) Importer(815301076,1909f56bfc062723c751e8b465ee728b)  -> (artifact id: 'f6f712805c12e1ece2387595b408402d') in 0.008569 seconds
Number of updated asset objects reloaded before import = 0
Number of asset objects unloaded after import = 3
========================================================================
Received Import Request.
  Time since last request: 0.000015 seconds.
  path: Assets/Visual/3D Models/PolygonApocalypse/Models/Convex/SM_Prop_GraveStick_01_Convex.asset
  artifactKey: Guid(e10d70651be1d7e47a32210211b5b7c8) Importer(815301076,1909f56bfc062723c751e8b465ee728b)
Start importing Assets/Visual/3D Models/PolygonApocalypse/Models/Convex/SM_Prop_GraveStick_01_Convex.asset using Guid(e10d70651be1d7e47a32210211b5b7c8) Importer(815301076,1909f56bfc062723c751e8b465ee728b)  -> (artifact id: '4ea3efa610bf156773e2efcbac510b75') in 0.009909 seconds
Number of updated asset objects reloaded before import = 0
Number of asset objects unloaded after import = 3
========================================================================
Received Import Request.
  Time since last request: 0.000014 seconds.
  path: Assets/Visual/3D Models/PolygonSciFiCity/Models/SM_Prop_Barrier_Plastic_03.fbx
  artifactKey: Guid(cc2387824c4a8f241b64938541803aa4) Importer(815301076,1909f56bfc062723c751e8b465ee728b)
Start importing Assets/Visual/3D Models/PolygonSciFiCity/Models/SM_Prop_Barrier_Plastic_03.fbx using Guid(cc2387824c4a8f241b64938541803aa4) Importer(815301076,1909f56bfc062723c751e8b465ee728b)  -> (artifact id: '9bec74e8fade86113c941d4f457a3dbd') in 0.013674 seconds
Number of updated asset objects reloaded before import = 0
Number of asset objects unloaded after import = 7
========================================================================
Received Import Request.
  Time since last request: 0.000014 seconds.
  path: Assets/Visual/3D Models/PolygonSciFiCity/Models/SM_Prop_Barrier_Plastic_01.fbx
  artifactKey: Guid(d3d462ecfb19f52479c5246b62ec95ed) Importer(815301076,1909f56bfc062723c751e8b465ee728b)
Start importing Assets/Visual/3D Models/PolygonSciFiCity/Models/SM_Prop_Barrier_Plastic_01.fbx using Guid(d3d462ecfb19f52479c5246b62ec95ed) Importer(815301076,1909f56bfc062723c751e8b465ee728b)  -> (artifact id: 'c8117c654a199f428f23ad8ca468c73f') in 0.014192 seconds
Number of updated asset objects reloaded before import = 0
Number of asset objects unloaded after import = 9
========================================================================
Received Import Request.
  Time since last request: 0.000027 seconds.
  path: Assets/Visual/3D Models/PolygonApocalypse/Models/SM_Prop_Barrier_Plastic_01.fbx
  artifactKey: Guid(23641c2e860a6f94eb6461624040e1f3) Importer(815301076,1909f56bfc062723c751e8b465ee728b)
Start importing Assets/Visual/3D Models/PolygonApocalypse/Models/SM_Prop_Barrier_Plastic_01.fbx using Guid(23641c2e860a6f94eb6461624040e1f3) Importer(815301076,1909f56bfc062723c751e8b465ee728b)  -> (artifact id: '6ab1de0f92ceda13cf045e2f91b1d0e0') in 0.014222 seconds
Number of updated asset objects reloaded before import = 0
Number of asset objects unloaded after import = 7
========================================================================
Received Import Request.
  Time since last request: 15.970816 seconds.
  path: Assets/Visual/3D Models/PolygonApocalypse/Prefabs/Item/SM_Item_Log_05.prefab
  artifactKey: Guid(7ca9915df67a66d43991170ba2400f17) Importer(815301076,1909f56bfc062723c751e8b465ee728b)
Start importing Assets/Visual/3D Models/PolygonApocalypse/Prefabs/Item/SM_Item_Log_05.prefab using Guid(7ca9915df67a66d43991170ba2400f17) Importer(815301076,1909f56bfc062723c751e8b465ee728b)  -> (artifact id: '0a0b576bfb1f82e05ffc1d141109f537') in 0.070369 seconds
Number of updated asset objects reloaded before import = 0
Number of asset objects unloaded after import = 13
========================================================================
Received Import Request.
  Time since last request: 0.000026 seconds.
  path: Assets/Visual/3D Models/PolygonApocalypse/Prefabs/Item/SM_Item_Shop_Goods_02.prefab
  artifactKey: Guid(2d10286977fa54c41b7f3ab6190c9eba) Importer(815301076,1909f56bfc062723c751e8b465ee728b)
Start importing Assets/Visual/3D Models/PolygonApocalypse/Prefabs/Item/SM_Item_Shop_Goods_02.prefab using Guid(2d10286977fa54c41b7f3ab6190c9eba) Importer(815301076,1909f56bfc062723c751e8b465ee728b)  -> (artifact id: '02f026f75af8d0e11cf0b319247238af') in 0.074271 seconds
Number of updated asset objects reloaded before import = 0
Number of asset objects unloaded after import = 13
========================================================================
Received Import Request.
  Time since last request: 0.000039 seconds.
  path: Assets/Visual/3D Models/PolygonApocalypse/Prefabs/Item/SM_Item_Mushroom_02.prefab
  artifactKey: Guid(b808e9acc3ae53540b85978941c19e20) Importer(815301076,1909f56bfc062723c751e8b465ee728b)
Start importing Assets/Visual/3D Models/PolygonApocalypse/Prefabs/Item/SM_Item_Mushroom_02.prefab using Guid(b808e9acc3ae53540b85978941c19e20) Importer(815301076,1909f56bfc062723c751e8b465ee728b)  -> (artifact id: '74161b8aeef47e7ac823fc0988ee433b') in 0.051417 seconds
Number of updated asset objects reloaded before import = 0
Number of asset objects unloaded after import = 13
========================================================================
Received Import Request.
  Time since last request: 0.000056 seconds.
  path: Assets/Visual/3D Models/PolygonApocalypse/Prefabs/Item/SM_Item_Rice_02.prefab
  artifactKey: Guid(568c22079a95dd04782e774b047921a5) Importer(815301076,1909f56bfc062723c751e8b465ee728b)
Start importing Assets/Visual/3D Models/PolygonApocalypse/Prefabs/Item/SM_Item_Rice_02.prefab using Guid(568c22079a95dd04782e774b047921a5) Importer(815301076,1909f56bfc062723c751e8b465ee728b)  -> (artifact id: 'ae20ca4d0e0eb7aebb29c3d4067eea3d') in 0.051760 seconds
Number of updated asset objects reloaded before import = 0
Number of asset objects unloaded after import = 13
========================================================================
Received Import Request.
  Time since last request: 0.000053 seconds.
  path: Assets/Visual/3D Models/PolygonApocalypse/Prefabs/Item/SM_Item_Rice_01.prefab
  artifactKey: Guid(b5b5e3c130d2d904f8a6aa523deb2dc9) Importer(815301076,1909f56bfc062723c751e8b465ee728b)
Start importing Assets/Visual/3D Models/PolygonApocalypse/Prefabs/Item/SM_Item_Rice_01.prefab using Guid(b5b5e3c130d2d904f8a6aa523deb2dc9) Importer(815301076,1909f56bfc062723c751e8b465ee728b)  -> (artifact id: '791e1ac1fb5b0e481d47d509a0885419') in 0.047537 seconds
Number of updated asset objects reloaded before import = 0
Number of asset objects unloaded after import = 13
========================================================================
Received Import Request.
  Time since last request: 0.000026 seconds.
  path: Assets/Visual/3D Models/PolygonApocalypse/Prefabs/Item/SM_Item_Wirecutter_01.prefab
  artifactKey: Guid(4229c1bf0fca93a4bb95d5e14235f52b) Importer(815301076,1909f56bfc062723c751e8b465ee728b)
Start importing Assets/Visual/3D Models/PolygonApocalypse/Prefabs/Item/SM_Item_Wirecutter_01.prefab using Guid(4229c1bf0fca93a4bb95d5e14235f52b) Importer(815301076,1909f56bfc062723c751e8b465ee728b)  -> (artifact id: 'd838f663bd3b0a6e3cd7cfff77c4b318') in 0.051630 seconds
Number of updated asset objects reloaded before import = 0
Number of asset objects unloaded after import = 13
========================================================================
Received Import Request.
  Time since last request: 0.000022 seconds.
  path: Assets/Visual/3D Models/PolygonApocalypse/Prefabs/Item/SM_Item_Potatoe_01.prefab
  artifactKey: Guid(bc2cd9c115afa094d89e7d95c3e4e21f) Importer(815301076,1909f56bfc062723c751e8b465ee728b)
Start importing Assets/Visual/3D Models/PolygonApocalypse/Prefabs/Item/SM_Item_Potatoe_01.prefab using Guid(bc2cd9c115afa094d89e7d95c3e4e21f) Importer(815301076,1909f56bfc062723c751e8b465ee728b)  -> (artifact id: 'c077357ed9b240a866459e06244583a0') in 0.050273 seconds
Number of updated asset objects reloaded before import = 0
Number of asset objects unloaded after import = 13
========================================================================
Received Import Request.
  Time since last request: 0.000030 seconds.
  path: Assets/Visual/3D Models/PolygonApocalypse/Prefabs/Item/SM_Item_SmartPhone_01.prefab
  artifactKey: Guid(a5b5e01895a2f294188114a6032d1692) Importer(815301076,1909f56bfc062723c751e8b465ee728b)
Start importing Assets/Visual/3D Models/PolygonApocalypse/Prefabs/Item/SM_Item_SmartPhone_01.prefab using Guid(a5b5e01895a2f294188114a6032d1692) Importer(815301076,1909f56bfc062723c751e8b465ee728b)  -> (artifact id: '9868ea12f67873407c1a520464582845') in 0.047889 seconds
Number of updated asset objects reloaded before import = 0
Number of asset objects unloaded after import = 13
========================================================================
Received Import Request.
  Time since last request: 0.000049 seconds.
  path: Assets/Visual/3D Models/PolygonApocalypse/Prefabs/Item/SM_Item_Meat_01.prefab
  artifactKey: Guid(b02bfd6e5cc0ba84283f809c15b5eeda) Importer(815301076,1909f56bfc062723c751e8b465ee728b)
Start importing Assets/Visual/3D Models/PolygonApocalypse/Prefabs/Item/SM_Item_Meat_01.prefab using Guid(b02bfd6e5cc0ba84283f809c15b5eeda) Importer(815301076,1909f56bfc062723c751e8b465ee728b)  -> (artifact id: 'c26c367e07747b6f9469816bbbf44820') in 0.046545 seconds
Number of updated asset objects reloaded before import = 0
Number of asset objects unloaded after import = 13
========================================================================
Received Import Request.
  Time since last request: 253.795376 seconds.
  path: Assets/TextMesh Pro/Examples & Extras/Resources/Fonts & Materials/Bangers SDF.asset
  artifactKey: Guid(125cb55b44b24c4393181402bc6200e6) Importer(815301076,1909f56bfc062723c751e8b465ee728b)
Start importing Assets/TextMesh Pro/Examples & Extras/Resources/Fonts & Materials/Bangers SDF.asset using Guid(125cb55b44b24c4393181402bc6200e6) Importer(815301076,1909f56bfc062723c751e8b465ee728b)  -> (artifact id: '4baced0df84e5676620d82e122fce073') in 0.040644 seconds
Number of updated asset objects reloaded before import = 0
Number of asset objects unloaded after import = 6
========================================================================
Received Import Request.
  Time since last request: 0.000023 seconds.
  path: Assets/Visual/3D Models/PolygonApocalypse/Textures/Misc/Base_normals.png
  artifactKey: Guid(f77401e80b669b3489a7a480df56de14) Importer(815301076,1909f56bfc062723c751e8b465ee728b)
Start importing Assets/Visual/3D Models/PolygonApocalypse/Textures/Misc/Base_normals.png using Guid(f77401e80b669b3489a7a480df56de14) Importer(815301076,1909f56bfc062723c751e8b465ee728b)  -> (artifact id: '26a9425d45b592f32eb4a6e59e5456c7') in 0.025786 seconds
Number of updated asset objects reloaded before import = 0
Number of asset objects unloaded after import = 2
========================================================================
Received Import Request.
  Time since last request: 0.000037 seconds.
  path: Assets/Visual/3D Models/PolygonSciFiCity/Textures/Circle_Dashes.png
  artifactKey: Guid(ffccefe6fe078884d91a8574bfef2cda) Importer(815301076,1909f56bfc062723c751e8b465ee728b)
Start importing Assets/Visual/3D Models/PolygonSciFiCity/Textures/Circle_Dashes.png using Guid(ffccefe6fe078884d91a8574bfef2cda) Importer(815301076,1909f56bfc062723c751e8b465ee728b)  -> (artifact id: 'e6b82e654cb16dcec2210b5c0a074ec4') in 0.013142 seconds
Number of updated asset objects reloaded before import = 0
Number of asset objects unloaded after import = 2
========================================================================
Received Import Request.
  Time since last request: 1.315063 seconds.
  path: Assets/Visual/3D Models/PolygonSciFiCity/Textures/Dirt_01.png
  artifactKey: Guid(10098b6ab07bb81478f96a9c740c4fec) Importer(815301076,1909f56bfc062723c751e8b465ee728b)
Start importing Assets/Visual/3D Models/PolygonSciFiCity/Textures/Dirt_01.png using Guid(10098b6ab07bb81478f96a9c740c4fec) Importer(815301076,1909f56bfc062723c751e8b465ee728b)  -> (artifact id: '851743801af7bb38404c28fa64a44184') in 0.014264 seconds
Number of updated asset objects reloaded before import = 0
Number of asset objects unloaded after import = 2
========================================================================
Received Import Request.
  Time since last request: 0.028618 seconds.
  path: Assets/TextMesh Pro/Examples & Extras/Sprites/DropCap Numbers.psd
  artifactKey: Guid(fd09957580ac4326916010f1f260975b) Importer(815301076,1909f56bfc062723c751e8b465ee728b)
Start importing Assets/TextMesh Pro/Examples & Extras/Sprites/DropCap Numbers.psd using Guid(fd09957580ac4326916010f1f260975b) Importer(815301076,1909f56bfc062723c751e8b465ee728b)  -> (artifact id: '5e07e73711800b96fd4bd3c2d7f448fe') in 0.013976 seconds
Number of updated asset objects reloaded before import = 0
Number of asset objects unloaded after import = 2
========================================================================
Received Import Request.
  Time since last request: 0.042710 seconds.
  path: Assets/TextMesh Pro/Sprites/EmojiOne.png
  artifactKey: Guid(dffef66376be4fa480fb02b19edbe903) Importer(815301076,1909f56bfc062723c751e8b465ee728b)
Start importing Assets/TextMesh Pro/Sprites/EmojiOne.png using Guid(dffef66376be4fa480fb02b19edbe903) Importer(815301076,1909f56bfc062723c751e8b465ee728b)  -> (artifact id: '72f6975abab7a6ac942740ab1ae74402') in 0.014681 seconds
Number of updated asset objects reloaded before import = 0
Number of asset objects unloaded after import = 2
========================================================================
Received Import Request.
  Time since last request: 1.870647 seconds.
  path: Assets/TextMesh Pro/Examples & Extras/Textures/Floor Cement.jpg
  artifactKey: Guid(283f897e4925411ebbaa758b4cb13fc2) Importer(815301076,1909f56bfc062723c751e8b465ee728b)
Start importing Assets/TextMesh Pro/Examples & Extras/Textures/Floor Cement.jpg using Guid(283f897e4925411ebbaa758b4cb13fc2) Importer(815301076,1909f56bfc062723c751e8b465ee728b)  -> (artifact id: '962f3b57159b1ba8ecc9891a194e54ba') in 0.014887 seconds
Number of updated asset objects reloaded before import = 0
Number of asset objects unloaded after import = 2
========================================================================
Received Import Request.
  Time since last request: 0.000017 seconds.
  path: Assets/TextMesh Pro/Fonts/LiberationSans.ttf
  artifactKey: Guid(e3265ab4bf004d28a9537516768c1c75) Importer(815301076,1909f56bfc062723c751e8b465ee728b)
Start importing Assets/TextMesh Pro/Fonts/LiberationSans.ttf using Guid(e3265ab4bf004d28a9537516768c1c75) Importer(815301076,1909f56bfc062723c751e8b465ee728b)  -> (artifact id: '868ae7279cb8681e901fb13a12c8cb7e') in 0.017304 seconds
Number of updated asset objects reloaded before import = 0
Number of asset objects unloaded after import = 4
========================================================================
Received Import Request.
  Time since last request: 0.021297 seconds.
  path: Assets/TextMesh Pro/Examples & Extras/Fonts/Electronic Highway Sign.TTF
  artifactKey: Guid(8a2b9e2a607dd2143b58c44bc32410b4) Importer(815301076,1909f56bfc062723c751e8b465ee728b)
Start importing Assets/TextMesh Pro/Examples & Extras/Fonts/Electronic Highway Sign.TTF using Guid(8a2b9e2a607dd2143b58c44bc32410b4) Importer(815301076,1909f56bfc062723c751e8b465ee728b)  -> (artifact id: 'c7f305e02e39be85e2631c4793c8812a') in 0.015860 seconds
Number of updated asset objects reloaded before import = 0
Number of asset objects unloaded after import = 4
========================================================================
Received Prepare
Begin MonoManager ReloadAssembly
Symbol file LoadedFromMemory is not a mono symbol file
- Loaded All Assemblies, in  0.547 seconds
Refreshing native plugins compatible for Editor in 6.20 ms, found 3 plugins.
Native extension for WindowsStandalone target not found
Native extension for Android target not found
[Package Manager] Server::EnsureServerProcessIsRunning -- launch failed, reason: Unity was launched with the -noUpm command-line argument
[Package Manager] UpmClient::Send -- Unable to send message (not connected to UPM process).
[Package Manager] Cannot connect to Unity Package Manager local server
Mono: successfully reloaded assembly
- Finished resetting the current domain, in  1.396 seconds
Domain Reload Profiling: 1939ms
	BeginReloadAssembly (178ms)
		ExecutionOrderSort (0ms)
		DisableScriptedObjects (5ms)
		BackupInstance (0ms)
		ReleaseScriptingObjects (0ms)
		CreateAndSetChildDomain (46ms)
	RebuildCommonClasses (40ms)
	RebuildNativeTypeToScriptingClass (12ms)
	initialDomainReloadingComplete (39ms)
	LoadAllAssembliesAndSetupDomain (272ms)
		LoadAssemblies (341ms)
		RebuildTransferFunctionScriptingTraits (0ms)
		AnalyzeDomain (21ms)
			TypeCache.Refresh (8ms)
				TypeCache.ScanAssembly (0ms)
			ScanForSourceGeneratedMonoScriptInfo (0ms)
			ResolveRequiredComponents (11ms)
	FinalizeReload (1397ms)
		ReleaseScriptCaches (0ms)
		RebuildScriptCaches (0ms)
		SetupLoadedEditorAssemblies (675ms)
			LogAssemblyErrors (0ms)
			InitializePlatformSupportModulesInManaged (36ms)
			SetLoadedEditorAssemblies (7ms)
			RefreshPlugins (0ms)
			BeforeProcessingInitializeOnLoad (103ms)
			ProcessInitializeOnLoadAttributes (488ms)
			ProcessInitializeOnLoadMethodAttributes (31ms)
			AfterProcessingInitializeOnLoad (11ms)
			EditorAssembliesLoaded (0ms)
		ExecutionOrderSort2 (0ms)
		AwakeInstancesAfterBackupRestoration (10ms)
Refreshing native plugins compatible for Editor in 7.48 ms, found 3 plugins.
Preloading 0 native plugins for Editor in 0.00 ms.
Unloading 3807 Unused Serialized files (Serialized files now loaded: 0)
Unloading 38 unused Assets / (1.3 MB). Loaded Objects now: 4392.
Memory consumption went from 158.6 MB to 157.3 MB.
Total: 5.664700 ms (FindLiveObjects: 0.494100 ms CreateObjectMapping: 0.215700 ms MarkObjects: 4.448400 ms  DeleteObjects: 0.505300 ms)

Prepare: number of updated asset objects reloaded= 0
AssetImportParameters requested are different than current active one (requested -> active):
  custom:container-demuxer-ogg: 62fdf1f143b41e24485cea50d1cbac27 -> 
  custom:video-codec-MediaFoundation-h265: 746d11721c4dcdbdad8f713fa42b33f4 -> 
  custom:video-decoder-ogg-theora: a1e56fd34408186e4bbccfd4996cb3dc -> 
  custom:framework-win-MediaFoundation: 216162199b28c13a410421893ffa2e32 -> 
  custom:CustomObjectIndexerAttribute: 756ad292c208cfabdd7b50bc23989ffe -> 
  custom:container-demuxer-webm: 4f35f7cbe854078d1ac9338744f61a02 -> 
  custom:container-muxer-webm: aa71ff27fc2769a1b78a27578f13a17b -> 
  custom:video-decoder-webm-vp8: 9c59270c3fd7afecdb556c50c9e8de78 -> 
  custom:SearchIndexIgnoredProperties: e643bd26f0fe6173181afceb89e7c659 -> 
  custom:AudioImporter_EditorPlatform: d09bf68614088b80899f8185d706f6e7 -> 
  custom:video-encoder-webm-vp8: eb34c28f22e8b96e1ab97ce403110664 -> 
  custom:audio-decoder-ogg-vorbis: bf7c407c2cedff20999df2af8eb42d56 -> 
  custom:audio-encoder-webm-vorbis: bf7c407c2cedff20999df2af8eb42d56 -> 
  custom:scripting/monoscript/fileName/SimpleCameraController.cs: 9d5e45e836538af465ffb763b138c221 -> 639b45e76fa5fda920a92b90c69d9e74
========================================================================
Received Prepare
Begin MonoManager ReloadAssembly
Symbol file LoadedFromMemory is not a mono symbol file
- Loaded All Assemblies, in  0.598 seconds
Refreshing native plugins compatible for Editor in 5.46 ms, found 3 plugins.
Native extension for WindowsStandalone target not found
Native extension for Android target not found
[Package Manager] Server::EnsureServerProcessIsRunning -- launch failed, reason: Unity was launched with the -noUpm command-line argument
[Package Manager] UpmClient::Send -- Unable to send message (not connected to UPM process).
[Package Manager] Cannot connect to Unity Package Manager local server
Mono: successfully reloaded assembly
- Finished resetting the current domain, in  1.400 seconds
Domain Reload Profiling: 1993ms
	BeginReloadAssembly (188ms)
		ExecutionOrderSort (0ms)
		DisableScriptedObjects (6ms)
		BackupInstance (0ms)
		ReleaseScriptingObjects (0ms)
		CreateAndSetChildDomain (41ms)
	RebuildCommonClasses (44ms)
	RebuildNativeTypeToScriptingClass (13ms)
	initialDomainReloadingComplete (38ms)
	LoadAllAssembliesAndSetupDomain (311ms)
		LoadAssemblies (394ms)
		RebuildTransferFunctionScriptingTraits (0ms)
		AnalyzeDomain (20ms)
			TypeCache.Refresh (9ms)
				TypeCache.ScanAssembly (0ms)
			ScanForSourceGeneratedMonoScriptInfo (0ms)
			ResolveRequiredComponents (10ms)
	FinalizeReload (1401ms)
		ReleaseScriptCaches (0ms)
		RebuildScriptCaches (0ms)
		SetupLoadedEditorAssemblies (674ms)
			LogAssemblyErrors (0ms)
			InitializePlatformSupportModulesInManaged (36ms)
			SetLoadedEditorAssemblies (7ms)
			RefreshPlugins (0ms)
			BeforeProcessingInitializeOnLoad (101ms)
			ProcessInitializeOnLoadAttributes (487ms)
			ProcessInitializeOnLoadMethodAttributes (32ms)
			AfterProcessingInitializeOnLoad (11ms)
			EditorAssembliesLoaded (0ms)
		ExecutionOrderSort2 (0ms)
		AwakeInstancesAfterBackupRestoration (9ms)
Refreshing native plugins compatible for Editor in 5.69 ms, found 3 plugins.
Preloading 0 native plugins for Editor in 0.00 ms.
Unloading 3807 Unused Serialized files (Serialized files now loaded: 0)
Unloading 38 unused Assets / (1.3 MB). Loaded Objects now: 4407.
Memory consumption went from 160.6 MB to 159.2 MB.
Total: 5.653000 ms (FindLiveObjects: 0.447800 ms CreateObjectMapping: 0.281300 ms MarkObjects: 4.391100 ms  DeleteObjects: 0.530700 ms)

Prepare: number of updated asset objects reloaded= 0
AssetImportParameters requested are different than current active one (requested -> active):
  custom:container-demuxer-ogg: 62fdf1f143b41e24485cea50d1cbac27 -> 
  custom:video-codec-MediaFoundation-h265: 746d11721c4dcdbdad8f713fa42b33f4 -> 
  custom:video-decoder-ogg-theora: a1e56fd34408186e4bbccfd4996cb3dc -> 
  custom:framework-win-MediaFoundation: 216162199b28c13a410421893ffa2e32 -> 
  custom:CustomObjectIndexerAttribute: 756ad292c208cfabdd7b50bc23989ffe -> 
  custom:container-demuxer-webm: 4f35f7cbe854078d1ac9338744f61a02 -> 
  custom:container-muxer-webm: aa71ff27fc2769a1b78a27578f13a17b -> 
  custom:video-decoder-webm-vp8: 9c59270c3fd7afecdb556c50c9e8de78 -> 
  custom:SearchIndexIgnoredProperties: e643bd26f0fe6173181afceb89e7c659 -> 
  custom:AudioImporter_EditorPlatform: d09bf68614088b80899f8185d706f6e7 -> 
  custom:video-encoder-webm-vp8: eb34c28f22e8b96e1ab97ce403110664 -> 
  custom:audio-decoder-ogg-vorbis: bf7c407c2cedff20999df2af8eb42d56 -> 
  custom:audio-encoder-webm-vorbis: bf7c407c2cedff20999df2af8eb42d56 -> 
  custom:scripting/monoscript/fileName/SimpleCameraController.cs: 9d5e45e836538af465ffb763b138c221 -> 639b45e76fa5fda920a92b90c69d9e74
========================================================================
Received Prepare
Begin MonoManager ReloadAssembly
Symbol file LoadedFromMemory is not a mono symbol file
- Loaded All Assemblies, in  0.566 seconds
Refreshing native plugins compatible for Editor in 5.75 ms, found 3 plugins.
Native extension for WindowsStandalone target not found
Native extension for Android target not found
[Package Manager] Server::EnsureServerProcessIsRunning -- launch failed, reason: Unity was launched with the -noUpm command-line argument
[Package Manager] UpmClient::Send -- Unable to send message (not connected to UPM process).
[Package Manager] Cannot connect to Unity Package Manager local server
Mono: successfully reloaded assembly
- Finished resetting the current domain, in  1.453 seconds
Domain Reload Profiling: 2016ms
	BeginReloadAssembly (200ms)
		ExecutionOrderSort (0ms)
		DisableScriptedObjects (5ms)
		BackupInstance (0ms)
		ReleaseScriptingObjects (0ms)
		CreateAndSetChildDomain (55ms)
	RebuildCommonClasses (43ms)
	RebuildNativeTypeToScriptingClass (15ms)
	initialDomainReloadingComplete (45ms)
	LoadAllAssembliesAndSetupDomain (259ms)
		LoadAssemblies (339ms)
		RebuildTransferFunctionScriptingTraits (0ms)
		AnalyzeDomain (18ms)
			TypeCache.Refresh (6ms)
				TypeCache.ScanAssembly (0ms)
			ScanForSourceGeneratedMonoScriptInfo (0ms)
			ResolveRequiredComponents (10ms)
	FinalizeReload (1454ms)
		ReleaseScriptCaches (0ms)
		RebuildScriptCaches (0ms)
		SetupLoadedEditorAssemblies (724ms)
			LogAssemblyErrors (0ms)
			InitializePlatformSupportModulesInManaged (42ms)
			SetLoadedEditorAssemblies (7ms)
			RefreshPlugins (0ms)
			BeforeProcessingInitializeOnLoad (106ms)
			ProcessInitializeOnLoadAttributes (518ms)
			ProcessInitializeOnLoadMethodAttributes (40ms)
			AfterProcessingInitializeOnLoad (11ms)
			EditorAssembliesLoaded (0ms)
		ExecutionOrderSort2 (0ms)
		AwakeInstancesAfterBackupRestoration (9ms)
Refreshing native plugins compatible for Editor in 5.91 ms, found 3 plugins.
Preloading 0 native plugins for Editor in 0.00 ms.
Unloading 3807 Unused Serialized files (Serialized files now loaded: 0)
Unloading 38 unused Assets / (1.3 MB). Loaded Objects now: 4422.
Memory consumption went from 162.5 MB to 161.2 MB.
Total: 4.673400 ms (FindLiveObjects: 0.411600 ms CreateObjectMapping: 0.218200 ms MarkObjects: 3.595800 ms  DeleteObjects: 0.446500 ms)

Prepare: number of updated asset objects reloaded= 0
AssetImportParameters requested are different than current active one (requested -> active):
  custom:container-demuxer-ogg: 62fdf1f143b41e24485cea50d1cbac27 -> 
  custom:video-codec-MediaFoundation-h265: 746d11721c4dcdbdad8f713fa42b33f4 -> 
  custom:video-decoder-ogg-theora: a1e56fd34408186e4bbccfd4996cb3dc -> 
  custom:framework-win-MediaFoundation: 216162199b28c13a410421893ffa2e32 -> 
  custom:CustomObjectIndexerAttribute: 756ad292c208cfabdd7b50bc23989ffe -> 
  custom:container-demuxer-webm: 4f35f7cbe854078d1ac9338744f61a02 -> 
  custom:container-muxer-webm: aa71ff27fc2769a1b78a27578f13a17b -> 
  custom:video-decoder-webm-vp8: 9c59270c3fd7afecdb556c50c9e8de78 -> 
  custom:SearchIndexIgnoredProperties: e643bd26f0fe6173181afceb89e7c659 -> 
  custom:AudioImporter_EditorPlatform: d09bf68614088b80899f8185d706f6e7 -> 
  custom:video-encoder-webm-vp8: eb34c28f22e8b96e1ab97ce403110664 -> 
  custom:audio-decoder-ogg-vorbis: bf7c407c2cedff20999df2af8eb42d56 -> 
  custom:audio-encoder-webm-vorbis: bf7c407c2cedff20999df2af8eb42d56 -> 
  custom:scripting/monoscript/fileName/SimpleCameraController.cs: 9d5e45e836538af465ffb763b138c221 -> 639b45e76fa5fda920a92b90c69d9e74
========================================================================
Received Prepare
Begin MonoManager ReloadAssembly
Symbol file LoadedFromMemory is not a mono symbol file
- Loaded All Assemblies, in  0.690 seconds
Refreshing native plugins compatible for Editor in 6.79 ms, found 3 plugins.
Native extension for WindowsStandalone target not found
Native extension for Android target not found
[Package Manager] Server::EnsureServerProcessIsRunning -- launch failed, reason: Unity was launched with the -noUpm command-line argument
[Package Manager] UpmClient::Send -- Unable to send message (not connected to UPM process).
[Package Manager] Cannot connect to Unity Package Manager local server
Mono: successfully reloaded assembly
- Finished resetting the current domain, in  1.455 seconds
Domain Reload Profiling: 2142ms
	BeginReloadAssembly (204ms)
		ExecutionOrderSort (0ms)
		DisableScriptedObjects (7ms)
		BackupInstance (0ms)
		ReleaseScriptingObjects (0ms)
		CreateAndSetChildDomain (55ms)
	RebuildCommonClasses (44ms)
	RebuildNativeTypeToScriptingClass (15ms)
	initialDomainReloadingComplete (40ms)
	LoadAllAssembliesAndSetupDomain (383ms)
		LoadAssemblies (461ms)
		RebuildTransferFunctionScriptingTraits (0ms)
		AnalyzeDomain (21ms)
			TypeCache.Refresh (9ms)
				TypeCache.ScanAssembly (0ms)
			ScanForSourceGeneratedMonoScriptInfo (0ms)
			ResolveRequiredComponents (10ms)
	FinalizeReload (1456ms)
		ReleaseScriptCaches (0ms)
		RebuildScriptCaches (0ms)
		SetupLoadedEditorAssemblies (693ms)
			LogAssemblyErrors (0ms)
			InitializePlatformSupportModulesInManaged (36ms)
			SetLoadedEditorAssemblies (5ms)
			RefreshPlugins (0ms)
			BeforeProcessingInitializeOnLoad (103ms)
			ProcessInitializeOnLoadAttributes (498ms)
			ProcessInitializeOnLoadMethodAttributes (39ms)
			AfterProcessingInitializeOnLoad (12ms)
			EditorAssembliesLoaded (0ms)
		ExecutionOrderSort2 (0ms)
		AwakeInstancesAfterBackupRestoration (9ms)
Refreshing native plugins compatible for Editor in 5.35 ms, found 3 plugins.
Preloading 0 native plugins for Editor in 0.00 ms.
Unloading 3807 Unused Serialized files (Serialized files now loaded: 0)
Unloading 38 unused Assets / (1.3 MB). Loaded Objects now: 4437.
Memory consumption went from 164.5 MB to 163.1 MB.
Total: 5.409400 ms (FindLiveObjects: 0.414300 ms CreateObjectMapping: 0.136400 ms MarkObjects: 4.466100 ms  DeleteObjects: 0.390900 ms)

Prepare: number of updated asset objects reloaded= 0
AssetImportParameters requested are different than current active one (requested -> active):
  custom:container-demuxer-ogg: 62fdf1f143b41e24485cea50d1cbac27 -> 
  custom:video-codec-MediaFoundation-h265: 746d11721c4dcdbdad8f713fa42b33f4 -> 
  custom:video-decoder-ogg-theora: a1e56fd34408186e4bbccfd4996cb3dc -> 
  custom:framework-win-MediaFoundation: 216162199b28c13a410421893ffa2e32 -> 
  custom:CustomObjectIndexerAttribute: 756ad292c208cfabdd7b50bc23989ffe -> 
  custom:container-demuxer-webm: 4f35f7cbe854078d1ac9338744f61a02 -> 
  custom:container-muxer-webm: aa71ff27fc2769a1b78a27578f13a17b -> 
  custom:video-decoder-webm-vp8: 9c59270c3fd7afecdb556c50c9e8de78 -> 
  custom:SearchIndexIgnoredProperties: e643bd26f0fe6173181afceb89e7c659 -> 
  custom:AudioImporter_EditorPlatform: d09bf68614088b80899f8185d706f6e7 -> 
  custom:video-encoder-webm-vp8: eb34c28f22e8b96e1ab97ce403110664 -> 
  custom:audio-decoder-ogg-vorbis: bf7c407c2cedff20999df2af8eb42d56 -> 
  custom:audio-encoder-webm-vorbis: bf7c407c2cedff20999df2af8eb42d56 -> 
  custom:scripting/monoscript/fileName/SimpleCameraController.cs: 9d5e45e836538af465ffb763b138c221 -> 639b45e76fa5fda920a92b90c69d9e74
========================================================================
Received Prepare
Begin MonoManager ReloadAssembly
Symbol file LoadedFromMemory is not a mono symbol file
- Loaded All Assemblies, in  0.532 seconds
Refreshing native plugins compatible for Editor in 5.24 ms, found 3 plugins.
Native extension for WindowsStandalone target not found
Native extension for Android target not found
[Package Manager] Server::EnsureServerProcessIsRunning -- launch failed, reason: Unity was launched with the -noUpm command-line argument
[Package Manager] UpmClient::Send -- Unable to send message (not connected to UPM process).
[Package Manager] Cannot connect to Unity Package Manager local server
Mono: successfully reloaded assembly
- Finished resetting the current domain, in  1.326 seconds
Domain Reload Profiling: 1855ms
	BeginReloadAssembly (181ms)
		ExecutionOrderSort (0ms)
		DisableScriptedObjects (6ms)
		BackupInstance (0ms)
		ReleaseScriptingObjects (0ms)
		CreateAndSetChildDomain (36ms)
	RebuildCommonClasses (49ms)
	RebuildNativeTypeToScriptingClass (12ms)
	initialDomainReloadingComplete (41ms)
	LoadAllAssembliesAndSetupDomain (245ms)
		LoadAssemblies (329ms)
		RebuildTransferFunctionScriptingTraits (0ms)
		AnalyzeDomain (15ms)
			TypeCache.Refresh (6ms)
				TypeCache.ScanAssembly (0ms)
			ScanForSourceGeneratedMonoScriptInfo (0ms)
			ResolveRequiredComponents (7ms)
	FinalizeReload (1327ms)
		ReleaseScriptCaches (0ms)
		RebuildScriptCaches (0ms)
		SetupLoadedEditorAssemblies (671ms)
			LogAssemblyErrors (0ms)
			InitializePlatformSupportModulesInManaged (33ms)
			SetLoadedEditorAssemblies (6ms)
			RefreshPlugins (0ms)
			BeforeProcessingInitializeOnLoad (106ms)
			ProcessInitializeOnLoadAttributes (487ms)
			ProcessInitializeOnLoadMethodAttributes (28ms)
			AfterProcessingInitializeOnLoad (10ms)
			EditorAssembliesLoaded (0ms)
		ExecutionOrderSort2 (0ms)
		AwakeInstancesAfterBackupRestoration (9ms)
Refreshing native plugins compatible for Editor in 6.53 ms, found 3 plugins.
Preloading 0 native plugins for Editor in 0.00 ms.
Unloading 3807 Unused Serialized files (Serialized files now loaded: 0)
Unloading 38 unused Assets / (1.3 MB). Loaded Objects now: 4452.
Memory consumption went from 166.4 MB to 165.1 MB.
Total: 7.102700 ms (FindLiveObjects: 0.591900 ms CreateObjectMapping: 0.293700 ms MarkObjects: 5.751100 ms  DeleteObjects: 0.464700 ms)

Prepare: number of updated asset objects reloaded= 0
AssetImportParameters requested are different than current active one (requested -> active):
  custom:container-demuxer-ogg: 62fdf1f143b41e24485cea50d1cbac27 -> 
  custom:video-codec-MediaFoundation-h265: 746d11721c4dcdbdad8f713fa42b33f4 -> 
  custom:video-decoder-ogg-theora: a1e56fd34408186e4bbccfd4996cb3dc -> 
  custom:framework-win-MediaFoundation: 216162199b28c13a410421893ffa2e32 -> 
  custom:CustomObjectIndexerAttribute: 756ad292c208cfabdd7b50bc23989ffe -> 
  custom:container-demuxer-webm: 4f35f7cbe854078d1ac9338744f61a02 -> 
  custom:container-muxer-webm: aa71ff27fc2769a1b78a27578f13a17b -> 
  custom:video-decoder-webm-vp8: 9c59270c3fd7afecdb556c50c9e8de78 -> 
  custom:SearchIndexIgnoredProperties: e643bd26f0fe6173181afceb89e7c659 -> 
  custom:AudioImporter_EditorPlatform: d09bf68614088b80899f8185d706f6e7 -> 
  custom:video-encoder-webm-vp8: eb34c28f22e8b96e1ab97ce403110664 -> 
  custom:audio-decoder-ogg-vorbis: bf7c407c2cedff20999df2af8eb42d56 -> 
  custom:audio-encoder-webm-vorbis: bf7c407c2cedff20999df2af8eb42d56 -> 
  custom:scripting/monoscript/fileName/SimpleCameraController.cs: 9d5e45e836538af465ffb763b138c221 -> 639b45e76fa5fda920a92b90c69d9e74
========================================================================
Received Prepare
Begin MonoManager ReloadAssembly
Symbol file LoadedFromMemory is not a mono symbol file
- Loaded All Assemblies, in  0.552 seconds
Refreshing native plugins compatible for Editor in 4.84 ms, found 3 plugins.
Native extension for WindowsStandalone target not found
Native extension for Android target not found
[Package Manager] Server::EnsureServerProcessIsRunning -- launch failed, reason: Unity was launched with the -noUpm command-line argument
[Package Manager] UpmClient::Send -- Unable to send message (not connected to UPM process).
[Package Manager] Cannot connect to Unity Package Manager local server
Mono: successfully reloaded assembly
- Finished resetting the current domain, in  1.285 seconds
Domain Reload Profiling: 1832ms
	BeginReloadAssembly (188ms)
		ExecutionOrderSort (0ms)
		DisableScriptedObjects (5ms)
		BackupInstance (0ms)
		ReleaseScriptingObjects (0ms)
		CreateAndSetChildDomain (42ms)
	RebuildCommonClasses (38ms)
	RebuildNativeTypeToScriptingClass (13ms)
	initialDomainReloadingComplete (36ms)
	LoadAllAssembliesAndSetupDomain (272ms)
		LoadAssemblies (359ms)
		RebuildTransferFunctionScriptingTraits (0ms)
		AnalyzeDomain (15ms)
			TypeCache.Refresh (6ms)
				TypeCache.ScanAssembly (0ms)
			ScanForSourceGeneratedMonoScriptInfo (0ms)
			ResolveRequiredComponents (7ms)
	FinalizeReload (1286ms)
		ReleaseScriptCaches (0ms)
		RebuildScriptCaches (0ms)
		SetupLoadedEditorAssemblies (666ms)
			LogAssemblyErrors (0ms)
			InitializePlatformSupportModulesInManaged (34ms)
			SetLoadedEditorAssemblies (7ms)
			RefreshPlugins (0ms)
			BeforeProcessingInitializeOnLoad (102ms)
			ProcessInitializeOnLoadAttributes (480ms)
			ProcessInitializeOnLoadMethodAttributes (32ms)
			AfterProcessingInitializeOnLoad (12ms)
			EditorAssembliesLoaded (0ms)
		ExecutionOrderSort2 (0ms)
		AwakeInstancesAfterBackupRestoration (8ms)
Refreshing native plugins compatible for Editor in 6.31 ms, found 3 plugins.
Preloading 0 native plugins for Editor in 0.00 ms.
Unloading 3807 Unused Serialized files (Serialized files now loaded: 0)
Unloading 38 unused Assets / (1.3 MB). Loaded Objects now: 4467.
Memory consumption went from 168.4 MB to 167.0 MB.
Total: 5.785800 ms (FindLiveObjects: 0.654100 ms CreateObjectMapping: 0.291700 ms MarkObjects: 4.374800 ms  DeleteObjects: 0.463600 ms)

Prepare: number of updated asset objects reloaded= 0
AssetImportParameters requested are different than current active one (requested -> active):
  custom:container-demuxer-ogg: 62fdf1f143b41e24485cea50d1cbac27 -> 
  custom:video-codec-MediaFoundation-h265: 746d11721c4dcdbdad8f713fa42b33f4 -> 
  custom:video-decoder-ogg-theora: a1e56fd34408186e4bbccfd4996cb3dc -> 
  custom:framework-win-MediaFoundation: 216162199b28c13a410421893ffa2e32 -> 
  custom:CustomObjectIndexerAttribute: 756ad292c208cfabdd7b50bc23989ffe -> 
  custom:container-demuxer-webm: 4f35f7cbe854078d1ac9338744f61a02 -> 
  custom:container-muxer-webm: aa71ff27fc2769a1b78a27578f13a17b -> 
  custom:video-decoder-webm-vp8: 9c59270c3fd7afecdb556c50c9e8de78 -> 
  custom:SearchIndexIgnoredProperties: e643bd26f0fe6173181afceb89e7c659 -> 
  custom:AudioImporter_EditorPlatform: d09bf68614088b80899f8185d706f6e7 -> 
  custom:video-encoder-webm-vp8: eb34c28f22e8b96e1ab97ce403110664 -> 
  custom:audio-decoder-ogg-vorbis: bf7c407c2cedff20999df2af8eb42d56 -> 
  custom:audio-encoder-webm-vorbis: bf7c407c2cedff20999df2af8eb42d56 -> 
  custom:scripting/monoscript/fileName/SimpleCameraController.cs: 9d5e45e836538af465ffb763b138c221 -> 639b45e76fa5fda920a92b90c69d9e74
========================================================================
Received Prepare
Begin MonoManager ReloadAssembly
Symbol file LoadedFromMemory is not a mono symbol file
- Loaded All Assemblies, in  0.539 seconds
Refreshing native plugins compatible for Editor in 5.28 ms, found 3 plugins.
Native extension for WindowsStandalone target not found
Native extension for Android target not found
[Package Manager] Server::EnsureServerProcessIsRunning -- launch failed, reason: Unity was launched with the -noUpm command-line argument
[Package Manager] UpmClient::Send -- Unable to send message (not connected to UPM process).
[Package Manager] Cannot connect to Unity Package Manager local server
Mono: successfully reloaded assembly
- Finished resetting the current domain, in  1.362 seconds
Domain Reload Profiling: 1898ms
	BeginReloadAssembly (183ms)
		ExecutionOrderSort (0ms)
		DisableScriptedObjects (6ms)
		BackupInstance (0ms)
		ReleaseScriptingObjects (0ms)
		CreateAndSetChildDomain (44ms)
	RebuildCommonClasses (42ms)
	RebuildNativeTypeToScriptingClass (15ms)
	initialDomainReloadingComplete (34ms)
	LoadAllAssembliesAndSetupDomain (261ms)
		LoadAssemblies (341ms)
		RebuildTransferFunctionScriptingTraits (0ms)
		AnalyzeDomain (16ms)
			TypeCache.Refresh (7ms)
				TypeCache.ScanAssembly (0ms)
			ScanForSourceGeneratedMonoScriptInfo (0ms)
			ResolveRequiredComponents (7ms)
	FinalizeReload (1362ms)
		ReleaseScriptCaches (0ms)
		RebuildScriptCaches (0ms)
		SetupLoadedEditorAssemblies (699ms)
			LogAssemblyErrors (0ms)
			InitializePlatformSupportModulesInManaged (37ms)
			SetLoadedEditorAssemblies (6ms)
			RefreshPlugins (0ms)
			BeforeProcessingInitializeOnLoad (102ms)
			ProcessInitializeOnLoadAttributes (502ms)
			ProcessInitializeOnLoadMethodAttributes (39ms)
			AfterProcessingInitializeOnLoad (13ms)
			EditorAssembliesLoaded (0ms)
		ExecutionOrderSort2 (0ms)
		AwakeInstancesAfterBackupRestoration (10ms)
Refreshing native plugins compatible for Editor in 6.32 ms, found 3 plugins.
Preloading 0 native plugins for Editor in 0.00 ms.
Unloading 3807 Unused Serialized files (Serialized files now loaded: 0)
Unloading 38 unused Assets / (1.3 MB). Loaded Objects now: 4482.
Memory consumption went from 170.3 MB to 169.0 MB.
Total: 5.233900 ms (FindLiveObjects: 0.406000 ms CreateObjectMapping: 0.174100 ms MarkObjects: 4.292600 ms  DeleteObjects: 0.359100 ms)

Prepare: number of updated asset objects reloaded= 0
AssetImportParameters requested are different than current active one (requested -> active):
  custom:container-demuxer-ogg: 62fdf1f143b41e24485cea50d1cbac27 -> 
  custom:video-codec-MediaFoundation-h265: 746d11721c4dcdbdad8f713fa42b33f4 -> 
  custom:video-decoder-ogg-theora: a1e56fd34408186e4bbccfd4996cb3dc -> 
  custom:framework-win-MediaFoundation: 216162199b28c13a410421893ffa2e32 -> 
  custom:CustomObjectIndexerAttribute: 756ad292c208cfabdd7b50bc23989ffe -> 
  custom:container-demuxer-webm: 4f35f7cbe854078d1ac9338744f61a02 -> 
  custom:container-muxer-webm: aa71ff27fc2769a1b78a27578f13a17b -> 
  custom:video-decoder-webm-vp8: 9c59270c3fd7afecdb556c50c9e8de78 -> 
  custom:SearchIndexIgnoredProperties: e643bd26f0fe6173181afceb89e7c659 -> 
  custom:AudioImporter_EditorPlatform: d09bf68614088b80899f8185d706f6e7 -> 
  custom:video-encoder-webm-vp8: eb34c28f22e8b96e1ab97ce403110664 -> 
  custom:audio-decoder-ogg-vorbis: bf7c407c2cedff20999df2af8eb42d56 -> 
  custom:audio-encoder-webm-vorbis: bf7c407c2cedff20999df2af8eb42d56 -> 
  custom:scripting/monoscript/fileName/SimpleCameraController.cs: 9d5e45e836538af465ffb763b138c221 -> 639b45e76fa5fda920a92b90c69d9e74
========================================================================
Received Import Request.
  Time since last request: 862.312743 seconds.
  path: Assets/Visual/3D Models/PolygonSciFiCity/Materials/Misc/Glass_01_Jar.mat
  artifactKey: Guid(2caa64181f9513e4f97224fd556f3006) Importer(815301076,1909f56bfc062723c751e8b465ee728b)
Start importing Assets/Visual/3D Models/PolygonSciFiCity/Materials/Misc/Glass_01_Jar.mat using Guid(2caa64181f9513e4f97224fd556f3006) Importer(815301076,1909f56bfc062723c751e8b465ee728b)  -> (artifact id: '5b2c45847b85800abf8f4881e213b3c6') in 0.128547 seconds
Number of updated asset objects reloaded before import = 0
Number of asset objects unloaded after import = 2
========================================================================
Received Import Request.
  Time since last request: 0.000020 seconds.
  path: Assets/Visual/3D Models/PolygonSciFiCity/Materials/Misc/Glass_Vehicles.mat
  artifactKey: Guid(71667d7801729984ab543f565586bab6) Importer(815301076,1909f56bfc062723c751e8b465ee728b)
Start importing Assets/Visual/3D Models/PolygonSciFiCity/Materials/Misc/Glass_Vehicles.mat using Guid(71667d7801729984ab543f565586bab6) Importer(815301076,1909f56bfc062723c751e8b465ee728b)  -> (artifact id: '21ae0303426bc8d88e1c70a6dd789cdd') in 0.009828 seconds
Number of updated asset objects reloaded before import = 0
Number of asset objects unloaded after import = 1
========================================================================
Received Import Request.
  Time since last request: 0.000016 seconds.
  path: Assets/Visual/3D Models/PolygonApocalypse/Materials/Misc/PolygonApocalypse_Material_Glass_01.mat
  artifactKey: Guid(a9dbb0aba97b90747a297c5086113594) Importer(815301076,1909f56bfc062723c751e8b465ee728b)
Start importing Assets/Visual/3D Models/PolygonApocalypse/Materials/Misc/PolygonApocalypse_Material_Glass_01.mat using Guid(a9dbb0aba97b90747a297c5086113594) Importer(815301076,1909f56bfc062723c751e8b465ee728b)  -> (artifact id: '9d880ee3b2987b1509130dcabc110618') in 0.029848 seconds
Number of updated asset objects reloaded before import = 0
Number of asset objects unloaded after import = 2
========================================================================
Received Import Request.
  Time since last request: 0.000023 seconds.
  path: Assets/TextMesh Pro/Resources/Fonts & Materials/LiberationSans SDF - Fallback.asset
  artifactKey: Guid(2e498d1c8094910479dc3e1b768306a4) Importer(815301076,1909f56bfc062723c751e8b465ee728b)
Start importing Assets/TextMesh Pro/Resources/Fonts & Materials/LiberationSans SDF - Fallback.asset using Guid(2e498d1c8094910479dc3e1b768306a4) Importer(815301076,1909f56bfc062723c751e8b465ee728b)  -> (artifact id: '025c4b354585c18e90e1659460530dc1') in 0.034888 seconds
Number of updated asset objects reloaded before import = 0
Number of asset objects unloaded after import = 6
========================================================================
Received Import Request.
  Time since last request: 0.000026 seconds.
  path: Assets/Visual/3D Models/PolygonSciFiCity/Models/SM_Bld_Bank_01.fbx
  artifactKey: Guid(b868092dcc1d8c54daf867db4c9e5065) Importer(815301076,1909f56bfc062723c751e8b465ee728b)
Start importing Assets/Visual/3D Models/PolygonSciFiCity/Models/SM_Bld_Bank_01.fbx using Guid(b868092dcc1d8c54daf867db4c9e5065) Importer(815301076,1909f56bfc062723c751e8b465ee728b)  -> (artifact id: 'c0acb44ac3043457517e953e6d09c6ab') in 0.085091 seconds
Number of updated asset objects reloaded before import = 0
Number of asset objects unloaded after import = 32
========================================================================
Received Import Request.
  Time since last request: 0.000019 seconds.
  path: Assets/Visual/3D Models/PolygonApocalypse/Materials/Misc/PolygonApocalypse_Veh_Glass.mat
  artifactKey: Guid(569d56bd8be49434a947c7238e1bf4e9) Importer(815301076,1909f56bfc062723c751e8b465ee728b)
Start importing Assets/Visual/3D Models/PolygonApocalypse/Materials/Misc/PolygonApocalypse_Veh_Glass.mat using Guid(569d56bd8be49434a947c7238e1bf4e9) Importer(815301076,1909f56bfc062723c751e8b465ee728b)  -> (artifact id: '76f3949304d17f479ecc19ee7aff905c') in 0.011855 seconds
Number of updated asset objects reloaded before import = 0
Number of asset objects unloaded after import = 2
========================================================================
Received Import Request.
  Time since last request: 0.000014 seconds.
  path: Assets/Visual/3D Models/PolygonApocalypse/Models/SM_Bld_HighRise_Medium_01_Base_01.fbx
  artifactKey: Guid(e19123443651f634abc1d0e93fcd9f26) Importer(815301076,1909f56bfc062723c751e8b465ee728b)
Start importing Assets/Visual/3D Models/PolygonApocalypse/Models/SM_Bld_HighRise_Medium_01_Base_01.fbx using Guid(e19123443651f634abc1d0e93fcd9f26) Importer(815301076,1909f56bfc062723c751e8b465ee728b)  -> (artifact id: 'e824f61c23d2e2817cfe72f49499f0b9') in 0.030667 seconds
Number of updated asset objects reloaded before import = 0
Number of asset objects unloaded after import = 17
========================================================================
Received Import Request.
  Time since last request: 0.000019 seconds.
  path: Assets/Visual/3D Models/PolygonApocalypse/Models/SM_Bld_House_02.fbx
  artifactKey: Guid(722e137c12122384094f23ad42534faf) Importer(815301076,1909f56bfc062723c751e8b465ee728b)
Start importing Assets/Visual/3D Models/PolygonApocalypse/Models/SM_Bld_House_02.fbx using Guid(722e137c12122384094f23ad42534faf) Importer(815301076,1909f56bfc062723c751e8b465ee728b)  -> (artifact id: 'a12c8fbfb4321b110929649e3e656d66') in 0.022753 seconds
Number of updated asset objects reloaded before import = 0
Number of asset objects unloaded after import = 12
========================================================================
Received Import Request.
  Time since last request: 0.000016 seconds.
  path: Assets/Visual/3D Models/PolygonApocalypse/Models/SM_Bld_Commercial_Medium_01.fbx
  artifactKey: Guid(d1f90ed850da8ba42aa4042dacdd71cf) Importer(815301076,1909f56bfc062723c751e8b465ee728b)
Start importing Assets/Visual/3D Models/PolygonApocalypse/Models/SM_Bld_Commercial_Medium_01.fbx using Guid(d1f90ed850da8ba42aa4042dacdd71cf) Importer(815301076,1909f56bfc062723c751e8b465ee728b)  -> (artifact id: 'c19480bb8ad4eb43d9b0343babd23301') in 0.053434 seconds
Number of updated asset objects reloaded before import = 0
Number of asset objects unloaded after import = 22
========================================================================
Received Import Request.
  Time since last request: 0.000018 seconds.
  path: Assets/Visual/3D Models/PolygonApocalypse/Models/SM_Bld_AutoRepair_01.fbx
  artifactKey: Guid(6d9d40e4d0a2f4f43a91b68900f2cf3a) Importer(815301076,1909f56bfc062723c751e8b465ee728b)
Start importing Assets/Visual/3D Models/PolygonApocalypse/Models/SM_Bld_AutoRepair_01.fbx using Guid(6d9d40e4d0a2f4f43a91b68900f2cf3a) Importer(815301076,1909f56bfc062723c751e8b465ee728b)  -> (artifact id: '3306d215c09435fa7b7b48f334662792') in 0.048876 seconds
Number of updated asset objects reloaded before import = 0
Number of asset objects unloaded after import = 27
========================================================================
Received Import Request.
  Time since last request: 0.000025 seconds.
  path: Assets/Visual/3D Models/PolygonApocalypse/Models/SM_Bld_HighRise_Medium_01.fbx
  artifactKey: Guid(19f57c958df2c074a930af6138da034f) Importer(815301076,1909f56bfc062723c751e8b465ee728b)
Start importing Assets/Visual/3D Models/PolygonApocalypse/Models/SM_Bld_HighRise_Medium_01.fbx using Guid(19f57c958df2c074a930af6138da034f) Importer(815301076,1909f56bfc062723c751e8b465ee728b)  -> (artifact id: 'fb39157e4046ed3cb777f0d09412b3f5') in 0.047564 seconds
Number of updated asset objects reloaded before import = 0
Number of asset objects unloaded after import = 32
========================================================================
Received Import Request.
  Time since last request: 0.000019 seconds.
  path: Assets/Visual/3D Models/PolygonApocalypse/Models/SM_Bld_Apartment_01.fbx
  artifactKey: Guid(a1044246125b40a41960e22db276fea2) Importer(815301076,1909f56bfc062723c751e8b465ee728b)
Start importing Assets/Visual/3D Models/PolygonApocalypse/Models/SM_Bld_Apartment_01.fbx using Guid(a1044246125b40a41960e22db276fea2) Importer(815301076,1909f56bfc062723c751e8b465ee728b)  -> (artifact id: '432e04d696912aac6edea1d56b9cd121') in 0.021660 seconds
Number of updated asset objects reloaded before import = 0
Number of asset objects unloaded after import = 12
========================================================================
Received Prepare
Begin MonoManager ReloadAssembly
Symbol file LoadedFromMemory is not a mono symbol file
- Loaded All Assemblies, in  0.603 seconds
Refreshing native plugins compatible for Editor in 4.68 ms, found 3 plugins.
Native extension for WindowsStandalone target not found
Native extension for Android target not found
[Package Manager] Server::EnsureServerProcessIsRunning -- launch failed, reason: Unity was launched with the -noUpm command-line argument
[Package Manager] UpmClient::Send -- Unable to send message (not connected to UPM process).
[Package Manager] Cannot connect to Unity Package Manager local server
Mono: successfully reloaded assembly
- Finished resetting the current domain, in  1.679 seconds
Domain Reload Profiling: 2278ms
	BeginReloadAssembly (206ms)
		ExecutionOrderSort (0ms)
		DisableScriptedObjects (7ms)
		BackupInstance (0ms)
		ReleaseScriptingObjects (0ms)
		CreateAndSetChildDomain (48ms)
	RebuildCommonClasses (47ms)
	RebuildNativeTypeToScriptingClass (17ms)
	initialDomainReloadingComplete (44ms)
	LoadAllAssembliesAndSetupDomain (285ms)
		LoadAssemblies (379ms)
		RebuildTransferFunctionScriptingTraits (0ms)
		AnalyzeDomain (17ms)
			TypeCache.Refresh (6ms)
				TypeCache.ScanAssembly (0ms)
			ScanForSourceGeneratedMonoScriptInfo (0ms)
			ResolveRequiredComponents (8ms)
	FinalizeReload (1679ms)
		ReleaseScriptCaches (0ms)
		RebuildScriptCaches (0ms)
		SetupLoadedEditorAssemblies (894ms)
			LogAssemblyErrors (0ms)
			InitializePlatformSupportModulesInManaged (44ms)
			SetLoadedEditorAssemblies (7ms)
			RefreshPlugins (0ms)
			BeforeProcessingInitializeOnLoad (110ms)
			ProcessInitializeOnLoadAttributes (681ms)
			ProcessInitializeOnLoadMethodAttributes (38ms)
			AfterProcessingInitializeOnLoad (13ms)
			EditorAssembliesLoaded (1ms)
		ExecutionOrderSort2 (0ms)
		AwakeInstancesAfterBackupRestoration (10ms)
Refreshing native plugins compatible for Editor in 6.66 ms, found 3 plugins.
Preloading 0 native plugins for Editor in 0.00 ms.
Unloading 3807 Unused Serialized files (Serialized files now loaded: 0)
Unloading 38 unused Assets / (1.3 MB). Loaded Objects now: 4497.
Memory consumption went from 172.5 MB to 171.1 MB.
Total: 5.523400 ms (FindLiveObjects: 0.662400 ms CreateObjectMapping: 0.228200 ms MarkObjects: 4.334400 ms  DeleteObjects: 0.296900 ms)

Prepare: number of updated asset objects reloaded= 0
AssetImportParameters requested are different than current active one (requested -> active):
  custom:container-demuxer-ogg: 62fdf1f143b41e24485cea50d1cbac27 -> 
  custom:video-codec-MediaFoundation-h265: 746d11721c4dcdbdad8f713fa42b33f4 -> 
  custom:video-decoder-ogg-theora: a1e56fd34408186e4bbccfd4996cb3dc -> 
  custom:framework-win-MediaFoundation: 216162199b28c13a410421893ffa2e32 -> 
  custom:CustomObjectIndexerAttribute: 756ad292c208cfabdd7b50bc23989ffe -> 
  custom:container-demuxer-webm: 4f35f7cbe854078d1ac9338744f61a02 -> 
  custom:container-muxer-webm: aa71ff27fc2769a1b78a27578f13a17b -> 
  custom:video-decoder-webm-vp8: 9c59270c3fd7afecdb556c50c9e8de78 -> 
  custom:SearchIndexIgnoredProperties: e643bd26f0fe6173181afceb89e7c659 -> 
  custom:AudioImporter_EditorPlatform: d09bf68614088b80899f8185d706f6e7 -> 
  custom:video-encoder-webm-vp8: eb34c28f22e8b96e1ab97ce403110664 -> 
  custom:audio-decoder-ogg-vorbis: bf7c407c2cedff20999df2af8eb42d56 -> 
  custom:audio-encoder-webm-vorbis: bf7c407c2cedff20999df2af8eb42d56 -> 
  custom:scripting/monoscript/fileName/SimpleCameraController.cs: 9d5e45e836538af465ffb763b138c221 -> 639b45e76fa5fda920a92b90c69d9e74
========================================================================
Received Prepare
Begin MonoManager ReloadAssembly
Symbol file LoadedFromMemory is not a mono symbol file
- Loaded All Assemblies, in  0.569 seconds
Refreshing native plugins compatible for Editor in 5.91 ms, found 3 plugins.
Native extension for WindowsStandalone target not found
Native extension for Android target not found
[Package Manager] Server::EnsureServerProcessIsRunning -- launch failed, reason: Unity was launched with the -noUpm command-line argument
[Package Manager] UpmClient::Send -- Unable to send message (not connected to UPM process).
[Package Manager] Cannot connect to Unity Package Manager local server
Mono: successfully reloaded assembly
- Finished resetting the current domain, in  1.505 seconds
Domain Reload Profiling: 2071ms
	BeginReloadAssembly (196ms)
		ExecutionOrderSort (0ms)
		DisableScriptedObjects (8ms)
		BackupInstance (0ms)
		ReleaseScriptingObjects (0ms)
		CreateAndSetChildDomain (47ms)
	RebuildCommonClasses (43ms)
	RebuildNativeTypeToScriptingClass (15ms)
	initialDomainReloadingComplete (38ms)
	LoadAllAssembliesAndSetupDomain (273ms)
		LoadAssemblies (360ms)
		RebuildTransferFunctionScriptingTraits (0ms)
		AnalyzeDomain (13ms)
			TypeCache.Refresh (6ms)
				TypeCache.ScanAssembly (0ms)
			ScanForSourceGeneratedMonoScriptInfo (0ms)
			ResolveRequiredComponents (6ms)
	FinalizeReload (1507ms)
		ReleaseScriptCaches (0ms)
		RebuildScriptCaches (0ms)
		SetupLoadedEditorAssemblies (755ms)
			LogAssemblyErrors (0ms)
			InitializePlatformSupportModulesInManaged (38ms)
			SetLoadedEditorAssemblies (7ms)
			RefreshPlugins (0ms)
			BeforeProcessingInitializeOnLoad (116ms)
			ProcessInitializeOnLoadAttributes (547ms)
			ProcessInitializeOnLoadMethodAttributes (35ms)
			AfterProcessingInitializeOnLoad (12ms)
			EditorAssembliesLoaded (1ms)
		ExecutionOrderSort2 (0ms)
		AwakeInstancesAfterBackupRestoration (10ms)
Refreshing native plugins compatible for Editor in 7.62 ms, found 3 plugins.
Preloading 0 native plugins for Editor in 0.00 ms.
Unloading 3807 Unused Serialized files (Serialized files now loaded: 0)
Unloading 38 unused Assets / (1.3 MB). Loaded Objects now: 4512.
Memory consumption went from 174.4 MB to 173.1 MB.
Total: 5.249400 ms (FindLiveObjects: 0.328800 ms CreateObjectMapping: 0.134300 ms MarkObjects: 4.393000 ms  DeleteObjects: 0.392000 ms)

Prepare: number of updated asset objects reloaded= 0
AssetImportParameters requested are different than current active one (requested -> active):
  custom:container-demuxer-ogg: 62fdf1f143b41e24485cea50d1cbac27 -> 
  custom:video-codec-MediaFoundation-h265: 746d11721c4dcdbdad8f713fa42b33f4 -> 
  custom:video-decoder-ogg-theora: a1e56fd34408186e4bbccfd4996cb3dc -> 
  custom:framework-win-MediaFoundation: 216162199b28c13a410421893ffa2e32 -> 
  custom:CustomObjectIndexerAttribute: 756ad292c208cfabdd7b50bc23989ffe -> 
  custom:container-demuxer-webm: 4f35f7cbe854078d1ac9338744f61a02 -> 
  custom:container-muxer-webm: aa71ff27fc2769a1b78a27578f13a17b -> 
  custom:video-decoder-webm-vp8: 9c59270c3fd7afecdb556c50c9e8de78 -> 
  custom:SearchIndexIgnoredProperties: e643bd26f0fe6173181afceb89e7c659 -> 
  custom:AudioImporter_EditorPlatform: d09bf68614088b80899f8185d706f6e7 -> 
  custom:video-encoder-webm-vp8: eb34c28f22e8b96e1ab97ce403110664 -> 
  custom:audio-decoder-ogg-vorbis: bf7c407c2cedff20999df2af8eb42d56 -> 
  custom:audio-encoder-webm-vorbis: bf7c407c2cedff20999df2af8eb42d56 -> 
  custom:scripting/monoscript/fileName/SimpleCameraController.cs: 9d5e45e836538af465ffb763b138c221 -> 639b45e76fa5fda920a92b90c69d9e74
========================================================================
Received Prepare
Begin MonoManager ReloadAssembly
Symbol file LoadedFromMemory is not a mono symbol file
- Loaded All Assemblies, in  0.544 seconds
Refreshing native plugins compatible for Editor in 4.87 ms, found 3 plugins.
Native extension for WindowsStandalone target not found
Native extension for Android target not found
[Package Manager] Server::EnsureServerProcessIsRunning -- launch failed, reason: Unity was launched with the -noUpm command-line argument
[Package Manager] UpmClient::Send -- Unable to send message (not connected to UPM process).
[Package Manager] Cannot connect to Unity Package Manager local server
Mono: successfully reloaded assembly
- Finished resetting the current domain, in  1.498 seconds
Domain Reload Profiling: 2038ms
	BeginReloadAssembly (190ms)
		ExecutionOrderSort (0ms)
		DisableScriptedObjects (6ms)
		BackupInstance (0ms)
		ReleaseScriptingObjects (0ms)
		CreateAndSetChildDomain (45ms)
	RebuildCommonClasses (47ms)
	RebuildNativeTypeToScriptingClass (12ms)
	initialDomainReloadingComplete (36ms)
	LoadAllAssembliesAndSetupDomain (253ms)
		LoadAssemblies (333ms)
		RebuildTransferFunctionScriptingTraits (0ms)
		AnalyzeDomain (16ms)
			TypeCache.Refresh (5ms)
				TypeCache.ScanAssembly (0ms)
			ScanForSourceGeneratedMonoScriptInfo (0ms)
			ResolveRequiredComponents (8ms)
	FinalizeReload (1500ms)
		ReleaseScriptCaches (0ms)
		RebuildScriptCaches (0ms)
		SetupLoadedEditorAssemblies (814ms)
			LogAssemblyErrors (0ms)
			InitializePlatformSupportModulesInManaged (44ms)
			SetLoadedEditorAssemblies (7ms)
			RefreshPlugins (0ms)
			BeforeProcessingInitializeOnLoad (126ms)
			ProcessInitializeOnLoadAttributes (584ms)
			ProcessInitializeOnLoadMethodAttributes (37ms)
			AfterProcessingInitializeOnLoad (15ms)
			EditorAssembliesLoaded (0ms)
		ExecutionOrderSort2 (0ms)
		AwakeInstancesAfterBackupRestoration (12ms)
Refreshing native plugins compatible for Editor in 7.70 ms, found 3 plugins.
Preloading 0 native plugins for Editor in 0.00 ms.
Unloading 3807 Unused Serialized files (Serialized files now loaded: 0)
Unloading 38 unused Assets / (1.3 MB). Loaded Objects now: 4527.
Memory consumption went from 176.3 MB to 175.0 MB.
Total: 5.134100 ms (FindLiveObjects: 0.312400 ms CreateObjectMapping: 0.129000 ms MarkObjects: 4.360000 ms  DeleteObjects: 0.331500 ms)

Prepare: number of updated asset objects reloaded= 0
AssetImportParameters requested are different than current active one (requested -> active):
  custom:container-demuxer-ogg: 62fdf1f143b41e24485cea50d1cbac27 -> 
  custom:video-codec-MediaFoundation-h265: 746d11721c4dcdbdad8f713fa42b33f4 -> 
  custom:video-decoder-ogg-theora: a1e56fd34408186e4bbccfd4996cb3dc -> 
  custom:framework-win-MediaFoundation: 216162199b28c13a410421893ffa2e32 -> 
  custom:CustomObjectIndexerAttribute: 756ad292c208cfabdd7b50bc23989ffe -> 
  custom:container-demuxer-webm: 4f35f7cbe854078d1ac9338744f61a02 -> 
  custom:container-muxer-webm: aa71ff27fc2769a1b78a27578f13a17b -> 
  custom:video-decoder-webm-vp8: 9c59270c3fd7afecdb556c50c9e8de78 -> 
  custom:SearchIndexIgnoredProperties: e643bd26f0fe6173181afceb89e7c659 -> 
  custom:AudioImporter_EditorPlatform: d09bf68614088b80899f8185d706f6e7 -> 
  custom:video-encoder-webm-vp8: eb34c28f22e8b96e1ab97ce403110664 -> 
  custom:audio-decoder-ogg-vorbis: bf7c407c2cedff20999df2af8eb42d56 -> 
  custom:audio-encoder-webm-vorbis: bf7c407c2cedff20999df2af8eb42d56 -> 
  custom:scripting/monoscript/fileName/SimpleCameraController.cs: 9d5e45e836538af465ffb763b138c221 -> 639b45e76fa5fda920a92b90c69d9e74
========================================================================
Received Import Request.
  Time since last request: 558.943972 seconds.
  path: Assets/Visual/Animation/Universal_Traversal_Anims/Art/Animations/Traversal_BalanceBeam_Back_End.fbx
  artifactKey: Guid(60ec944485061d047bde82b880661bdf) Importer(815301076,1909f56bfc062723c751e8b465ee728b)
Start importing Assets/Visual/Animation/Universal_Traversal_Anims/Art/Animations/Traversal_BalanceBeam_Back_End.fbx using Guid(60ec944485061d047bde82b880661bdf) Importer(815301076,1909f56bfc062723c751e8b465ee728b)  -> (artifact id: '673db7fb9bb0416aee06af7b91563ab7') in 0.057133 seconds
Number of updated asset objects reloaded before import = 0
Number of asset objects unloaded after import = 139
========================================================================
Received Import Request.
  Time since last request: 0.000020 seconds.
  path: Assets/Visual/Animation/Universal_Traversal_Anims/Art/Animations/Traversal_Climb_Leap_Right.fbx
  artifactKey: Guid(d902c748c97ab7044864aa8708eabd80) Importer(815301076,1909f56bfc062723c751e8b465ee728b)
Start importing Assets/Visual/Animation/Universal_Traversal_Anims/Art/Animations/Traversal_Climb_Leap_Right.fbx using Guid(d902c748c97ab7044864aa8708eabd80) Importer(815301076,1909f56bfc062723c751e8b465ee728b)  -> (artifact id: '167c0a7082ff14c87e9b1e9b5d6b1b03') in 0.008115 seconds
Number of updated asset objects reloaded before import = 0
Number of asset objects unloaded after import = 139
========================================================================
Received Import Request.
  Time since last request: 0.000031 seconds.
  path: Assets/Visual/Animation/Universal_Traversal_Anims/Art/Animations/Traversal_BarSwing_ForwardAcross_HangingIdle.fbx
  artifactKey: Guid(4c423730d6154f24c985143a39aa806c) Importer(815301076,1909f56bfc062723c751e8b465ee728b)
Start importing Assets/Visual/Animation/Universal_Traversal_Anims/Art/Animations/Traversal_BarSwing_ForwardAcross_HangingIdle.fbx using Guid(4c423730d6154f24c985143a39aa806c) Importer(815301076,1909f56bfc062723c751e8b465ee728b)  -> (artifact id: '4aeef322a79a749b39753dcb144d72fd') in 0.007284 seconds
Number of updated asset objects reloaded before import = 0
Number of asset objects unloaded after import = 139
========================================================================
Received Import Request.
  Time since last request: 0.000018 seconds.
  path: Assets/Visual/Animation/Universal_Traversal_Anims/Art/Animations/Traversal_BalanceBeam_Back_Loop.fbx
  artifactKey: Guid(081e0656af9fcd545ab484b910f36001) Importer(815301076,1909f56bfc062723c751e8b465ee728b)
Start importing Assets/Visual/Animation/Universal_Traversal_Anims/Art/Animations/Traversal_BalanceBeam_Back_Loop.fbx using Guid(081e0656af9fcd545ab484b910f36001) Importer(815301076,1909f56bfc062723c751e8b465ee728b)  -> (artifact id: '4bec5f6f49105120e588eb7db7ac1ab3') in 0.006657 seconds
Number of updated asset objects reloaded before import = 0
Number of asset objects unloaded after import = 139
========================================================================
Received Import Request.
  Time since last request: 0.000013 seconds.
  path: Assets/Visual/Animation/Universal_Traversal_Anims/Art/Animations/Traversal_BarSwing_ForwardAcross_KipUpIdle_To_HangingIdle.fbx
  artifactKey: Guid(6cff3408e09b5b44c86ae140fa58883a) Importer(815301076,1909f56bfc062723c751e8b465ee728b)
Start importing Assets/Visual/Animation/Universal_Traversal_Anims/Art/Animations/Traversal_BarSwing_ForwardAcross_KipUpIdle_To_HangingIdle.fbx using Guid(6cff3408e09b5b44c86ae140fa58883a) Importer(815301076,1909f56bfc062723c751e8b465ee728b)  -> (artifact id: '9ddde6d8741a74af825da9900792e120') in 0.005874 seconds
Number of updated asset objects reloaded before import = 0
Number of asset objects unloaded after import = 139
========================================================================
Received Import Request.
  Time since last request: 0.000014 seconds.
  path: Assets/Visual/Animation/Universal_Traversal_Anims/Art/Animations/Traversal_Climb_EdgeHold_Walk_Right.fbx
  artifactKey: Guid(62e57b7d1551ffe49b29fb78aa45aef9) Importer(815301076,1909f56bfc062723c751e8b465ee728b)
Start importing Assets/Visual/Animation/Universal_Traversal_Anims/Art/Animations/Traversal_Climb_EdgeHold_Walk_Right.fbx using Guid(62e57b7d1551ffe49b29fb78aa45aef9) Importer(815301076,1909f56bfc062723c751e8b465ee728b)  -> (artifact id: '6ec5fbabba9b378a98b170393b535bdd') in 0.006319 seconds
Number of updated asset objects reloaded before import = 0
Number of asset objects unloaded after import = 139
========================================================================
Received Import Request.
  Time since last request: 0.000015 seconds.
  path: Assets/Visual/Animation/Universal_Traversal_Anims/Art/Animations/Traversal_Climb_Leap_Left_InPlaceRoot.fbx
  artifactKey: Guid(52b42c65677e7394a96fb7762cefac35) Importer(815301076,1909f56bfc062723c751e8b465ee728b)
Start importing Assets/Visual/Animation/Universal_Traversal_Anims/Art/Animations/Traversal_Climb_Leap_Left_InPlaceRoot.fbx using Guid(52b42c65677e7394a96fb7762cefac35) Importer(815301076,1909f56bfc062723c751e8b465ee728b)  -> (artifact id: 'dd18437dfa75b8bbf6732a089508e85b') in 0.006000 seconds
Number of updated asset objects reloaded before import = 0
Number of asset objects unloaded after import = 139
========================================================================
Received Import Request.
  Time since last request: 0.000016 seconds.
  path: Assets/Visual/Animation/Universal_Traversal_Anims/Art/Animations/Traversal_Climb_EdgeHold_Walk_Left_InPlaceRoot.fbx
  artifactKey: Guid(3b107654f0fb37246b8f5c2142969915) Importer(815301076,1909f56bfc062723c751e8b465ee728b)
Start importing Assets/Visual/Animation/Universal_Traversal_Anims/Art/Animations/Traversal_Climb_EdgeHold_Walk_Left_InPlaceRoot.fbx using Guid(3b107654f0fb37246b8f5c2142969915) Importer(815301076,1909f56bfc062723c751e8b465ee728b)  -> (artifact id: 'f25bfe1f7233f4dc2eda23cdfeab6e52') in 0.005774 seconds
Number of updated asset objects reloaded before import = 0
Number of asset objects unloaded after import = 139
========================================================================
Received Import Request.
  Time since last request: 0.000038 seconds.
  path: Assets/Visual/Animation/Universal_Traversal_Anims/Art/Animations/Traversal_BalanceBeam_Idle.fbx
  artifactKey: Guid(5b7cc80bc4bdf544e9c1ba0656dcf735) Importer(815301076,1909f56bfc062723c751e8b465ee728b)
Start importing Assets/Visual/Animation/Universal_Traversal_Anims/Art/Animations/Traversal_BalanceBeam_Idle.fbx using Guid(5b7cc80bc4bdf544e9c1ba0656dcf735) Importer(815301076,1909f56bfc062723c751e8b465ee728b)  -> (artifact id: '27988ff83179fc0f0efb9f028b508a90') in 0.009814 seconds
Number of updated asset objects reloaded before import = 0
Number of asset objects unloaded after import = 139
========================================================================
Received Import Request.
  Time since last request: 0.000029 seconds.
  path: Assets/Visual/Animation/Universal_Traversal_Anims/Art/Animations/Traversal_BarSwing_ForwardAcross_KipUp.fbx
  artifactKey: Guid(e2a999781545a414787d62a3b62fdf1e) Importer(815301076,1909f56bfc062723c751e8b465ee728b)
Start importing Assets/Visual/Animation/Universal_Traversal_Anims/Art/Animations/Traversal_BarSwing_ForwardAcross_KipUp.fbx using Guid(e2a999781545a414787d62a3b62fdf1e) Importer(815301076,1909f56bfc062723c751e8b465ee728b)  -> (artifact id: '9fca419d15df6ad1393ab150e1b4dba7') in 0.007873 seconds
Number of updated asset objects reloaded before import = 0
Number of asset objects unloaded after import = 139
========================================================================
Received Import Request.
  Time since last request: 0.000015 seconds.
  path: Assets/Visual/Animation/Universal_Traversal_Anims/Art/Animations/Traversal_BalanceBeam_Forward_Start.fbx
  artifactKey: Guid(b7b5f3afd14957248904f30df42fcf7f) Importer(815301076,1909f56bfc062723c751e8b465ee728b)
Start importing Assets/Visual/Animation/Universal_Traversal_Anims/Art/Animations/Traversal_BalanceBeam_Forward_Start.fbx using Guid(b7b5f3afd14957248904f30df42fcf7f) Importer(815301076,1909f56bfc062723c751e8b465ee728b)  -> (artifact id: 'edb3d9b16d9812bfe95f6ee985ad44b2') in 0.006975 seconds
Number of updated asset objects reloaded before import = 0
Number of asset objects unloaded after import = 139
========================================================================
Received Import Request.
  Time since last request: 0.000014 seconds.
  path: Assets/Visual/Animation/Universal_Traversal_Anims/Art/Animations/Traversal_Climb_EdgeHold_Walk_Right_InPlaceRoot.fbx
  artifactKey: Guid(f9f8c99191c10d843bba027ada538284) Importer(815301076,1909f56bfc062723c751e8b465ee728b)
Start importing Assets/Visual/Animation/Universal_Traversal_Anims/Art/Animations/Traversal_Climb_EdgeHold_Walk_Right_InPlaceRoot.fbx using Guid(f9f8c99191c10d843bba027ada538284) Importer(815301076,1909f56bfc062723c751e8b465ee728b)  -> (artifact id: 'df711b821225c2cf91c71e26d5a57bad') in 0.006614 seconds
Number of updated asset objects reloaded before import = 0
Number of asset objects unloaded after import = 139
========================================================================
Received Import Request.
  Time since last request: 0.000012 seconds.
  path: Assets/Visual/Animation/Universal_Traversal_Anims/Art/Animations/Traversal_BalanceBeam_Back_LoopFast.fbx
  artifactKey: Guid(6d6737dbd44f2ae4a9b758bf524d7f80) Importer(815301076,1909f56bfc062723c751e8b465ee728b)
Start importing Assets/Visual/Animation/Universal_Traversal_Anims/Art/Animations/Traversal_BalanceBeam_Back_LoopFast.fbx using Guid(6d6737dbd44f2ae4a9b758bf524d7f80) Importer(815301076,1909f56bfc062723c751e8b465ee728b)  -> (artifact id: 'f285b0f78893f499993a02949e29e68f') in 0.006912 seconds
Number of updated asset objects reloaded before import = 0
Number of asset objects unloaded after import = 139
========================================================================
Received Import Request.
  Time since last request: 0.000018 seconds.
  path: Assets/Visual/Animation/Universal_Traversal_Anims/Art/Animations/Traversal_BarSwing_ForwardAcross_Hanging_Shimmy_Left.fbx
  artifactKey: Guid(88ee24a99401752448c8d6ed551496a5) Importer(815301076,1909f56bfc062723c751e8b465ee728b)
Start importing Assets/Visual/Animation/Universal_Traversal_Anims/Art/Animations/Traversal_BarSwing_ForwardAcross_Hanging_Shimmy_Left.fbx using Guid(88ee24a99401752448c8d6ed551496a5) Importer(815301076,1909f56bfc062723c751e8b465ee728b)  -> (artifact id: 'd9e57d09963ed2fe42bc203658ac1a17') in 0.006290 seconds
Number of updated asset objects reloaded before import = 0
Number of asset objects unloaded after import = 139
========================================================================
Received Import Request.
  Time since last request: 0.000016 seconds.
  path: Assets/Visual/Animation/Universal_Traversal_Anims/Art/Animations/Traversal_BarSwing_ForwardAcross_KipUpIdle_DropDown_NextBar.fbx
  artifactKey: Guid(476eedc4b3694fa469d498dc1860a1ea) Importer(815301076,1909f56bfc062723c751e8b465ee728b)
Start importing Assets/Visual/Animation/Universal_Traversal_Anims/Art/Animations/Traversal_BarSwing_ForwardAcross_KipUpIdle_DropDown_NextBar.fbx using Guid(476eedc4b3694fa469d498dc1860a1ea) Importer(815301076,1909f56bfc062723c751e8b465ee728b)  -> (artifact id: '8dfb87775922d082be43d60c32d14ad2') in 0.006535 seconds
Number of updated asset objects reloaded before import = 0
Number of asset objects unloaded after import = 139
========================================================================
Received Import Request.
  Time since last request: 0.000017 seconds.
  path: Assets/Visual/Animation/Universal_Traversal_Anims/Art/Animations/Traversal_BarSwing_ForwardAcross_Hanging_180Turn.fbx
  artifactKey: Guid(9f901a4089fa5d547bb908a938a5b1ee) Importer(815301076,1909f56bfc062723c751e8b465ee728b)
Start importing Assets/Visual/Animation/Universal_Traversal_Anims/Art/Animations/Traversal_BarSwing_ForwardAcross_Hanging_180Turn.fbx using Guid(9f901a4089fa5d547bb908a938a5b1ee) Importer(815301076,1909f56bfc062723c751e8b465ee728b)  -> (artifact id: 'ec2916dded4b1528b23463e60a7d7425') in 0.007885 seconds
Number of updated asset objects reloaded before import = 0
Number of asset objects unloaded after import = 139
========================================================================
Received Import Request.
  Time since last request: 0.000014 seconds.
  path: Assets/Visual/Animation/Universal_Traversal_Anims/Art/Animations/Traversal_BarSwing_ForwardAcross_WholeSequence.fbx
  artifactKey: Guid(5c3df82b201af454db68046b8df4eaab) Importer(815301076,1909f56bfc062723c751e8b465ee728b)
Start importing Assets/Visual/Animation/Universal_Traversal_Anims/Art/Animations/Traversal_BarSwing_ForwardAcross_WholeSequence.fbx using Guid(5c3df82b201af454db68046b8df4eaab) Importer(815301076,1909f56bfc062723c751e8b465ee728b)  -> (artifact id: 'ff1bf6f3ec07947c0675fcfda6ee172e') in 0.008413 seconds
Number of updated asset objects reloaded before import = 0
Number of asset objects unloaded after import = 139
========================================================================
Received Import Request.
  Time since last request: 0.000016 seconds.
  path: Assets/Visual/Animation/Universal_Traversal_Anims/Art/Animations/Traversal_BalanceBeam_Forward_WholeSequence.fbx
  artifactKey: Guid(cd94e50d16bab5344ae9c5f60ff5daba) Importer(815301076,1909f56bfc062723c751e8b465ee728b)
Start importing Assets/Visual/Animation/Universal_Traversal_Anims/Art/Animations/Traversal_BalanceBeam_Forward_WholeSequence.fbx using Guid(cd94e50d16bab5344ae9c5f60ff5daba) Importer(815301076,1909f56bfc062723c751e8b465ee728b)  -> (artifact id: 'c7efa768cfe531b33fd40340a613b208') in 0.007730 seconds
Number of updated asset objects reloaded before import = 0
Number of asset objects unloaded after import = 139
========================================================================
Received Import Request.
  Time since last request: 0.000014 seconds.
  path: Assets/Visual/Animation/Universal_Traversal_Anims/Art/Animations/Traversal_Climb_Leap_Right_InPlaceRoot.fbx
  artifactKey: Guid(32ccf5971bdaa9146b128e325072e964) Importer(815301076,1909f56bfc062723c751e8b465ee728b)
Start importing Assets/Visual/Animation/Universal_Traversal_Anims/Art/Animations/Traversal_Climb_Leap_Right_InPlaceRoot.fbx using Guid(32ccf5971bdaa9146b128e325072e964) Importer(815301076,1909f56bfc062723c751e8b465ee728b)  -> (artifact id: 'a22aa50fd5e890899eb1841c7adb2bdf') in 0.005766 seconds
Number of updated asset objects reloaded before import = 0
Number of asset objects unloaded after import = 139
========================================================================
Received Import Request.
  Time since last request: 0.000016 seconds.
  path: Assets/Visual/Animation/Universal_Traversal_Anims/Art/Animations/Traversal_Climb_BackIntoCliff_Recover_Hold_InPlaceRoot.fbx
  artifactKey: Guid(520760ab98d67c548b99d80cb63da269) Importer(815301076,1909f56bfc062723c751e8b465ee728b)
Start importing Assets/Visual/Animation/Universal_Traversal_Anims/Art/Animations/Traversal_Climb_BackIntoCliff_Recover_Hold_InPlaceRoot.fbx using Guid(520760ab98d67c548b99d80cb63da269) Importer(815301076,1909f56bfc062723c751e8b465ee728b)  -> (artifact id: 'c6766022835382f6a82adcdcd64ec77e') in 0.007594 seconds
Number of updated asset objects reloaded before import = 0
Number of asset objects unloaded after import = 139
========================================================================
Received Import Request.
  Time since last request: 0.000014 seconds.
  path: Assets/Visual/Animation/Universal_Traversal_Anims/Art/Animations/Traversal_Climb_End_toNarrowEdge_Squat.fbx
  artifactKey: Guid(9a1f135edb3025f438ad124f93d96545) Importer(815301076,1909f56bfc062723c751e8b465ee728b)
Start importing Assets/Visual/Animation/Universal_Traversal_Anims/Art/Animations/Traversal_Climb_End_toNarrowEdge_Squat.fbx using Guid(9a1f135edb3025f438ad124f93d96545) Importer(815301076,1909f56bfc062723c751e8b465ee728b)  -> (artifact id: '5f3a184557f9eb1909ee32a73d2cbddf') in 0.006420 seconds
Number of updated asset objects reloaded before import = 0
Number of asset objects unloaded after import = 139
========================================================================
Received Import Request.
  Time since last request: 3.625825 seconds.
  path: Assets/Visual/Animation/Universal_Traversal_Anims/Art/Animations/Traversal_Climb_Leap_Up_Fail.fbx
  artifactKey: Guid(966a3eb51b3e4ce40995e1f2c36b8fa5) Importer(815301076,1909f56bfc062723c751e8b465ee728b)
Start importing Assets/Visual/Animation/Universal_Traversal_Anims/Art/Animations/Traversal_Climb_Leap_Up_Fail.fbx using Guid(966a3eb51b3e4ce40995e1f2c36b8fa5) Importer(815301076,1909f56bfc062723c751e8b465ee728b)  -> (artifact id: '870bcfbdab9c806493b0d3dcd42f58ef') in 0.006263 seconds
Number of updated asset objects reloaded before import = 0
Number of asset objects unloaded after import = 139
========================================================================
Received Import Request.
  Time since last request: 0.000013 seconds.
  path: Assets/Visual/Animation/Universal_Traversal_Anims/Art/Animations/Traversal_Climb_Squat_Idle.fbx
  artifactKey: Guid(d9db1354341e74242b88adac7750b93b) Importer(815301076,1909f56bfc062723c751e8b465ee728b)
Start importing Assets/Visual/Animation/Universal_Traversal_Anims/Art/Animations/Traversal_Climb_Squat_Idle.fbx using Guid(d9db1354341e74242b88adac7750b93b) Importer(815301076,1909f56bfc062723c751e8b465ee728b)  -> (artifact id: '94714d04a583b68fe646f7db0e372f45') in 0.007070 seconds
Number of updated asset objects reloaded before import = 0
Number of asset objects unloaded after import = 139
========================================================================
Received Import Request.
  Time since last request: 0.000014 seconds.
  path: Assets/Visual/Animation/Universal_Traversal_Anims/Art/Animations/Traversal_Climb_Start_fromNarrowEdge_Squat_Quick.fbx
  artifactKey: Guid(02a42e94e7e4de941bc0204a215ded90) Importer(815301076,1909f56bfc062723c751e8b465ee728b)
Start importing Assets/Visual/Animation/Universal_Traversal_Anims/Art/Animations/Traversal_Climb_Start_fromNarrowEdge_Squat_Quick.fbx using Guid(02a42e94e7e4de941bc0204a215ded90) Importer(815301076,1909f56bfc062723c751e8b465ee728b)  -> (artifact id: 'eb81ff186a0bf2ab54f20c40034acbd9') in 0.006547 seconds
Number of updated asset objects reloaded before import = 0
Number of asset objects unloaded after import = 139
========================================================================
Received Import Request.
  Time since last request: 0.000021 seconds.
  path: Assets/Visual/Animation/Universal_Traversal_Anims/Art/Animations/Traversal_Climb_RightHand_GripSlip_Loop.fbx
  artifactKey: Guid(1c5178eb3c9c6024aa8af7e605790113) Importer(815301076,1909f56bfc062723c751e8b465ee728b)
Start importing Assets/Visual/Animation/Universal_Traversal_Anims/Art/Animations/Traversal_Climb_RightHand_GripSlip_Loop.fbx using Guid(1c5178eb3c9c6024aa8af7e605790113) Importer(815301076,1909f56bfc062723c751e8b465ee728b)  -> (artifact id: '647c5cbdc562e04479bef0eb7424675b') in 0.006123 seconds
Number of updated asset objects reloaded before import = 0
Number of asset objects unloaded after import = 139
========================================================================
Received Import Request.
  Time since last request: 0.000032 seconds.
  path: Assets/Visual/Animation/Universal_Traversal_Anims/Art/Animations/Traversal_Climb_LeapForward_inTheAir_Loop.fbx
  artifactKey: Guid(b3a3209f61af9d64abffffafc2fde273) Importer(815301076,1909f56bfc062723c751e8b465ee728b)
Start importing Assets/Visual/Animation/Universal_Traversal_Anims/Art/Animations/Traversal_Climb_LeapForward_inTheAir_Loop.fbx using Guid(b3a3209f61af9d64abffffafc2fde273) Importer(815301076,1909f56bfc062723c751e8b465ee728b)  -> (artifact id: 'aef67a57962da1a3755d53946eb6bbbe') in 0.007433 seconds
Number of updated asset objects reloaded before import = 0
Number of asset objects unloaded after import = 139
========================================================================
Received Import Request.
  Time since last request: 0.000018 seconds.
  path: Assets/Visual/Animation/Universal_Traversal_Anims/Art/Animations/Traversal_Climb_LeftHand_GripSlip_End.fbx
  artifactKey: Guid(a3a90f631a97de84696873c577b20322) Importer(815301076,1909f56bfc062723c751e8b465ee728b)
Start importing Assets/Visual/Animation/Universal_Traversal_Anims/Art/Animations/Traversal_Climb_LeftHand_GripSlip_End.fbx using Guid(a3a90f631a97de84696873c577b20322) Importer(815301076,1909f56bfc062723c751e8b465ee728b)  -> (artifact id: 'cb0db08cffa3f89382747658b1855d2d') in 0.006954 seconds
Number of updated asset objects reloaded before import = 0
Number of asset objects unloaded after import = 139
========================================================================
Received Import Request.
  Time since last request: 0.000013 seconds.
  path: Assets/Visual/Animation/Universal_Traversal_Anims/Art/Animations/Traversal_Fence_91cm_SitSpin_fromRunToRun.fbx
  artifactKey: Guid(939a138e604d4ee46a297e89e9f0a1ba) Importer(815301076,1909f56bfc062723c751e8b465ee728b)
Start importing Assets/Visual/Animation/Universal_Traversal_Anims/Art/Animations/Traversal_Fence_91cm_SitSpin_fromRunToRun.fbx using Guid(939a138e604d4ee46a297e89e9f0a1ba) Importer(815301076,1909f56bfc062723c751e8b465ee728b)  -> (artifact id: '67d6c70a80d327eb87b4ba20b384c618') in 0.008445 seconds
Number of updated asset objects reloaded before import = 0
Number of asset objects unloaded after import = 139
========================================================================
Received Import Request.
  Time since last request: 0.000015 seconds.
  path: Assets/Visual/Animation/Universal_Traversal_Anims/Art/Animations/Traversal_Ladder_Climb_End_toPlatform.fbx
  artifactKey: Guid(5d29fd27a6523df4abf8ba003b67341b) Importer(815301076,1909f56bfc062723c751e8b465ee728b)
Start importing Assets/Visual/Animation/Universal_Traversal_Anims/Art/Animations/Traversal_Ladder_Climb_End_toPlatform.fbx using Guid(5d29fd27a6523df4abf8ba003b67341b) Importer(815301076,1909f56bfc062723c751e8b465ee728b)  -> (artifact id: 'f5527986c33ab1b5e5993ec118c49111') in 0.006882 seconds
Number of updated asset objects reloaded before import = 0
Number of asset objects unloaded after import = 139
========================================================================
Received Import Request.
  Time since last request: 0.000017 seconds.
  path: Assets/Visual/Animation/Universal_Traversal_Anims/Art/Animations/Traversal_Ladder_Climb_Idle.fbx
  artifactKey: Guid(c9c543c5d7496ff4ea4f31e1f6c9f4b1) Importer(815301076,1909f56bfc062723c751e8b465ee728b)
Start importing Assets/Visual/Animation/Universal_Traversal_Anims/Art/Animations/Traversal_Ladder_Climb_Idle.fbx using Guid(c9c543c5d7496ff4ea4f31e1f6c9f4b1) Importer(815301076,1909f56bfc062723c751e8b465ee728b)  -> (artifact id: '23246fbb69fb05d0088cec394bb9381e') in 0.008554 seconds
Number of updated asset objects reloaded before import = 0
Number of asset objects unloaded after import = 139
========================================================================
Received Import Request.
  Time since last request: 0.000032 seconds.
  path: Assets/Visual/Animation/Universal_Traversal_Anims/Art/Animations/Traversal_Ledge_Climb_InwardCorner_Right.fbx
  artifactKey: Guid(a4255a7b1ac02af48998ffb390987af9) Importer(815301076,1909f56bfc062723c751e8b465ee728b)
Start importing Assets/Visual/Animation/Universal_Traversal_Anims/Art/Animations/Traversal_Ledge_Climb_InwardCorner_Right.fbx using Guid(a4255a7b1ac02af48998ffb390987af9) Importer(815301076,1909f56bfc062723c751e8b465ee728b)  -> (artifact id: '39d9582b1fe6b14f71389ef345ed3b01') in 0.006818 seconds
Number of updated asset objects reloaded before import = 0
Number of asset objects unloaded after import = 139
========================================================================
Received Import Request.
  Time since last request: 0.000014 seconds.
  path: Assets/Visual/Animation/Universal_Traversal_Anims/Art/Animations/Traversal_Ladder_Climb_Down_Loop.fbx
  artifactKey: Guid(8ef8cd2fd7224d24fac31ff66cfe81a4) Importer(815301076,1909f56bfc062723c751e8b465ee728b)
Start importing Assets/Visual/Animation/Universal_Traversal_Anims/Art/Animations/Traversal_Ladder_Climb_Down_Loop.fbx using Guid(8ef8cd2fd7224d24fac31ff66cfe81a4) Importer(815301076,1909f56bfc062723c751e8b465ee728b)  -> (artifact id: '1a8d3855dbab9c8dd5f2f32b0dc25002') in 0.007358 seconds
Number of updated asset objects reloaded before import = 0
Number of asset objects unloaded after import = 139
========================================================================
Received Import Request.
  Time since last request: 0.000013 seconds.
  path: Assets/Visual/Animation/Universal_Traversal_Anims/Art/Animations/Traversal_LedgeWalk_Left_90Degrees_OutwardCorner.fbx
  artifactKey: Guid(629e254930ebf504f9d35a5c20c15e71) Importer(815301076,1909f56bfc062723c751e8b465ee728b)
Start importing Assets/Visual/Animation/Universal_Traversal_Anims/Art/Animations/Traversal_LedgeWalk_Left_90Degrees_OutwardCorner.fbx using Guid(629e254930ebf504f9d35a5c20c15e71) Importer(815301076,1909f56bfc062723c751e8b465ee728b)  -> (artifact id: 'ad059637489c27a4829892585dc60ff5') in 0.007561 seconds
Number of updated asset objects reloaded before import = 0
Number of asset objects unloaded after import = 139
========================================================================
Received Import Request.
  Time since last request: 0.000017 seconds.
  path: Assets/Visual/Animation/Universal_Traversal_Anims/Art/Animations/Traversal_LedgeWalk_Left_Loop_Crouched.fbx
  artifactKey: Guid(e1be8935a68572b489d7022efd13916c) Importer(815301076,1909f56bfc062723c751e8b465ee728b)
Start importing Assets/Visual/Animation/Universal_Traversal_Anims/Art/Animations/Traversal_LedgeWalk_Left_Loop_Crouched.fbx using Guid(e1be8935a68572b489d7022efd13916c) Importer(815301076,1909f56bfc062723c751e8b465ee728b)  -> (artifact id: '06ca0072dab3571e1350ceddc54b3151') in 0.007550 seconds
Number of updated asset objects reloaded before import = 0
Number of asset objects unloaded after import = 139
========================================================================
Received Import Request.
  Time since last request: 0.000015 seconds.
  path: Assets/Visual/Animation/Universal_Traversal_Anims/Art/Animations/Traversal_Fence_91cm_JumpOver.fbx
  artifactKey: Guid(58acc1209d1cb93419b300f8869389c1) Importer(815301076,1909f56bfc062723c751e8b465ee728b)
Start importing Assets/Visual/Animation/Universal_Traversal_Anims/Art/Animations/Traversal_Fence_91cm_JumpOver.fbx using Guid(58acc1209d1cb93419b300f8869389c1) Importer(815301076,1909f56bfc062723c751e8b465ee728b)  -> (artifact id: 'a6470466f8387b3140b9fd3bbbed714f') in 0.007625 seconds
Number of updated asset objects reloaded before import = 0
Number of asset objects unloaded after import = 139
========================================================================
Received Import Request.
  Time since last request: 0.000012 seconds.
  path: Assets/Visual/Animation/Universal_Traversal_Anims/Art/Animations/Traversal_Ledge_Climb_OutwardCorner_Right.fbx
  artifactKey: Guid(6a62a9a1e0cade94ebe1eb9369653920) Importer(815301076,1909f56bfc062723c751e8b465ee728b)
Start importing Assets/Visual/Animation/Universal_Traversal_Anims/Art/Animations/Traversal_Ledge_Climb_OutwardCorner_Right.fbx using Guid(6a62a9a1e0cade94ebe1eb9369653920) Importer(815301076,1909f56bfc062723c751e8b465ee728b)  -> (artifact id: '5c69e732e3fc43d742f9441a3a944452') in 0.007927 seconds
Number of updated asset objects reloaded before import = 0
Number of asset objects unloaded after import = 139
========================================================================
Received Import Request.
  Time since last request: 0.000018 seconds.
  path: Assets/Visual/Animation/Universal_Traversal_Anims/Art/Animations/Traversal_LedgeWalk_Left_Loop.fbx
  artifactKey: Guid(56d5b861a5717fc47a3f2229e45080d0) Importer(815301076,1909f56bfc062723c751e8b465ee728b)
Start importing Assets/Visual/Animation/Universal_Traversal_Anims/Art/Animations/Traversal_LedgeWalk_Left_Loop.fbx using Guid(56d5b861a5717fc47a3f2229e45080d0) Importer(815301076,1909f56bfc062723c751e8b465ee728b)  -> (artifact id: 'c7d06756ee811585b4dbe3ac435e0568') in 0.005692 seconds
Number of updated asset objects reloaded before import = 0
Number of asset objects unloaded after import = 139
========================================================================
Received Import Request.
  Time since last request: 0.000018 seconds.
  path: Assets/Visual/Animation/Universal_Traversal_Anims/Art/Animations/Traversal_Fence_130cm_JumpOver_FromRunToRun.fbx
  artifactKey: Guid(904aa70e908d97a43bbb49b970ae63dd) Importer(815301076,1909f56bfc062723c751e8b465ee728b)
Start importing Assets/Visual/Animation/Universal_Traversal_Anims/Art/Animations/Traversal_Fence_130cm_JumpOver_FromRunToRun.fbx using Guid(904aa70e908d97a43bbb49b970ae63dd) Importer(815301076,1909f56bfc062723c751e8b465ee728b)  -> (artifact id: 'a18a51b9623da780924a465368d1c172') in 0.008068 seconds
Number of updated asset objects reloaded before import = 0
Number of asset objects unloaded after import = 139
========================================================================
Received Import Request.
  Time since last request: 0.000014 seconds.
  path: Assets/Visual/Animation/Universal_Traversal_Anims/Art/Animations/Traversal_Fence_345cm_ClimbOver_Normal.fbx
  artifactKey: Guid(4205c330c7cd6a64589732566dc2e6db) Importer(815301076,1909f56bfc062723c751e8b465ee728b)
Start importing Assets/Visual/Animation/Universal_Traversal_Anims/Art/Animations/Traversal_Fence_345cm_ClimbOver_Normal.fbx using Guid(4205c330c7cd6a64589732566dc2e6db) Importer(815301076,1909f56bfc062723c751e8b465ee728b)  -> (artifact id: '5742e730fa9ef8b0c019e0ab3214b6f0') in 0.008538 seconds
Number of updated asset objects reloaded before import = 0
Number of asset objects unloaded after import = 139
========================================================================
Received Import Request.
  Time since last request: 0.000021 seconds.
  path: Assets/Visual/Animation/Universal_Traversal_Anims/Art/Animations/Traversal_Ledge_Climb_Left.fbx
  artifactKey: Guid(98b3c9bedab41e241a80f15809095680) Importer(815301076,1909f56bfc062723c751e8b465ee728b)
Start importing Assets/Visual/Animation/Universal_Traversal_Anims/Art/Animations/Traversal_Ledge_Climb_Left.fbx using Guid(98b3c9bedab41e241a80f15809095680) Importer(815301076,1909f56bfc062723c751e8b465ee728b)  -> (artifact id: '74eece8b9bac6361ff603e719e95bce9') in 0.011912 seconds
Number of updated asset objects reloaded before import = 0
Number of asset objects unloaded after import = 139
========================================================================
Received Import Request.
  Time since last request: 0.000016 seconds.
  path: Assets/Visual/Animation/Universal_Traversal_Anims/Art/Animations/Traversal_LedgeWalk_Left_Idle.fbx
  artifactKey: Guid(849893f383814034ba89b36a3174dda8) Importer(815301076,1909f56bfc062723c751e8b465ee728b)
Start importing Assets/Visual/Animation/Universal_Traversal_Anims/Art/Animations/Traversal_LedgeWalk_Left_Idle.fbx using Guid(849893f383814034ba89b36a3174dda8) Importer(815301076,1909f56bfc062723c751e8b465ee728b)  -> (artifact id: '40994393e936ebbebb56b6803f004cc7') in 0.007252 seconds
Number of updated asset objects reloaded before import = 0
Number of asset objects unloaded after import = 139
========================================================================
Received Import Request.
  Time since last request: 0.000017 seconds.
  path: Assets/Visual/Animation/Universal_Traversal_Anims/Art/Animations/Traversal_Ledge_Climb_Right.fbx
  artifactKey: Guid(55e0928eb900d504e9260f4f63336e5c) Importer(815301076,1909f56bfc062723c751e8b465ee728b)
Start importing Assets/Visual/Animation/Universal_Traversal_Anims/Art/Animations/Traversal_Ledge_Climb_Right.fbx using Guid(55e0928eb900d504e9260f4f63336e5c) Importer(815301076,1909f56bfc062723c751e8b465ee728b)  -> (artifact id: '4b261286aaf6fcc019c37537dda424e5') in 0.006639 seconds
Number of updated asset objects reloaded before import = 0
Number of asset objects unloaded after import = 139
========================================================================
Received Import Request.
  Time since last request: 0.000018 seconds.
  path: Assets/Visual/Animation/Universal_Traversal_Anims/Art/Animations/Traversal_Ladder_Slide_Down_Loop.fbx
  artifactKey: Guid(15507683ef63fb34683a0080747b06c8) Importer(815301076,1909f56bfc062723c751e8b465ee728b)
Start importing Assets/Visual/Animation/Universal_Traversal_Anims/Art/Animations/Traversal_Ladder_Slide_Down_Loop.fbx using Guid(15507683ef63fb34683a0080747b06c8) Importer(815301076,1909f56bfc062723c751e8b465ee728b)  -> (artifact id: 'ea9e8c27f2d6c125b7f9021c2846bd60') in 0.006670 seconds
Number of updated asset objects reloaded before import = 0
Number of asset objects unloaded after import = 139
========================================================================
Received Import Request.
  Time since last request: 0.000014 seconds.
  path: Assets/Visual/Animation/Universal_Traversal_Anims/Art/Animations/Traversal_Hole_JumpDown_End.fbx
  artifactKey: Guid(b7daf470fe2fe7b48aa396a0162fa57d) Importer(815301076,1909f56bfc062723c751e8b465ee728b)
Start importing Assets/Visual/Animation/Universal_Traversal_Anims/Art/Animations/Traversal_Hole_JumpDown_End.fbx using Guid(b7daf470fe2fe7b48aa396a0162fa57d) Importer(815301076,1909f56bfc062723c751e8b465ee728b)  -> (artifact id: '64063f20d00b19e31c7b7ff2a554aa63') in 0.006355 seconds
Number of updated asset objects reloaded before import = 0
Number of asset objects unloaded after import = 139
========================================================================
Received Import Request.
  Time since last request: 0.000018 seconds.
  path: Assets/Visual/Animation/Universal_Traversal_Anims/Art/Animations/Traversal_Ladder_Climb_Up_Start.fbx
  artifactKey: Guid(0960338e76f908d439fc19a558e3cd27) Importer(815301076,1909f56bfc062723c751e8b465ee728b)
Start importing Assets/Visual/Animation/Universal_Traversal_Anims/Art/Animations/Traversal_Ladder_Climb_Up_Start.fbx using Guid(0960338e76f908d439fc19a558e3cd27) Importer(815301076,1909f56bfc062723c751e8b465ee728b)  -> (artifact id: '4d64467a6d48c60ac2360ca876c194d7') in 0.007607 seconds
Number of updated asset objects reloaded before import = 0
Number of asset objects unloaded after import = 139
========================================================================
Received Import Request.
  Time since last request: 0.000013 seconds.
  path: Assets/Visual/Animation/Universal_Traversal_Anims/Art/Animations/Traversal_Door_KickDown_Successful.fbx
  artifactKey: Guid(3b136510633d01545b2582983ec67292) Importer(815301076,1909f56bfc062723c751e8b465ee728b)
Start importing Assets/Visual/Animation/Universal_Traversal_Anims/Art/Animations/Traversal_Door_KickDown_Successful.fbx using Guid(3b136510633d01545b2582983ec67292) Importer(815301076,1909f56bfc062723c751e8b465ee728b)  -> (artifact id: '6493dfb7fd312bac205d4f08c4329c51') in 0.007468 seconds
Number of updated asset objects reloaded before import = 0
Number of asset objects unloaded after import = 139
========================================================================
Received Import Request.
  Time since last request: 0.000017 seconds.
  path: Assets/Visual/Animation/Universal_Traversal_Anims/Art/Animations/Traversal_LedgeWalk_Left_Start.fbx
  artifactKey: Guid(960711c3afbfa6446906fcc4984aa625) Importer(815301076,1909f56bfc062723c751e8b465ee728b)
Start importing Assets/Visual/Animation/Universal_Traversal_Anims/Art/Animations/Traversal_LedgeWalk_Left_Start.fbx using Guid(960711c3afbfa6446906fcc4984aa625) Importer(815301076,1909f56bfc062723c751e8b465ee728b)  -> (artifact id: 'e878a3b5a4d5eaee66710d916bc48e10') in 0.007893 seconds
Number of updated asset objects reloaded before import = 0
Number of asset objects unloaded after import = 139
========================================================================
Received Import Request.
  Time since last request: 0.000021 seconds.
  path: Assets/Visual/Animation/Universal_Traversal_Anims/Art/Animations/Traversal_Climb_LeftHand_GripSlip_Start.fbx
  artifactKey: Guid(ca60f54df13b00b4e95e316a8f7c67a5) Importer(815301076,1909f56bfc062723c751e8b465ee728b)
Start importing Assets/Visual/Animation/Universal_Traversal_Anims/Art/Animations/Traversal_Climb_LeftHand_GripSlip_Start.fbx using Guid(ca60f54df13b00b4e95e316a8f7c67a5) Importer(815301076,1909f56bfc062723c751e8b465ee728b)  -> (artifact id: 'f4862ca5802dff7b68163cfc79f7d49a') in 0.006007 seconds
Number of updated asset objects reloaded before import = 0
Number of asset objects unloaded after import = 139
========================================================================
Received Import Request.
  Time since last request: 0.000022 seconds.
  path: Assets/Visual/Animation/Universal_Traversal_Anims/Art/Animations/Traversal_Ladder_Slide_Down_End.fbx
  artifactKey: Guid(b24af3f8f10e07045b38495aa196939f) Importer(815301076,1909f56bfc062723c751e8b465ee728b)
Start importing Assets/Visual/Animation/Universal_Traversal_Anims/Art/Animations/Traversal_Ladder_Slide_Down_End.fbx using Guid(b24af3f8f10e07045b38495aa196939f) Importer(815301076,1909f56bfc062723c751e8b465ee728b)  -> (artifact id: 'f224dc7f9a56c6ac69cdc29467b123e6') in 0.008511 seconds
Number of updated asset objects reloaded before import = 0
Number of asset objects unloaded after import = 139
========================================================================
Received Import Request.
  Time since last request: 0.000017 seconds.
  path: Assets/Visual/Animation/Universal_Traversal_Anims/Art/Animations/Traversal_LedgeWalk_Left_Cancel_Crouched.fbx
  artifactKey: Guid(0646ae804ff184c49951677bbcbd9880) Importer(815301076,1909f56bfc062723c751e8b465ee728b)
Start importing Assets/Visual/Animation/Universal_Traversal_Anims/Art/Animations/Traversal_LedgeWalk_Left_Cancel_Crouched.fbx using Guid(0646ae804ff184c49951677bbcbd9880) Importer(815301076,1909f56bfc062723c751e8b465ee728b)  -> (artifact id: 'ecda05ee64c85d163c4ba27f1ef81b44') in 0.005791 seconds
Number of updated asset objects reloaded before import = 0
Number of asset objects unloaded after import = 139
========================================================================
Received Import Request.
  Time since last request: 0.000012 seconds.
  path: Assets/Visual/Animation/Universal_Traversal_Anims/Art/Animations/Traversal_LedgeWalk_Left_90Degrees_OutwardCorner_Crouched.fbx
  artifactKey: Guid(c39828b2146699f44ad3a5a24cddee24) Importer(815301076,1909f56bfc062723c751e8b465ee728b)
Start importing Assets/Visual/Animation/Universal_Traversal_Anims/Art/Animations/Traversal_LedgeWalk_Left_90Degrees_OutwardCorner_Crouched.fbx using Guid(c39828b2146699f44ad3a5a24cddee24) Importer(815301076,1909f56bfc062723c751e8b465ee728b)  -> (artifact id: '22afc64714fdceaf27cca243ad9e1cb0') in 0.007382 seconds
Number of updated asset objects reloaded before import = 0
Number of asset objects unloaded after import = 139
========================================================================
Received Import Request.
  Time since last request: 0.000015 seconds.
  path: Assets/Visual/Animation/Universal_Traversal_Anims/Art/Animations/Traversal_Fence_91cm_JumpOver_to_Wall_Climb_HangingIdle.fbx
  artifactKey: Guid(6027ac7a52699ff4597bb70229cd6adf) Importer(815301076,1909f56bfc062723c751e8b465ee728b)
Start importing Assets/Visual/Animation/Universal_Traversal_Anims/Art/Animations/Traversal_Fence_91cm_JumpOver_to_Wall_Climb_HangingIdle.fbx using Guid(6027ac7a52699ff4597bb70229cd6adf) Importer(815301076,1909f56bfc062723c751e8b465ee728b)  -> (artifact id: '6e556ac29669237dc777228df0ce3d17') in 0.008163 seconds
Number of updated asset objects reloaded before import = 0
Number of asset objects unloaded after import = 139
========================================================================
Received Import Request.
  Time since last request: 0.000014 seconds.
  path: Assets/Visual/Animation/Universal_Traversal_Anims/Art/Animations/Traversal_Door_KickDown_Unsuccessful_Loop.fbx
  artifactKey: Guid(1e5b1c84a70a3864980e7324906bd9eb) Importer(815301076,1909f56bfc062723c751e8b465ee728b)
Start importing Assets/Visual/Animation/Universal_Traversal_Anims/Art/Animations/Traversal_Door_KickDown_Unsuccessful_Loop.fbx using Guid(1e5b1c84a70a3864980e7324906bd9eb) Importer(815301076,1909f56bfc062723c751e8b465ee728b)  -> (artifact id: 'e0529effea0797f72e9f7dbe531fd04c') in 0.007885 seconds
Number of updated asset objects reloaded before import = 0
Number of asset objects unloaded after import = 139
========================================================================
Received Import Request.
  Time since last request: 0.390209 seconds.
  path: Assets/Visual/Animation/Universal_Traversal_Anims/Art/Animations/Traversal_LedgeWalk_Left_WholeSequence.fbx
  artifactKey: Guid(066ff0377adb5f044a453f24d05a1d06) Importer(815301076,1909f56bfc062723c751e8b465ee728b)
Start importing Assets/Visual/Animation/Universal_Traversal_Anims/Art/Animations/Traversal_LedgeWalk_Left_WholeSequence.fbx using Guid(066ff0377adb5f044a453f24d05a1d06) Importer(815301076,1909f56bfc062723c751e8b465ee728b)  -> (artifact id: '8e90b2be7cf58e01cced08b14cbe4ee5') in 0.005839 seconds
Number of updated asset objects reloaded before import = 0
Number of asset objects unloaded after import = 139
========================================================================
Received Import Request.
  Time since last request: 0.000014 seconds.
  path: Assets/Visual/Animation/Universal_Traversal_Anims/Art/Animations/Traversal_LedgeWalk_Right_End_Crouched.fbx
  artifactKey: Guid(320cd671a6f5c3c4d9451425904f4dcc) Importer(815301076,1909f56bfc062723c751e8b465ee728b)
Start importing Assets/Visual/Animation/Universal_Traversal_Anims/Art/Animations/Traversal_LedgeWalk_Right_End_Crouched.fbx using Guid(320cd671a6f5c3c4d9451425904f4dcc) Importer(815301076,1909f56bfc062723c751e8b465ee728b)  -> (artifact id: '086d4096d13b5e6ae0408ebc8e0aca64') in 0.006403 seconds
Number of updated asset objects reloaded before import = 0
Number of asset objects unloaded after import = 139
========================================================================
Received Import Request.
  Time since last request: 0.000017 seconds.
  path: Assets/Visual/Animation/Universal_Traversal_Anims/Art/Animations/Traversal_LedgeWalk_Right_Loop_Crouched.fbx
  artifactKey: Guid(05b0456e91738d74c98c16bf41594634) Importer(815301076,1909f56bfc062723c751e8b465ee728b)
Start importing Assets/Visual/Animation/Universal_Traversal_Anims/Art/Animations/Traversal_LedgeWalk_Right_Loop_Crouched.fbx using Guid(05b0456e91738d74c98c16bf41594634) Importer(815301076,1909f56bfc062723c751e8b465ee728b)  -> (artifact id: '5ba51b1faa34ffdbf6b6a82b77f3d4f9') in 0.005684 seconds
Number of updated asset objects reloaded before import = 0
Number of asset objects unloaded after import = 139
========================================================================
Received Import Request.
  Time since last request: 0.000016 seconds.
  path: Assets/Visual/Animation/Universal_Traversal_Anims/Art/Animations/Traversal_LedgeWalk_Right_90Degrees_OutwardCorner.fbx
  artifactKey: Guid(6fa66837aed01114d85b7eb238b2ff77) Importer(815301076,1909f56bfc062723c751e8b465ee728b)
Start importing Assets/Visual/Animation/Universal_Traversal_Anims/Art/Animations/Traversal_LedgeWalk_Right_90Degrees_OutwardCorner.fbx using Guid(6fa66837aed01114d85b7eb238b2ff77) Importer(815301076,1909f56bfc062723c751e8b465ee728b)  -> (artifact id: '1a87b71a0edf0dfa83703c91c058c599') in 0.007188 seconds
Number of updated asset objects reloaded before import = 0
Number of asset objects unloaded after import = 139
========================================================================
Received Import Request.
  Time since last request: 0.000013 seconds.
  path: Assets/Visual/Animation/Universal_Traversal_Anims/Art/Animations/Traversal_LedgeWalk_Right_Cancel_Crouched.fbx
  artifactKey: Guid(0d2c1385dba3eb546a7ef8e4731fb739) Importer(815301076,1909f56bfc062723c751e8b465ee728b)
Start importing Assets/Visual/Animation/Universal_Traversal_Anims/Art/Animations/Traversal_LedgeWalk_Right_Cancel_Crouched.fbx using Guid(0d2c1385dba3eb546a7ef8e4731fb739) Importer(815301076,1909f56bfc062723c751e8b465ee728b)  -> (artifact id: 'a871e1bb59d2d7af2cb976d99495429f') in 0.007904 seconds
Number of updated asset objects reloaded before import = 0
Number of asset objects unloaded after import = 139
========================================================================
Received Import Request.
  Time since last request: 0.000016 seconds.
  path: Assets/Visual/Animation/Universal_Traversal_Anims/Art/Animations/Traversal_LedgeWalk_Right_90Degrees_InsideCorner_Crouched.fbx
  artifactKey: Guid(1c982b4eb4f8ebe46a6c7029739b1b40) Importer(815301076,1909f56bfc062723c751e8b465ee728b)
Start importing Assets/Visual/Animation/Universal_Traversal_Anims/Art/Animations/Traversal_LedgeWalk_Right_90Degrees_InsideCorner_Crouched.fbx using Guid(1c982b4eb4f8ebe46a6c7029739b1b40) Importer(815301076,1909f56bfc062723c751e8b465ee728b)  -> (artifact id: '79b79bfe0d10b71d292da07baf6ffb7a') in 0.009796 seconds
Number of updated asset objects reloaded before import = 0
Number of asset objects unloaded after import = 139
========================================================================
Received Import Request.
  Time since last request: 0.000014 seconds.
  path: Assets/Visual/Animation/Universal_Traversal_Anims/Art/Animations/Traversal_LedgeWalk_Right_WholeSequence.fbx
  artifactKey: Guid(e09631a91b1046346bfc65c4b75ddaf0) Importer(815301076,1909f56bfc062723c751e8b465ee728b)
Start importing Assets/Visual/Animation/Universal_Traversal_Anims/Art/Animations/Traversal_LedgeWalk_Right_WholeSequence.fbx using Guid(e09631a91b1046346bfc65c4b75ddaf0) Importer(815301076,1909f56bfc062723c751e8b465ee728b)  -> (artifact id: '334decea82ccbfa65c15f54b480cecd3') in 0.008643 seconds
Number of updated asset objects reloaded before import = 0
Number of asset objects unloaded after import = 139
========================================================================
Received Import Request.
  Time since last request: 0.000017 seconds.
  path: Assets/Visual/Animation/Universal_Traversal_Anims/Art/Animations/Traversal_Movement_Backhandspring_Start.fbx
  artifactKey: Guid(fd48b52083bb81240bb73d31e903488b) Importer(815301076,1909f56bfc062723c751e8b465ee728b)
Start importing Assets/Visual/Animation/Universal_Traversal_Anims/Art/Animations/Traversal_Movement_Backhandspring_Start.fbx using Guid(fd48b52083bb81240bb73d31e903488b) Importer(815301076,1909f56bfc062723c751e8b465ee728b)  -> (artifact id: '316944c06f496d857205a6d254d9db20') in 0.007675 seconds
Number of updated asset objects reloaded before import = 0
Number of asset objects unloaded after import = 139
========================================================================
Received Import Request.
  Time since last request: 0.000017 seconds.
  path: Assets/Visual/Animation/Universal_Traversal_Anims/Art/Animations/Traversal_Movement_FrogJump_91cmHeight_JumpForward.fbx
  artifactKey: Guid(b781dcd8f9b870d498efffe043870f7a) Importer(815301076,1909f56bfc062723c751e8b465ee728b)
Start importing Assets/Visual/Animation/Universal_Traversal_Anims/Art/Animations/Traversal_Movement_FrogJump_91cmHeight_JumpForward.fbx using Guid(b781dcd8f9b870d498efffe043870f7a) Importer(815301076,1909f56bfc062723c751e8b465ee728b)  -> (artifact id: 'a6d09681728a6330077a0da2ef8c8a9f') in 0.006578 seconds
Number of updated asset objects reloaded before import = 0
Number of asset objects unloaded after import = 139
========================================================================
Received Import Request.
  Time since last request: 0.000013 seconds.
  path: Assets/Visual/Animation/Universal_Traversal_Anims/Art/Animations/Traversal_Movement_DiveForwardRoll_fromRun_toRun.fbx
  artifactKey: Guid(5fa2ee507fe2d8649a39948d766decee) Importer(815301076,1909f56bfc062723c751e8b465ee728b)
Start importing Assets/Visual/Animation/Universal_Traversal_Anims/Art/Animations/Traversal_Movement_DiveForwardRoll_fromRun_toRun.fbx using Guid(5fa2ee507fe2d8649a39948d766decee) Importer(815301076,1909f56bfc062723c751e8b465ee728b)  -> (artifact id: 'f08361cfefe5a0d7170b53717ef0f9d0') in 0.008275 seconds
Number of updated asset objects reloaded before import = 0
Number of asset objects unloaded after import = 139
========================================================================
Received Import Request.
  Time since last request: 0.000013 seconds.
  path: Assets/Visual/Animation/Universal_Traversal_Anims/Art/Animations/Traversal_Movement_Jump_InPlace_to_Pole_Climb_Idle.fbx
  artifactKey: Guid(7630c686813b690439e3a16db0102a71) Importer(815301076,1909f56bfc062723c751e8b465ee728b)
Start importing Assets/Visual/Animation/Universal_Traversal_Anims/Art/Animations/Traversal_Movement_Jump_InPlace_to_Pole_Climb_Idle.fbx using Guid(7630c686813b690439e3a16db0102a71) Importer(815301076,1909f56bfc062723c751e8b465ee728b)  -> (artifact id: 'ce7be903ff86af9c9ed857347042d32a') in 0.007558 seconds
Number of updated asset objects reloaded before import = 0
Number of asset objects unloaded after import = 139
========================================================================
Received Import Request.
  Time since last request: 0.000014 seconds.
  path: Assets/Visual/Animation/Universal_Traversal_Anims/Art/Animations/Traversal_Movement_Jump_InPlace_PreLanding.fbx
  artifactKey: Guid(a3f4091f6e71efd4ca225e04a7ad3a0c) Importer(815301076,1909f56bfc062723c751e8b465ee728b)
Start importing Assets/Visual/Animation/Universal_Traversal_Anims/Art/Animations/Traversal_Movement_Jump_InPlace_PreLanding.fbx using Guid(a3f4091f6e71efd4ca225e04a7ad3a0c) Importer(815301076,1909f56bfc062723c751e8b465ee728b)  -> (artifact id: '97d7fef9d70c6d454c907cc1334f9487') in 0.007293 seconds
Number of updated asset objects reloaded before import = 0
Number of asset objects unloaded after import = 139
========================================================================
Received Import Request.
  Time since last request: 0.000022 seconds.
  path: Assets/Visual/Animation/Universal_Traversal_Anims/Art/Animations/Traversal_Movement_QuickDropDownBelow_fromRunToRun.fbx
  artifactKey: Guid(0f865af68c007a64eb9d3fb3d052f212) Importer(815301076,1909f56bfc062723c751e8b465ee728b)
Start importing Assets/Visual/Animation/Universal_Traversal_Anims/Art/Animations/Traversal_Movement_QuickDropDownBelow_fromRunToRun.fbx using Guid(0f865af68c007a64eb9d3fb3d052f212) Importer(815301076,1909f56bfc062723c751e8b465ee728b)  -> (artifact id: '343483eaa0eed5353cc1a40b36e8296c') in 0.007896 seconds
Number of updated asset objects reloaded before import = 0
Number of asset objects unloaded after import = 139
========================================================================
Received Import Request.
  Time since last request: 0.000015 seconds.
  path: Assets/Visual/Animation/Universal_Traversal_Anims/Art/Animations/Traversal_Movement_Jump_InPlace_PreJump.fbx
  artifactKey: Guid(9b60159da7db16944895c50f4ccd0f3d) Importer(815301076,1909f56bfc062723c751e8b465ee728b)
Start importing Assets/Visual/Animation/Universal_Traversal_Anims/Art/Animations/Traversal_Movement_Jump_InPlace_PreJump.fbx using Guid(9b60159da7db16944895c50f4ccd0f3d) Importer(815301076,1909f56bfc062723c751e8b465ee728b)  -> (artifact id: '40e24436fcd70ca1068b74a752bc8706') in 0.005455 seconds
Number of updated asset objects reloaded before import = 0
Number of asset objects unloaded after import = 139
========================================================================
Received Import Request.
  Time since last request: 0.000017 seconds.
  path: Assets/Visual/Animation/Universal_Traversal_Anims/Art/Animations/Traversal_Movement_Sprint.fbx
  artifactKey: Guid(b3e48a6d2be5b6d458c285e25a5f4bf8) Importer(815301076,1909f56bfc062723c751e8b465ee728b)
Start importing Assets/Visual/Animation/Universal_Traversal_Anims/Art/Animations/Traversal_Movement_Sprint.fbx using Guid(b3e48a6d2be5b6d458c285e25a5f4bf8) Importer(815301076,1909f56bfc062723c751e8b465ee728b)  -> (artifact id: '820358179bf4d3335ca7f212fc1d42c7') in 0.006620 seconds
Number of updated asset objects reloaded before import = 0
Number of asset objects unloaded after import = 139
========================================================================
Received Import Request.
  Time since last request: 0.000021 seconds.
  path: Assets/Visual/Animation/Universal_Traversal_Anims/Art/Animations/Traversal_Movement_Turn_180.fbx
  artifactKey: Guid(de9c79bc41e5e38488aa0481d1b4279b) Importer(815301076,1909f56bfc062723c751e8b465ee728b)
Start importing Assets/Visual/Animation/Universal_Traversal_Anims/Art/Animations/Traversal_Movement_Turn_180.fbx using Guid(de9c79bc41e5e38488aa0481d1b4279b) Importer(815301076,1909f56bfc062723c751e8b465ee728b)  -> (artifact id: '6164fd5c6928c021b7fb98a0975bb865') in 0.006150 seconds
Number of updated asset objects reloaded before import = 0
Number of asset objects unloaded after import = 139
========================================================================
Received Import Request.
  Time since last request: 0.000013 seconds.
  path: Assets/Visual/Animation/Universal_Traversal_Anims/Art/Animations/Traversal_Movement_Backhandspring_Loop.fbx
  artifactKey: Guid(668ae9041e943f94baf6fc2029a161ea) Importer(815301076,1909f56bfc062723c751e8b465ee728b)
Start importing Assets/Visual/Animation/Universal_Traversal_Anims/Art/Animations/Traversal_Movement_Backhandspring_Loop.fbx using Guid(668ae9041e943f94baf6fc2029a161ea) Importer(815301076,1909f56bfc062723c751e8b465ee728b)  -> (artifact id: 'c80bf5476220b60abffb4b89c2199b5e') in 0.006647 seconds
Number of updated asset objects reloaded before import = 0
Number of asset objects unloaded after import = 139
========================================================================
Received Import Request.
  Time since last request: 0.000021 seconds.
  path: Assets/Visual/Animation/Universal_Traversal_Anims/Art/Animations/Traversal_Movement_Run_ForwardLeft.fbx
  artifactKey: Guid(c9641bb515a9e2c4b8a400b067468ec8) Importer(815301076,1909f56bfc062723c751e8b465ee728b)
Start importing Assets/Visual/Animation/Universal_Traversal_Anims/Art/Animations/Traversal_Movement_Run_ForwardLeft.fbx using Guid(c9641bb515a9e2c4b8a400b067468ec8) Importer(815301076,1909f56bfc062723c751e8b465ee728b)  -> (artifact id: '689968a59a66394c7daeac26c2c1aa7b') in 0.006192 seconds
Number of updated asset objects reloaded before import = 0
Number of asset objects unloaded after import = 139
========================================================================
Received Import Request.
  Time since last request: 0.000016 seconds.
  path: Assets/Visual/Animation/Universal_Traversal_Anims/Art/Animations/Traversal_Movement_Run_Back.fbx
  artifactKey: Guid(d59f0a1ca38a3694cb4acd3fca8081d7) Importer(815301076,1909f56bfc062723c751e8b465ee728b)
Start importing Assets/Visual/Animation/Universal_Traversal_Anims/Art/Animations/Traversal_Movement_Run_Back.fbx using Guid(d59f0a1ca38a3694cb4acd3fca8081d7) Importer(815301076,1909f56bfc062723c751e8b465ee728b)  -> (artifact id: '0dab0c69ba33557a9fe8f2954a4533ff') in 0.007589 seconds
Number of updated asset objects reloaded before import = 0
Number of asset objects unloaded after import = 139
========================================================================
Received Import Request.
  Time since last request: 0.000020 seconds.
  path: Assets/Visual/Animation/Universal_Traversal_Anims/Art/Animations/Traversal_Movement_Jump_InPlace_Loop.fbx
  artifactKey: Guid(0108e343349b0cc4a99eccc881ee60fc) Importer(815301076,1909f56bfc062723c751e8b465ee728b)
Start importing Assets/Visual/Animation/Universal_Traversal_Anims/Art/Animations/Traversal_Movement_Jump_InPlace_Loop.fbx using Guid(0108e343349b0cc4a99eccc881ee60fc) Importer(815301076,1909f56bfc062723c751e8b465ee728b)  -> (artifact id: '04cce556180d2cfddbe6368207805507') in 0.007687 seconds
Number of updated asset objects reloaded before import = 0
Number of asset objects unloaded after import = 139
========================================================================
Received Import Request.
  Time since last request: 0.000027 seconds.
  path: Assets/Visual/Animation/Universal_Traversal_Anims/Art/Animations/Traversal_Movement_Run_BackRight.fbx
  artifactKey: Guid(bf269fe569881d7438bba552fc87f46b) Importer(815301076,1909f56bfc062723c751e8b465ee728b)
Start importing Assets/Visual/Animation/Universal_Traversal_Anims/Art/Animations/Traversal_Movement_Run_BackRight.fbx using Guid(bf269fe569881d7438bba552fc87f46b) Importer(815301076,1909f56bfc062723c751e8b465ee728b)  -> (artifact id: 'fde8f95f4ca1e95d3e7da21ea3400783') in 0.007626 seconds
Number of updated asset objects reloaded before import = 0
Number of asset objects unloaded after import = 139
========================================================================
Received Import Request.
  Time since last request: 0.000012 seconds.
  path: Assets/Visual/Animation/Universal_Traversal_Anims/Art/Animations/Traversal_Movement_Jump_InPlace_to_Wall_Climb_4Limbs_Hold_Idle.fbx
  artifactKey: Guid(cd83e396882dd9b4090669df587c98e1) Importer(815301076,1909f56bfc062723c751e8b465ee728b)
Start importing Assets/Visual/Animation/Universal_Traversal_Anims/Art/Animations/Traversal_Movement_Jump_InPlace_to_Wall_Climb_4Limbs_Hold_Idle.fbx using Guid(cd83e396882dd9b4090669df587c98e1) Importer(815301076,1909f56bfc062723c751e8b465ee728b)  -> (artifact id: '4634f14134a6c9b51494c96c2ffa86b4') in 0.005559 seconds
Number of updated asset objects reloaded before import = 0
Number of asset objects unloaded after import = 139
========================================================================
Received Import Request.
  Time since last request: 0.000016 seconds.
  path: Assets/Visual/Animation/Universal_Traversal_Anims/Art/Animations/Traversal_Movement_Run_Right.fbx
  artifactKey: Guid(9a47a192006b4864d94aeada38e17d04) Importer(815301076,1909f56bfc062723c751e8b465ee728b)
Start importing Assets/Visual/Animation/Universal_Traversal_Anims/Art/Animations/Traversal_Movement_Run_Right.fbx using Guid(9a47a192006b4864d94aeada38e17d04) Importer(815301076,1909f56bfc062723c751e8b465ee728b)  -> (artifact id: '6d2157c99d9fea818c9ec509c3a9dffe') in 0.007176 seconds
Number of updated asset objects reloaded before import = 0
Number of asset objects unloaded after import = 139
========================================================================
Received Import Request.
  Time since last request: 0.000016 seconds.
  path: Assets/Visual/Animation/Universal_Traversal_Anims/Art/Animations/Traversal_LedgeWalk_Right_Start_Crouched.fbx
  artifactKey: Guid(58525fab7d4e5fb4fa5333582220d54b) Importer(815301076,1909f56bfc062723c751e8b465ee728b)
Start importing Assets/Visual/Animation/Universal_Traversal_Anims/Art/Animations/Traversal_LedgeWalk_Right_Start_Crouched.fbx using Guid(58525fab7d4e5fb4fa5333582220d54b) Importer(815301076,1909f56bfc062723c751e8b465ee728b)  -> (artifact id: '35d69e96e2218813f241b17305d646fc') in 0.008281 seconds
Number of updated asset objects reloaded before import = 0
Number of asset objects unloaded after import = 139
========================================================================
Received Import Request.
  Time since last request: 0.000015 seconds.
  path: Assets/Visual/Animation/Universal_Traversal_Anims/Art/Animations/Traversal_Movement_Stop_InPlace.fbx
  artifactKey: Guid(c0bf84f2412a8c448b07af5cadf79afd) Importer(815301076,1909f56bfc062723c751e8b465ee728b)
Start importing Assets/Visual/Animation/Universal_Traversal_Anims/Art/Animations/Traversal_Movement_Stop_InPlace.fbx using Guid(c0bf84f2412a8c448b07af5cadf79afd) Importer(815301076,1909f56bfc062723c751e8b465ee728b)  -> (artifact id: 'fa68c893729de1f918cfaa02cc0777f0') in 0.006807 seconds
Number of updated asset objects reloaded before import = 0
Number of asset objects unloaded after import = 139
========================================================================
Received Import Request.
  Time since last request: 0.000015 seconds.
  path: Assets/Visual/Animation/Universal_Traversal_Anims/Art/Animations/Traversal_Movement_Run_n_KneeSlide_WholeSequence.fbx
  artifactKey: Guid(36ac1eec00d619849aaaa3e20403f3d5) Importer(815301076,1909f56bfc062723c751e8b465ee728b)
Start importing Assets/Visual/Animation/Universal_Traversal_Anims/Art/Animations/Traversal_Movement_Run_n_KneeSlide_WholeSequence.fbx using Guid(36ac1eec00d619849aaaa3e20403f3d5) Importer(815301076,1909f56bfc062723c751e8b465ee728b)  -> (artifact id: '5e2cc77f879992a035d1e6175ed487d5') in 0.006791 seconds
Number of updated asset objects reloaded before import = 0
Number of asset objects unloaded after import = 139
========================================================================
Received Import Request.
  Time since last request: 0.000017 seconds.
  path: Assets/Visual/Animation/Universal_Traversal_Anims/Art/Animations/Traversal_Movement_Turn_Right90.fbx
  artifactKey: Guid(e848b41bb914c324595a1dcf59ae20fe) Importer(815301076,1909f56bfc062723c751e8b465ee728b)
Start importing Assets/Visual/Animation/Universal_Traversal_Anims/Art/Animations/Traversal_Movement_Turn_Right90.fbx using Guid(e848b41bb914c324595a1dcf59ae20fe) Importer(815301076,1909f56bfc062723c751e8b465ee728b)  -> (artifact id: '06e7ec99d0f805e8af3d4e41e3a0b454') in 0.011782 seconds
Number of updated asset objects reloaded before import = 0
Number of asset objects unloaded after import = 139
========================================================================
Received Import Request.
  Time since last request: 0.000017 seconds.
  path: Assets/Visual/Animation/Universal_Traversal_Anims/Art/Animations/Traversal_Movement_Run_n_Slide_End.fbx
  artifactKey: Guid(037642b2ec4b9254aa7906bbe43b0fcc) Importer(815301076,1909f56bfc062723c751e8b465ee728b)
Start importing Assets/Visual/Animation/Universal_Traversal_Anims/Art/Animations/Traversal_Movement_Run_n_Slide_End.fbx using Guid(037642b2ec4b9254aa7906bbe43b0fcc) Importer(815301076,1909f56bfc062723c751e8b465ee728b)  -> (artifact id: '59faabadec8a2aeb13f0605442c6f7f2') in 0.007688 seconds
Number of updated asset objects reloaded before import = 0
Number of asset objects unloaded after import = 139
========================================================================
Received Import Request.
  Time since last request: 0.000022 seconds.
  path: Assets/Visual/Animation/Universal_Traversal_Anims/Art/Animations/Traversal_Movement_Jump_fromRun_toRun.fbx
  artifactKey: Guid(69ae6502a6c2e964c8ca34e0731deb0a) Importer(815301076,1909f56bfc062723c751e8b465ee728b)
Start importing Assets/Visual/Animation/Universal_Traversal_Anims/Art/Animations/Traversal_Movement_Jump_fromRun_toRun.fbx using Guid(69ae6502a6c2e964c8ca34e0731deb0a) Importer(815301076,1909f56bfc062723c751e8b465ee728b)  -> (artifact id: '8661f72cf7936ff9847d45d3bc6c9b90') in 0.007010 seconds
Number of updated asset objects reloaded before import = 0
Number of asset objects unloaded after import = 139
========================================================================
Received Import Request.
  Time since last request: 0.000016 seconds.
  path: Assets/Visual/Animation/Universal_Traversal_Anims/Art/Animations/Traversal_Movement_Run_n_KneeSlide_Pistol_End.fbx
  artifactKey: Guid(35b9112fbb2bd1f42a57a41baa5eea29) Importer(815301076,1909f56bfc062723c751e8b465ee728b)
Start importing Assets/Visual/Animation/Universal_Traversal_Anims/Art/Animations/Traversal_Movement_Run_n_KneeSlide_Pistol_End.fbx using Guid(35b9112fbb2bd1f42a57a41baa5eea29) Importer(815301076,1909f56bfc062723c751e8b465ee728b)  -> (artifact id: '4063f6a6a26d4662ff8db534c737fd0d') in 0.008751 seconds
Number of updated asset objects reloaded before import = 0
Number of asset objects unloaded after import = 139
========================================================================
Received Import Request.
  Time since last request: 0.000013 seconds.
  path: Assets/Visual/Animation/Universal_Traversal_Anims/Art/Animations/Traversal_LedgeWalk_Left_WholeSequence_Crouched.fbx
  artifactKey: Guid(85a46d3df37ae8f46a82868406782e1c) Importer(815301076,1909f56bfc062723c751e8b465ee728b)
Start importing Assets/Visual/Animation/Universal_Traversal_Anims/Art/Animations/Traversal_LedgeWalk_Left_WholeSequence_Crouched.fbx using Guid(85a46d3df37ae8f46a82868406782e1c) Importer(815301076,1909f56bfc062723c751e8b465ee728b)  -> (artifact id: '21c32da6143b96c4b8a37e3f710de06a') in 0.007098 seconds
Number of updated asset objects reloaded before import = 0
Number of asset objects unloaded after import = 139
========================================================================
Received Import Request.
  Time since last request: 0.000014 seconds.
  path: Assets/Visual/Animation/Universal_Traversal_Anims/Art/Animations/Traversal_Movement_Jump_InPlace_WholeSequence.fbx
  artifactKey: Guid(66e26806a0269464b8b6acd41383958b) Importer(815301076,1909f56bfc062723c751e8b465ee728b)
Start importing Assets/Visual/Animation/Universal_Traversal_Anims/Art/Animations/Traversal_Movement_Jump_InPlace_WholeSequence.fbx using Guid(66e26806a0269464b8b6acd41383958b) Importer(815301076,1909f56bfc062723c751e8b465ee728b)  -> (artifact id: '99d863739d27d8947b0489953b5f6290') in 0.008823 seconds
Number of updated asset objects reloaded before import = 0
Number of asset objects unloaded after import = 139
========================================================================
Received Import Request.
  Time since last request: 0.000021 seconds.
  path: Assets/Visual/Animation/Universal_Traversal_Anims/Art/Animations/Traversal_Movement_Landing_Roll_toRun.fbx
  artifactKey: Guid(a957eeab6eef0b54eb0553a144806b54) Importer(815301076,1909f56bfc062723c751e8b465ee728b)
Start importing Assets/Visual/Animation/Universal_Traversal_Anims/Art/Animations/Traversal_Movement_Landing_Roll_toRun.fbx using Guid(a957eeab6eef0b54eb0553a144806b54) Importer(815301076,1909f56bfc062723c751e8b465ee728b)  -> (artifact id: '3cabeccc9fcef24c734f194fd7bc56e2') in 0.008122 seconds
Number of updated asset objects reloaded before import = 0
Number of asset objects unloaded after import = 139
========================================================================
Received Import Request.
  Time since last request: 0.000013 seconds.
  path: Assets/Visual/Animation/Universal_Traversal_Anims/Art/Animations/Traversal_Movement_Walk_ForwardLeft.fbx
  artifactKey: Guid(1d4fd1cc34ebd464794e67b70e35147c) Importer(815301076,1909f56bfc062723c751e8b465ee728b)
Start importing Assets/Visual/Animation/Universal_Traversal_Anims/Art/Animations/Traversal_Movement_Walk_ForwardLeft.fbx using Guid(1d4fd1cc34ebd464794e67b70e35147c) Importer(815301076,1909f56bfc062723c751e8b465ee728b)  -> (artifact id: '862a037b0ad8a16a1e0f634c8c1cd095') in 0.007048 seconds
Number of updated asset objects reloaded before import = 0
Number of asset objects unloaded after import = 139
========================================================================
Received Import Request.
  Time since last request: 0.000018 seconds.
  path: Assets/Visual/Animation/Universal_Traversal_Anims/Art/Animations/Traversal_Movement_Run_n_Slide_Loop.fbx
  artifactKey: Guid(19e6b3618b55f5c40a87967c13025933) Importer(815301076,1909f56bfc062723c751e8b465ee728b)
Start importing Assets/Visual/Animation/Universal_Traversal_Anims/Art/Animations/Traversal_Movement_Run_n_Slide_Loop.fbx using Guid(19e6b3618b55f5c40a87967c13025933) Importer(815301076,1909f56bfc062723c751e8b465ee728b)  -> (artifact id: '40d979824381cd67a5964a979d284d41') in 0.007895 seconds
Number of updated asset objects reloaded before import = 0
Number of asset objects unloaded after import = 139
========================================================================
Received Import Request.
  Time since last request: 0.000021 seconds.
  path: Assets/Visual/Animation/Universal_Traversal_Anims/Art/Animations/Traversal_Movement_Run_n_Slide_WholeSequence.fbx
  artifactKey: Guid(2fe55b01c09b60e4eb049d662e32f1ea) Importer(815301076,1909f56bfc062723c751e8b465ee728b)
Start importing Assets/Visual/Animation/Universal_Traversal_Anims/Art/Animations/Traversal_Movement_Run_n_Slide_WholeSequence.fbx using Guid(2fe55b01c09b60e4eb049d662e32f1ea) Importer(815301076,1909f56bfc062723c751e8b465ee728b)  -> (artifact id: '617bf5d266cb335014d6c6455c15d5d6') in 0.013149 seconds
Number of updated asset objects reloaded before import = 0
Number of asset objects unloaded after import = 139
========================================================================
Received Import Request.
  Time since last request: 0.000024 seconds.
  path: Assets/Visual/Animation/Universal_Traversal_Anims/Art/Animations/Traversal_LedgeWalk_Right_Idle.fbx
  artifactKey: Guid(b1ff4017f8a333a469f6f84fe85dc87f) Importer(815301076,1909f56bfc062723c751e8b465ee728b)
Start importing Assets/Visual/Animation/Universal_Traversal_Anims/Art/Animations/Traversal_LedgeWalk_Right_Idle.fbx using Guid(b1ff4017f8a333a469f6f84fe85dc87f) Importer(815301076,1909f56bfc062723c751e8b465ee728b)  -> (artifact id: '26b34209254e014f3d15cb10434f812a') in 0.010351 seconds
Number of updated asset objects reloaded before import = 0
Number of asset objects unloaded after import = 139
========================================================================
Received Import Request.
  Time since last request: 0.000024 seconds.
  path: Assets/Visual/Animation/Universal_Traversal_Anims/Art/Animations/Traversal_Movement_Run_n_KneeSlide_Pistol_WholeSequence.fbx
  artifactKey: Guid(a9bd5bfa7579e86439b92b1e31f6c530) Importer(815301076,1909f56bfc062723c751e8b465ee728b)
Start importing Assets/Visual/Animation/Universal_Traversal_Anims/Art/Animations/Traversal_Movement_Run_n_KneeSlide_Pistol_WholeSequence.fbx using Guid(a9bd5bfa7579e86439b92b1e31f6c530) Importer(815301076,1909f56bfc062723c751e8b465ee728b)  -> (artifact id: '6b52a862eb5da284b970e836733b8e7d') in 0.008503 seconds
Number of updated asset objects reloaded before import = 0
Number of asset objects unloaded after import = 139
========================================================================
Received Import Request.
  Time since last request: 0.000016 seconds.
  path: Assets/Visual/Animation/Universal_Traversal_Anims/Art/Animations/Traversal_Movement_Walk_BackRight.fbx
  artifactKey: Guid(86e990e6748e0a54b8b4c93a58fc5e4a) Importer(815301076,1909f56bfc062723c751e8b465ee728b)
Start importing Assets/Visual/Animation/Universal_Traversal_Anims/Art/Animations/Traversal_Movement_Walk_BackRight.fbx using Guid(86e990e6748e0a54b8b4c93a58fc5e4a) Importer(815301076,1909f56bfc062723c751e8b465ee728b)  -> (artifact id: '35a4083b8f1fa1afa7bb1d4c6a3ae36a') in 0.008851 seconds
Number of updated asset objects reloaded before import = 0
Number of asset objects unloaded after import = 139
========================================================================
Received Import Request.
  Time since last request: 0.000015 seconds.
  path: Assets/Visual/Animation/Universal_Traversal_Anims/Art/Animations/Traversal_Movement_LazyVault_Left.fbx
  artifactKey: Guid(c0b957413f73ee0498924fde7b6a9bbe) Importer(815301076,1909f56bfc062723c751e8b465ee728b)
Start importing Assets/Visual/Animation/Universal_Traversal_Anims/Art/Animations/Traversal_Movement_LazyVault_Left.fbx using Guid(c0b957413f73ee0498924fde7b6a9bbe) Importer(815301076,1909f56bfc062723c751e8b465ee728b)  -> (artifact id: '206f1565430c75b03ecd644ca25a0595') in 0.008298 seconds
Number of updated asset objects reloaded before import = 0
Number of asset objects unloaded after import = 139
========================================================================
Received Import Request.
  Time since last request: 0.536450 seconds.
  path: Assets/Visual/Animation/Universal_Traversal_Anims/Art/Animations/Traversal_Movement_WallRun_Left_Loop.fbx
  artifactKey: Guid(ec9b3faf5e0ea864ea61076bc6d134b5) Importer(815301076,1909f56bfc062723c751e8b465ee728b)
Start importing Assets/Visual/Animation/Universal_Traversal_Anims/Art/Animations/Traversal_Movement_WallRun_Left_Loop.fbx using Guid(ec9b3faf5e0ea864ea61076bc6d134b5) Importer(815301076,1909f56bfc062723c751e8b465ee728b)  -> (artifact id: 'c052868a77d8ebee441326deffbf0237') in 0.005986 seconds
Number of updated asset objects reloaded before import = 0
Number of asset objects unloaded after import = 139
========================================================================
Received Import Request.
  Time since last request: 0.000015 seconds.
  path: Assets/Visual/Animation/Universal_Traversal_Anims/Art/Animations/Traversal_Movement_WallRun_Left_WholeSequence.fbx
  artifactKey: Guid(f2181a86df801424e9c958ed29043f16) Importer(815301076,1909f56bfc062723c751e8b465ee728b)
Start importing Assets/Visual/Animation/Universal_Traversal_Anims/Art/Animations/Traversal_Movement_WallRun_Left_WholeSequence.fbx using Guid(f2181a86df801424e9c958ed29043f16) Importer(815301076,1909f56bfc062723c751e8b465ee728b)  -> (artifact id: '452668148ae7cdda877e0acbb8a96bfd') in 0.007236 seconds
Number of updated asset objects reloaded before import = 0
Number of asset objects unloaded after import = 139
========================================================================
Received Import Request.
  Time since last request: 0.000015 seconds.
  path: Assets/Visual/Animation/Universal_Traversal_Anims/Art/Animations/Traversal_Platform_170cm_ClimbOver_fromRun.fbx
  artifactKey: Guid(983cdef5ae9d41b48818ce28786ebf6a) Importer(815301076,1909f56bfc062723c751e8b465ee728b)
Start importing Assets/Visual/Animation/Universal_Traversal_Anims/Art/Animations/Traversal_Platform_170cm_ClimbOver_fromRun.fbx using Guid(983cdef5ae9d41b48818ce28786ebf6a) Importer(815301076,1909f56bfc062723c751e8b465ee728b)  -> (artifact id: '0755a997bbce11a7e1f4cfd16c28f69e') in 0.007303 seconds
Number of updated asset objects reloaded before import = 0
Number of asset objects unloaded after import = 139
========================================================================
Received Import Request.
  Time since last request: 0.000017 seconds.
  path: Assets/Visual/Animation/Universal_Traversal_Anims/Art/Animations/Traversal_NarrowSpace_SideStep_WholeSequence.fbx
  artifactKey: Guid(670d63b5dea12d94b8535e356df1480a) Importer(815301076,1909f56bfc062723c751e8b465ee728b)
Start importing Assets/Visual/Animation/Universal_Traversal_Anims/Art/Animations/Traversal_NarrowSpace_SideStep_WholeSequence.fbx using Guid(670d63b5dea12d94b8535e356df1480a) Importer(815301076,1909f56bfc062723c751e8b465ee728b)  -> (artifact id: '88f3c5162d7b4042aece4e6c4ca33ddf') in 0.007870 seconds
Number of updated asset objects reloaded before import = 0
Number of asset objects unloaded after import = 139
========================================================================
Received Import Request.
  Time since last request: 0.000017 seconds.
  path: Assets/Visual/Animation/Universal_Traversal_Anims/Art/Animations/Traversal_Pole_Climb_Down.fbx
  artifactKey: Guid(3396bd9900ec77949b54a4b9c7b340f7) Importer(815301076,1909f56bfc062723c751e8b465ee728b)
Start importing Assets/Visual/Animation/Universal_Traversal_Anims/Art/Animations/Traversal_Pole_Climb_Down.fbx using Guid(3396bd9900ec77949b54a4b9c7b340f7) Importer(815301076,1909f56bfc062723c751e8b465ee728b)  -> (artifact id: '2e740defa71cb12363e435fcc655b60c') in 0.007009 seconds
Number of updated asset objects reloaded before import = 0
Number of asset objects unloaded after import = 139
========================================================================
Received Import Request.
  Time since last request: 0.000013 seconds.
  path: Assets/Visual/Animation/Universal_Traversal_Anims/Art/Animations/Traversal_Platform_JumpAcross_InTheAir_Loop.fbx
  artifactKey: Guid(ecfb1678712f6a74bb8c8a50e0fd2f41) Importer(815301076,1909f56bfc062723c751e8b465ee728b)
Start importing Assets/Visual/Animation/Universal_Traversal_Anims/Art/Animations/Traversal_Platform_JumpAcross_InTheAir_Loop.fbx using Guid(ecfb1678712f6a74bb8c8a50e0fd2f41) Importer(815301076,1909f56bfc062723c751e8b465ee728b)  -> (artifact id: 'f71b73422395acff52e294a3bb7fb951') in 0.006698 seconds
Number of updated asset objects reloaded before import = 0
Number of asset objects unloaded after import = 139
========================================================================
Received Import Request.
  Time since last request: 0.000013 seconds.
  path: Assets/Visual/Animation/Universal_Traversal_Anims/Art/Animations/Traversal_SingleLegJumps_LeftLeg_JumpForward_RightLegLand.fbx
  artifactKey: Guid(655bcf5aad876034ebd028e83ea3c0d3) Importer(815301076,1909f56bfc062723c751e8b465ee728b)
Start importing Assets/Visual/Animation/Universal_Traversal_Anims/Art/Animations/Traversal_SingleLegJumps_LeftLeg_JumpForward_RightLegLand.fbx using Guid(655bcf5aad876034ebd028e83ea3c0d3) Importer(815301076,1909f56bfc062723c751e8b465ee728b)  -> (artifact id: '2727eef623473be9ee2190d6edcd5256') in 0.006737 seconds
Number of updated asset objects reloaded before import = 0
Number of asset objects unloaded after import = 139
========================================================================
Received Import Request.
  Time since last request: 0.000013 seconds.
  path: Assets/Visual/Animation/Universal_Traversal_Anims/Art/Animations/Traversal_Movement_WallRun_Right_Start.fbx
  artifactKey: Guid(1d8348b8061e6344ab95a56050f191c6) Importer(815301076,1909f56bfc062723c751e8b465ee728b)
Start importing Assets/Visual/Animation/Universal_Traversal_Anims/Art/Animations/Traversal_Movement_WallRun_Right_Start.fbx using Guid(1d8348b8061e6344ab95a56050f191c6) Importer(815301076,1909f56bfc062723c751e8b465ee728b)  -> (artifact id: 'd7a14d253158a75ba60fb0cb7a71f7d2') in 0.009662 seconds
Number of updated asset objects reloaded before import = 0
Number of asset objects unloaded after import = 139
========================================================================
Received Import Request.
  Time since last request: 0.000019 seconds.
  path: Assets/Visual/Animation/Universal_Traversal_Anims/Art/Animations/Traversal_SingleLegJumps_RightLeg_End.fbx
  artifactKey: Guid(307123187797ddf41a788f89821bea3d) Importer(815301076,1909f56bfc062723c751e8b465ee728b)
Start importing Assets/Visual/Animation/Universal_Traversal_Anims/Art/Animations/Traversal_SingleLegJumps_RightLeg_End.fbx using Guid(307123187797ddf41a788f89821bea3d) Importer(815301076,1909f56bfc062723c751e8b465ee728b)  -> (artifact id: '22a5a2caf478e63266bbcd75ea635c86') in 0.006708 seconds
Number of updated asset objects reloaded before import = 0
Number of asset objects unloaded after import = 139
========================================================================
Received Import Request.
  Time since last request: 0.000023 seconds.
  path: Assets/Visual/Animation/Universal_Traversal_Anims/Art/Animations/Traversal_SingleLegJumps_RightLeg_Turn_Right90.fbx
  artifactKey: Guid(802325940ddc2a447b5456b2f9b1b6df) Importer(815301076,1909f56bfc062723c751e8b465ee728b)
Start importing Assets/Visual/Animation/Universal_Traversal_Anims/Art/Animations/Traversal_SingleLegJumps_RightLeg_Turn_Right90.fbx using Guid(802325940ddc2a447b5456b2f9b1b6df) Importer(815301076,1909f56bfc062723c751e8b465ee728b)  -> (artifact id: '217fb66ba6d7cc186c65afe528f1f7da') in 0.006282 seconds
Number of updated asset objects reloaded before import = 0
Number of asset objects unloaded after import = 139
========================================================================
Received Import Request.
  Time since last request: 0.000017 seconds.
  path: Assets/Visual/Animation/Universal_Traversal_Anims/Art/Animations/Traversal_SingleLegJumps_RightLeg_JumpForward_LeftLegLand.fbx
  artifactKey: Guid(1b84a93ae42c21642a915837da3481d7) Importer(815301076,1909f56bfc062723c751e8b465ee728b)
Start importing Assets/Visual/Animation/Universal_Traversal_Anims/Art/Animations/Traversal_SingleLegJumps_RightLeg_JumpForward_LeftLegLand.fbx using Guid(1b84a93ae42c21642a915837da3481d7) Importer(815301076,1909f56bfc062723c751e8b465ee728b)  -> (artifact id: 'd43e53a801ccc721eea0cd63572f09e6') in 0.007780 seconds
Number of updated asset objects reloaded before import = 0
Number of asset objects unloaded after import = 139
========================================================================
Received Import Request.
  Time since last request: 0.000016 seconds.
  path: Assets/Visual/Animation/Universal_Traversal_Anims/Art/Animations/Traversal_Slide_45Degree_Slope_Sitting_Loop.fbx
  artifactKey: Guid(f133ecc32ace0904e9cca2a369391cd2) Importer(815301076,1909f56bfc062723c751e8b465ee728b)
Start importing Assets/Visual/Animation/Universal_Traversal_Anims/Art/Animations/Traversal_Slide_45Degree_Slope_Sitting_Loop.fbx using Guid(f133ecc32ace0904e9cca2a369391cd2) Importer(815301076,1909f56bfc062723c751e8b465ee728b)  -> (artifact id: 'deae3849b21cb846a83c0ed96fccf256') in 0.008390 seconds
Number of updated asset objects reloaded before import = 0
Number of asset objects unloaded after import = 139
========================================================================
Received Import Request.
  Time since last request: 0.000016 seconds.
  path: Assets/Visual/Animation/Universal_Traversal_Anims/Art/Animations/Traversal_Slide_Floor_Standing_Loop.fbx
  artifactKey: Guid(b3260655d304c904f8fa7fcafc5c185e) Importer(815301076,1909f56bfc062723c751e8b465ee728b)
Start importing Assets/Visual/Animation/Universal_Traversal_Anims/Art/Animations/Traversal_Slide_Floor_Standing_Loop.fbx using Guid(b3260655d304c904f8fa7fcafc5c185e) Importer(815301076,1909f56bfc062723c751e8b465ee728b)  -> (artifact id: '0641fe374b9ca430a7ad27729c50d1ca') in 0.005451 seconds
Number of updated asset objects reloaded before import = 0
Number of asset objects unloaded after import = 139
========================================================================
Received Import Request.
  Time since last request: 0.000014 seconds.
  path: Assets/Visual/Animation/Universal_Traversal_Anims/Art/Animations/Traversal_Wall_Climb_4Limbs_Hold_Idle_To_Ledge_Climb_HangingIdle.fbx
  artifactKey: Guid(856af5fede4a606488cc8e45c628fba8) Importer(815301076,1909f56bfc062723c751e8b465ee728b)
Start importing Assets/Visual/Animation/Universal_Traversal_Anims/Art/Animations/Traversal_Wall_Climb_4Limbs_Hold_Idle_To_Ledge_Climb_HangingIdle.fbx using Guid(856af5fede4a606488cc8e45c628fba8) Importer(815301076,1909f56bfc062723c751e8b465ee728b)  -> (artifact id: '56e05281998bcf82f08b6196117df887') in 0.007273 seconds
Number of updated asset objects reloaded before import = 0
Number of asset objects unloaded after import = 139
========================================================================
Received Import Request.
  Time since last request: 0.000020 seconds.
  path: Assets/Visual/Animation/Universal_Traversal_Anims/Art/Animations/Traversal_Wall_Climb_DeathFall_Loop.fbx
  artifactKey: Guid(e466f2808597cd54692b6c6c6aa31d46) Importer(815301076,1909f56bfc062723c751e8b465ee728b)
Start importing Assets/Visual/Animation/Universal_Traversal_Anims/Art/Animations/Traversal_Wall_Climb_DeathFall_Loop.fbx using Guid(e466f2808597cd54692b6c6c6aa31d46) Importer(815301076,1909f56bfc062723c751e8b465ee728b)  -> (artifact id: 'e60bd2651e8e3edc9911f092d6fb39b3') in 0.009264 seconds
Number of updated asset objects reloaded before import = 0
Number of asset objects unloaded after import = 139
========================================================================
Received Import Request.
  Time since last request: 0.000023 seconds.
  path: Assets/Visual/Animation/Universal_Traversal_Anims/Art/Animations/Traversal_TiltedCabinet_LiftUp.fbx
  artifactKey: Guid(0a81227c1f65bb645a02b42436183714) Importer(815301076,1909f56bfc062723c751e8b465ee728b)
Start importing Assets/Visual/Animation/Universal_Traversal_Anims/Art/Animations/Traversal_TiltedCabinet_LiftUp.fbx using Guid(0a81227c1f65bb645a02b42436183714) Importer(815301076,1909f56bfc062723c751e8b465ee728b)  -> (artifact id: 'edb0fb775323de3554f710114f158b3b') in 0.006909 seconds
Number of updated asset objects reloaded before import = 0
Number of asset objects unloaded after import = 139
========================================================================
Received Import Request.
  Time since last request: 0.000013 seconds.
  path: Assets/Visual/Animation/Universal_Traversal_Anims/Art/Animations/Traversal_Platform_JumpAcross_Jump.fbx
  artifactKey: Guid(a1e0879a5739df2429c751b4d62ea880) Importer(815301076,1909f56bfc062723c751e8b465ee728b)
Start importing Assets/Visual/Animation/Universal_Traversal_Anims/Art/Animations/Traversal_Platform_JumpAcross_Jump.fbx using Guid(a1e0879a5739df2429c751b4d62ea880) Importer(815301076,1909f56bfc062723c751e8b465ee728b)  -> (artifact id: 'd864b1295768049082bfe11829d624f5') in 0.006897 seconds
Number of updated asset objects reloaded before import = 0
Number of asset objects unloaded after import = 139
========================================================================
Received Import Request.
  Time since last request: 0.000012 seconds.
  path: Assets/Visual/Animation/Universal_Traversal_Anims/Art/Animations/Traversal_Movement_WallRun_Left_Start.fbx
  artifactKey: Guid(cfde20097f53870408d07f1288577f3d) Importer(815301076,1909f56bfc062723c751e8b465ee728b)
Start importing Assets/Visual/Animation/Universal_Traversal_Anims/Art/Animations/Traversal_Movement_WallRun_Left_Start.fbx using Guid(cfde20097f53870408d07f1288577f3d) Importer(815301076,1909f56bfc062723c751e8b465ee728b)  -> (artifact id: '46738c29366f8fdd6877e1f10569b370') in 0.008188 seconds
Number of updated asset objects reloaded before import = 0
Number of asset objects unloaded after import = 139
========================================================================
Received Import Request.
  Time since last request: 0.000013 seconds.
  path: Assets/Visual/Animation/Universal_Traversal_Anims/Art/Animations/Traversal_Slide_Floor_Standing_Start.fbx
  artifactKey: Guid(1caf20e686fef5744b2ef0e327f63aa0) Importer(815301076,1909f56bfc062723c751e8b465ee728b)
Start importing Assets/Visual/Animation/Universal_Traversal_Anims/Art/Animations/Traversal_Slide_Floor_Standing_Start.fbx using Guid(1caf20e686fef5744b2ef0e327f63aa0) Importer(815301076,1909f56bfc062723c751e8b465ee728b)  -> (artifact id: '909530763091ad907b0a2f8ba994c5c0') in 0.007900 seconds
Number of updated asset objects reloaded before import = 0
Number of asset objects unloaded after import = 139
========================================================================
Received Import Request.
  Time since last request: 0.000016 seconds.
  path: Assets/Visual/Animation/Universal_Traversal_Anims/Art/Animations/Traversal_Slide_Floor_Standing_WholeSequence.fbx
  artifactKey: Guid(7eb893397d8a17648bbd09c112af0126) Importer(815301076,1909f56bfc062723c751e8b465ee728b)
Start importing Assets/Visual/Animation/Universal_Traversal_Anims/Art/Animations/Traversal_Slide_Floor_Standing_WholeSequence.fbx using Guid(7eb893397d8a17648bbd09c112af0126) Importer(815301076,1909f56bfc062723c751e8b465ee728b)  -> (artifact id: '65090ac32789b9a59dfba3276d732df4') in 0.008244 seconds
Number of updated asset objects reloaded before import = 0
Number of asset objects unloaded after import = 139
========================================================================
Received Import Request.
  Time since last request: 0.000016 seconds.
  path: Assets/Visual/Animation/Universal_Traversal_Anims/Art/Animations/Traversal_Wall_Climb_Down_LeftHand.fbx
  artifactKey: Guid(fb035f8aaf4a0c94fba30ceb34f41156) Importer(815301076,1909f56bfc062723c751e8b465ee728b)
Start importing Assets/Visual/Animation/Universal_Traversal_Anims/Art/Animations/Traversal_Wall_Climb_Down_LeftHand.fbx using Guid(fb035f8aaf4a0c94fba30ceb34f41156) Importer(815301076,1909f56bfc062723c751e8b465ee728b)  -> (artifact id: 'e20c3af27f8bac48524d3648801a0215') in 0.007257 seconds
Number of updated asset objects reloaded before import = 0
Number of asset objects unloaded after import = 139
========================================================================
Received Import Request.
  Time since last request: 0.000016 seconds.
  path: Assets/Visual/Animation/Universal_Traversal_Anims/Art/Animations/Traversal_Wall_Climb_Down_RightHand.fbx
  artifactKey: Guid(4c25515bf596eef499301ec796be73b2) Importer(815301076,1909f56bfc062723c751e8b465ee728b)
Start importing Assets/Visual/Animation/Universal_Traversal_Anims/Art/Animations/Traversal_Wall_Climb_Down_RightHand.fbx using Guid(4c25515bf596eef499301ec796be73b2) Importer(815301076,1909f56bfc062723c751e8b465ee728b)  -> (artifact id: '8b7b857efda27647fd4434c2b417e78f') in 0.008127 seconds
Number of updated asset objects reloaded before import = 0
Number of asset objects unloaded after import = 139
========================================================================
Received Import Request.
  Time since last request: 0.234047 seconds.
  path: Assets/Visual/Animation/Universal_Traversal_Anims/Art/Animations/Traversal_Wall_Climb_DownRight.fbx
  artifactKey: Guid(2e7cdbaad8f7c704ba1ba47aeaf43666) Importer(815301076,1909f56bfc062723c751e8b465ee728b)
Start importing Assets/Visual/Animation/Universal_Traversal_Anims/Art/Animations/Traversal_Wall_Climb_DownRight.fbx using Guid(2e7cdbaad8f7c704ba1ba47aeaf43666) Importer(815301076,1909f56bfc062723c751e8b465ee728b)  -> (artifact id: '3185d8fc8280e58abc2d1e9b67c0e23d') in 0.005502 seconds
Number of updated asset objects reloaded before import = 0
Number of asset objects unloaded after import = 139
========================================================================
Received Import Request.
  Time since last request: 0.000016 seconds.
  path: Assets/Visual/Animation/Universal_Traversal_Anims/Art/Animations/Traversal_Wall_Climb_InwardCorner_Left.fbx
  artifactKey: Guid(d54cc14d6561336479084e36f1ccecd0) Importer(815301076,1909f56bfc062723c751e8b465ee728b)
Start importing Assets/Visual/Animation/Universal_Traversal_Anims/Art/Animations/Traversal_Wall_Climb_InwardCorner_Left.fbx using Guid(d54cc14d6561336479084e36f1ccecd0) Importer(815301076,1909f56bfc062723c751e8b465ee728b)  -> (artifact id: '9850fb0e6b649dc95297758771cba743') in 0.008048 seconds
Number of updated asset objects reloaded before import = 0
Number of asset objects unloaded after import = 139
========================================================================
Received Import Request.
  Time since last request: 0.000017 seconds.
  path: Assets/Visual/Animation/Universal_Traversal_Anims/Art/Animations/Traversal_Wall_Climb_LookRight_End.fbx
  artifactKey: Guid(8d63061e5bc62804994ef6fa7c5d8ddf) Importer(815301076,1909f56bfc062723c751e8b465ee728b)
Start importing Assets/Visual/Animation/Universal_Traversal_Anims/Art/Animations/Traversal_Wall_Climb_LookRight_End.fbx using Guid(8d63061e5bc62804994ef6fa7c5d8ddf) Importer(815301076,1909f56bfc062723c751e8b465ee728b)  -> (artifact id: '3b9a5de0baf2c75f369f84bad69a89f0') in 0.007647 seconds
Number of updated asset objects reloaded before import = 0
Number of asset objects unloaded after import = 139
========================================================================
Received Import Request.
  Time since last request: 0.000019 seconds.
  path: Assets/Visual/Animation/Universal_Traversal_Anims/Art/Animations/Traversal_Wall_Climb_LookRight_Loop.fbx
  artifactKey: Guid(a4345779ab0bb704ea58e4c0843e6b19) Importer(815301076,1909f56bfc062723c751e8b465ee728b)
Start importing Assets/Visual/Animation/Universal_Traversal_Anims/Art/Animations/Traversal_Wall_Climb_LookRight_Loop.fbx using Guid(a4345779ab0bb704ea58e4c0843e6b19) Importer(815301076,1909f56bfc062723c751e8b465ee728b)  -> (artifact id: '2554dd48891abbbc52718211eebcc67b') in 0.006558 seconds
Number of updated asset objects reloaded before import = 0
Number of asset objects unloaded after import = 139
========================================================================
Received Import Request.
  Time since last request: 0.000017 seconds.
  path: Assets/Visual/Animation/Universal_Traversal_Anims/Art/Animations/Traversal_Wall_Climb_LookRight_Start.fbx
  artifactKey: Guid(f262355eb0ac4c741ba67e8607509f61) Importer(815301076,1909f56bfc062723c751e8b465ee728b)
Start importing Assets/Visual/Animation/Universal_Traversal_Anims/Art/Animations/Traversal_Wall_Climb_LookRight_Start.fbx using Guid(f262355eb0ac4c741ba67e8607509f61) Importer(815301076,1909f56bfc062723c751e8b465ee728b)  -> (artifact id: '137bad66a99fdc5e28ce451f05a5a6aa') in 0.005202 seconds
Number of updated asset objects reloaded before import = 0
Number of asset objects unloaded after import = 139
========================================================================
Received Import Request.
  Time since last request: 0.000019 seconds.
  path: Assets/Visual/Animation/Universal_Traversal_Anims/Art/Animations/Traversal_Wall_Climb_LookLeft_End.fbx
  artifactKey: Guid(e506fd27034976b4caba752a768f2f5f) Importer(815301076,1909f56bfc062723c751e8b465ee728b)
Start importing Assets/Visual/Animation/Universal_Traversal_Anims/Art/Animations/Traversal_Wall_Climb_LookLeft_End.fbx using Guid(e506fd27034976b4caba752a768f2f5f) Importer(815301076,1909f56bfc062723c751e8b465ee728b)  -> (artifact id: '196064c380b5ffd1b0cbe52219cee9d3') in 0.005518 seconds
Number of updated asset objects reloaded before import = 0
Number of asset objects unloaded after import = 139
========================================================================
Received Import Request.
  Time since last request: 0.008822 seconds.
  path: Assets/Visual/Animation/Universal_Traversal_Anims/Art/Animations/Traversal_Wall_Climb_Right.fbx
  artifactKey: Guid(e34d4e32d2bf3b9498474dcec65f82da) Importer(815301076,1909f56bfc062723c751e8b465ee728b)
Start importing Assets/Visual/Animation/Universal_Traversal_Anims/Art/Animations/Traversal_Wall_Climb_Right.fbx using Guid(e34d4e32d2bf3b9498474dcec65f82da) Importer(815301076,1909f56bfc062723c751e8b465ee728b)  -> (artifact id: 'e65352dcdb7a7eedfad38a108b610010') in 0.005997 seconds
Number of updated asset objects reloaded before import = 0
Number of asset objects unloaded after import = 139
========================================================================
Received Import Request.
  Time since last request: 0.000017 seconds.
  path: Assets/Visual/Animation/Universal_Traversal_Anims/Art/Animations/Traversal_Wall_Climb_Up_LeftHand.fbx
  artifactKey: Guid(4ef014f7532c9ba4faa1b1d258c10aac) Importer(815301076,1909f56bfc062723c751e8b465ee728b)
Start importing Assets/Visual/Animation/Universal_Traversal_Anims/Art/Animations/Traversal_Wall_Climb_Up_LeftHand.fbx using Guid(4ef014f7532c9ba4faa1b1d258c10aac) Importer(815301076,1909f56bfc062723c751e8b465ee728b)  -> (artifact id: '21b53e6cfb18d55abb4a84c81e184cb5') in 0.007090 seconds
Number of updated asset objects reloaded before import = 0
Number of asset objects unloaded after import = 139
========================================================================
Received Import Request.
  Time since last request: 0.000013 seconds.
  path: Assets/Visual/Animation/Universal_Traversal_Anims/Art/Animations/Traversal_Wall_Climb_UpRight.fbx
  artifactKey: Guid(874e2e0db106f7745b549739dd42f179) Importer(815301076,1909f56bfc062723c751e8b465ee728b)
Start importing Assets/Visual/Animation/Universal_Traversal_Anims/Art/Animations/Traversal_Wall_Climb_UpRight.fbx using Guid(874e2e0db106f7745b549739dd42f179) Importer(815301076,1909f56bfc062723c751e8b465ee728b)  -> (artifact id: '8678a35b4de26e0a2caec445f13f21ff') in 0.006568 seconds
Number of updated asset objects reloaded before import = 0
Number of asset objects unloaded after import = 139
========================================================================
Received Import Request.
  Time since last request: 0.000015 seconds.
  path: Assets/Visual/Animation/Universal_Traversal_Anims/Art/Animations/Traversal_Wall_Climb_UpLeft_HalfDistance.fbx
  artifactKey: Guid(dd006a8691991e54a8ea74368fdcdf78) Importer(815301076,1909f56bfc062723c751e8b465ee728b)
Start importing Assets/Visual/Animation/Universal_Traversal_Anims/Art/Animations/Traversal_Wall_Climb_UpLeft_HalfDistance.fbx using Guid(dd006a8691991e54a8ea74368fdcdf78) Importer(815301076,1909f56bfc062723c751e8b465ee728b)  -> (artifact id: '193aa65967595660efd2d8126c2f45a7') in 0.007766 seconds
Number of updated asset objects reloaded before import = 0
Number of asset objects unloaded after import = 139
========================================================================
Received Import Request.
  Time since last request: 0.000024 seconds.
  path: Assets/Visual/Animation/Universal_Traversal_Anims/Art/Animations/Traversal_Wall_Climb_Up_RightHand_HalfDistance.fbx
  artifactKey: Guid(f53e8ee2ef1e1fe45945676b5ac6c4fe) Importer(815301076,1909f56bfc062723c751e8b465ee728b)
Start importing Assets/Visual/Animation/Universal_Traversal_Anims/Art/Animations/Traversal_Wall_Climb_Up_RightHand_HalfDistance.fbx using Guid(f53e8ee2ef1e1fe45945676b5ac6c4fe) Importer(815301076,1909f56bfc062723c751e8b465ee728b)  -> (artifact id: '0b1fe95e83d36bf6212b6e69429bcda1') in 0.008366 seconds
Number of updated asset objects reloaded before import = 0
Number of asset objects unloaded after import = 139
========================================================================
Received Import Request.
  Time since last request: 0.000018 seconds.
  path: Assets/Visual/Animation/Universal_Traversal_Anims/Art/Animations/Traversal_Window_JumpThrough_FeetFirst.fbx
  artifactKey: Guid(bd66060aec4a3c743905811082cdc33b) Importer(815301076,1909f56bfc062723c751e8b465ee728b)
Start importing Assets/Visual/Animation/Universal_Traversal_Anims/Art/Animations/Traversal_Window_JumpThrough_FeetFirst.fbx using Guid(bd66060aec4a3c743905811082cdc33b) Importer(815301076,1909f56bfc062723c751e8b465ee728b)  -> (artifact id: '43062131ba60cc0f887a2d6eb04ded95') in 0.007679 seconds
Number of updated asset objects reloaded before import = 0
Number of asset objects unloaded after import = 139
========================================================================
Received Import Request.
  Time since last request: 0.000017 seconds.
  path: Assets/Visual/Animation/Universal_Traversal_Anims/Art/Animations/Traversal_Wall_Climb_Squat_Turn_Right90.fbx
  artifactKey: Guid(724ac9c7b10f9c54bb2e210506cb0487) Importer(815301076,1909f56bfc062723c751e8b465ee728b)
Start importing Assets/Visual/Animation/Universal_Traversal_Anims/Art/Animations/Traversal_Wall_Climb_Squat_Turn_Right90.fbx using Guid(724ac9c7b10f9c54bb2e210506cb0487) Importer(815301076,1909f56bfc062723c751e8b465ee728b)  -> (artifact id: '929b9c912b11990c831b84393b3ae46d') in 0.005498 seconds
Number of updated asset objects reloaded before import = 0
Number of asset objects unloaded after import = 139
========================================================================
Received Prepare
Begin MonoManager ReloadAssembly
Symbol file LoadedFromMemory is not a mono symbol file
- Loaded All Assemblies, in  0.575 seconds
Refreshing native plugins compatible for Editor in 5.86 ms, found 3 plugins.
Native extension for WindowsStandalone target not found
Native extension for Android target not found
[Package Manager] Server::EnsureServerProcessIsRunning -- launch failed, reason: Unity was launched with the -noUpm command-line argument
[Package Manager] UpmClient::Send -- Unable to send message (not connected to UPM process).
[Package Manager] Cannot connect to Unity Package Manager local server
Mono: successfully reloaded assembly
- Finished resetting the current domain, in  1.160 seconds
Domain Reload Profiling: 1731ms
	BeginReloadAssembly (186ms)
		ExecutionOrderSort (0ms)
		DisableScriptedObjects (8ms)
		BackupInstance (0ms)
		ReleaseScriptingObjects (0ms)
		CreateAndSetChildDomain (43ms)
	RebuildCommonClasses (39ms)
	RebuildNativeTypeToScriptingClass (15ms)
	initialDomainReloadingComplete (41ms)
	LoadAllAssembliesAndSetupDomain (289ms)
		LoadAssemblies (352ms)
		RebuildTransferFunctionScriptingTraits (0ms)
		AnalyzeDomain (32ms)
			TypeCache.Refresh (11ms)
				TypeCache.ScanAssembly (1ms)
			ScanForSourceGeneratedMonoScriptInfo (13ms)
			ResolveRequiredComponents (7ms)
	FinalizeReload (1161ms)
		ReleaseScriptCaches (0ms)
		RebuildScriptCaches (0ms)
		SetupLoadedEditorAssemblies (564ms)
			LogAssemblyErrors (0ms)
			InitializePlatformSupportModulesInManaged (32ms)
			SetLoadedEditorAssemblies (6ms)
			RefreshPlugins (0ms)
			BeforeProcessingInitializeOnLoad (83ms)
			ProcessInitializeOnLoadAttributes (406ms)
			ProcessInitializeOnLoadMethodAttributes (28ms)
			AfterProcessingInitializeOnLoad (9ms)
			EditorAssembliesLoaded (0ms)
		ExecutionOrderSort2 (0ms)
		AwakeInstancesAfterBackupRestoration (8ms)
Refreshing native plugins compatible for Editor in 4.62 ms, found 3 plugins.
Preloading 0 native plugins for Editor in 0.00 ms.
Unloading 3818 Unused Serialized files (Serialized files now loaded: 0)
Unloading 38 unused Assets / (1.3 MB). Loaded Objects now: 4553.
Memory consumption went from 181.0 MB to 179.7 MB.
Total: 3.529500 ms (FindLiveObjects: 0.306100 ms CreateObjectMapping: 0.120800 ms MarkObjects: 2.817500 ms  DeleteObjects: 0.284100 ms)

Prepare: number of updated asset objects reloaded= 0
AssetImportParameters requested are different than current active one (requested -> active):
  custom:container-demuxer-ogg: 62fdf1f143b41e24485cea50d1cbac27 -> 
  custom:video-codec-MediaFoundation-h265: 746d11721c4dcdbdad8f713fa42b33f4 -> 
  custom:video-decoder-ogg-theora: a1e56fd34408186e4bbccfd4996cb3dc -> 
  custom:framework-win-MediaFoundation: 216162199b28c13a410421893ffa2e32 -> 
  custom:CustomObjectIndexerAttribute: 756ad292c208cfabdd7b50bc23989ffe -> 
  custom:container-demuxer-webm: 4f35f7cbe854078d1ac9338744f61a02 -> 
  custom:container-muxer-webm: aa71ff27fc2769a1b78a27578f13a17b -> 
  custom:video-decoder-webm-vp8: 9c59270c3fd7afecdb556c50c9e8de78 -> 
  custom:SearchIndexIgnoredProperties: e643bd26f0fe6173181afceb89e7c659 -> 
  custom:AudioImporter_EditorPlatform: d09bf68614088b80899f8185d706f6e7 -> 
  custom:video-encoder-webm-vp8: eb34c28f22e8b96e1ab97ce403110664 -> 
  custom:audio-decoder-ogg-vorbis: bf7c407c2cedff20999df2af8eb42d56 -> 
  custom:audio-encoder-webm-vorbis: bf7c407c2cedff20999df2af8eb42d56 -> 
  custom:scripting/monoscript/fileName/SimpleCameraController.cs: 9d5e45e836538af465ffb763b138c221 -> 639b45e76fa5fda920a92b90c69d9e74
========================================================================
Received Prepare
Begin MonoManager ReloadAssembly
Symbol file LoadedFromMemory is not a mono symbol file
- Loaded All Assemblies, in  0.560 seconds
Refreshing native plugins compatible for Editor in 4.95 ms, found 3 plugins.
Native extension for WindowsStandalone target not found
Native extension for Android target not found
[Package Manager] Server::EnsureServerProcessIsRunning -- launch failed, reason: Unity was launched with the -noUpm command-line argument
[Package Manager] UpmClient::Send -- Unable to send message (not connected to UPM process).
[Package Manager] Cannot connect to Unity Package Manager local server
Mono: successfully reloaded assembly
- Finished resetting the current domain, in  1.267 seconds
Domain Reload Profiling: 1823ms
	BeginReloadAssembly (181ms)
		ExecutionOrderSort (0ms)
		DisableScriptedObjects (6ms)
		BackupInstance (0ms)
		ReleaseScriptingObjects (0ms)
		CreateAndSetChildDomain (42ms)
	RebuildCommonClasses (42ms)
	RebuildNativeTypeToScriptingClass (16ms)
	initialDomainReloadingComplete (34ms)
	LoadAllAssembliesAndSetupDomain (282ms)
		LoadAssemblies (351ms)
		RebuildTransferFunctionScriptingTraits (0ms)
		AnalyzeDomain (29ms)
			TypeCache.Refresh (9ms)
				TypeCache.ScanAssembly (1ms)
			ScanForSourceGeneratedMonoScriptInfo (12ms)
			ResolveRequiredComponents (6ms)
	FinalizeReload (1268ms)
		ReleaseScriptCaches (0ms)
		RebuildScriptCaches (0ms)
		SetupLoadedEditorAssemblies (564ms)
			LogAssemblyErrors (0ms)
			InitializePlatformSupportModulesInManaged (30ms)
			SetLoadedEditorAssemblies (5ms)
			RefreshPlugins (0ms)
			BeforeProcessingInitializeOnLoad (87ms)
			ProcessInitializeOnLoadAttributes (398ms)
			ProcessInitializeOnLoadMethodAttributes (32ms)
			AfterProcessingInitializeOnLoad (12ms)
			EditorAssembliesLoaded (0ms)
		ExecutionOrderSort2 (0ms)
		AwakeInstancesAfterBackupRestoration (7ms)
Refreshing native plugins compatible for Editor in 8.29 ms, found 3 plugins.
Preloading 0 native plugins for Editor in 0.00 ms.
Unloading 3818 Unused Serialized files (Serialized files now loaded: 0)
Unloading 38 unused Assets / (1.3 MB). Loaded Objects now: 4568.
Memory consumption went from 182.9 MB to 181.6 MB.
Total: 9.851100 ms (FindLiveObjects: 1.062200 ms CreateObjectMapping: 0.269800 ms MarkObjects: 7.501500 ms  DeleteObjects: 1.015100 ms)

Prepare: number of updated asset objects reloaded= 0
AssetImportParameters requested are different than current active one (requested -> active):
  custom:container-demuxer-ogg: 62fdf1f143b41e24485cea50d1cbac27 -> 
  custom:video-codec-MediaFoundation-h265: 746d11721c4dcdbdad8f713fa42b33f4 -> 
  custom:video-decoder-ogg-theora: a1e56fd34408186e4bbccfd4996cb3dc -> 
  custom:framework-win-MediaFoundation: 216162199b28c13a410421893ffa2e32 -> 
  custom:CustomObjectIndexerAttribute: 756ad292c208cfabdd7b50bc23989ffe -> 
  custom:container-demuxer-webm: 4f35f7cbe854078d1ac9338744f61a02 -> 
  custom:container-muxer-webm: aa71ff27fc2769a1b78a27578f13a17b -> 
  custom:video-decoder-webm-vp8: 9c59270c3fd7afecdb556c50c9e8de78 -> 
  custom:SearchIndexIgnoredProperties: e643bd26f0fe6173181afceb89e7c659 -> 
  custom:AudioImporter_EditorPlatform: d09bf68614088b80899f8185d706f6e7 -> 
  custom:video-encoder-webm-vp8: eb34c28f22e8b96e1ab97ce403110664 -> 
  custom:audio-decoder-ogg-vorbis: bf7c407c2cedff20999df2af8eb42d56 -> 
  custom:audio-encoder-webm-vorbis: bf7c407c2cedff20999df2af8eb42d56 -> 
  custom:scripting/monoscript/fileName/SimpleCameraController.cs: 9d5e45e836538af465ffb763b138c221 -> 639b45e76fa5fda920a92b90c69d9e74
========================================================================
Received Import Request.
  Time since last request: 390.385954 seconds.
  path: Assets/Visual/UI/Joystick Pack/Prefabs/Fixed Joystick.prefab
  artifactKey: Guid(aaa2c939c0359ac4dbce3f49e8b90252) Importer(815301076,1909f56bfc062723c751e8b465ee728b)
Start importing Assets/Visual/UI/Joystick Pack/Prefabs/Fixed Joystick.prefab using Guid(aaa2c939c0359ac4dbce3f49e8b90252) Importer(815301076,1909f56bfc062723c751e8b465ee728b)  -> (artifact id: '2988393e85dc89ec250f6d948c930ab7') in 0.061118 seconds
Number of updated asset objects reloaded before import = 0
Number of asset objects unloaded after import = 13
========================================================================
Received Prepare
Begin MonoManager ReloadAssembly
Symbol file LoadedFromMemory is not a mono symbol file
- Loaded All Assemblies, in  0.605 seconds
Refreshing native plugins compatible for Editor in 5.35 ms, found 3 plugins.
Native extension for WindowsStandalone target not found
Native extension for Android target not found
[Package Manager] Server::EnsureServerProcessIsRunning -- launch failed, reason: Unity was launched with the -noUpm command-line argument
[Package Manager] UpmClient::Send -- Unable to send message (not connected to UPM process).
[Package Manager] Cannot connect to Unity Package Manager local server
Mono: successfully reloaded assembly
- Finished resetting the current domain, in  1.449 seconds
Domain Reload Profiling: 2051ms
	BeginReloadAssembly (188ms)
		ExecutionOrderSort (0ms)
		DisableScriptedObjects (5ms)
		BackupInstance (0ms)
		ReleaseScriptingObjects (0ms)
		CreateAndSetChildDomain (43ms)
	RebuildCommonClasses (45ms)
	RebuildNativeTypeToScriptingClass (14ms)
	initialDomainReloadingComplete (39ms)
	LoadAllAssembliesAndSetupDomain (314ms)
		LoadAssemblies (401ms)
		RebuildTransferFunctionScriptingTraits (0ms)
		AnalyzeDomain (18ms)
			TypeCache.Refresh (6ms)
				TypeCache.ScanAssembly (0ms)
			ScanForSourceGeneratedMonoScriptInfo (0ms)
			ResolveRequiredComponents (10ms)
	FinalizeReload (1450ms)
		ReleaseScriptCaches (0ms)
		RebuildScriptCaches (0ms)
		SetupLoadedEditorAssemblies (736ms)
			LogAssemblyErrors (0ms)
			InitializePlatformSupportModulesInManaged (41ms)
			SetLoadedEditorAssemblies (7ms)
			RefreshPlugins (0ms)
			BeforeProcessingInitializeOnLoad (113ms)
			ProcessInitializeOnLoadAttributes (528ms)
			ProcessInitializeOnLoadMethodAttributes (34ms)
			AfterProcessingInitializeOnLoad (13ms)
			EditorAssembliesLoaded (0ms)
		ExecutionOrderSort2 (0ms)
		AwakeInstancesAfterBackupRestoration (8ms)
Refreshing native plugins compatible for Editor in 6.72 ms, found 3 plugins.
Preloading 0 native plugins for Editor in 0.00 ms.
Unloading 3818 Unused Serialized files (Serialized files now loaded: 0)
Unloading 38 unused Assets / (1.3 MB). Loaded Objects now: 4583.
Memory consumption went from 184.9 MB to 183.6 MB.
Total: 5.516300 ms (FindLiveObjects: 0.463800 ms CreateObjectMapping: 0.221500 ms MarkObjects: 4.378000 ms  DeleteObjects: 0.452000 ms)

Prepare: number of updated asset objects reloaded= 0
AssetImportParameters requested are different than current active one (requested -> active):
  custom:container-demuxer-ogg: 62fdf1f143b41e24485cea50d1cbac27 -> 
  custom:video-codec-MediaFoundation-h265: 746d11721c4dcdbdad8f713fa42b33f4 -> 
  custom:video-decoder-ogg-theora: a1e56fd34408186e4bbccfd4996cb3dc -> 
  custom:framework-win-MediaFoundation: 216162199b28c13a410421893ffa2e32 -> 
  custom:CustomObjectIndexerAttribute: 756ad292c208cfabdd7b50bc23989ffe -> 
  custom:container-demuxer-webm: 4f35f7cbe854078d1ac9338744f61a02 -> 
  custom:container-muxer-webm: aa71ff27fc2769a1b78a27578f13a17b -> 
  custom:video-decoder-webm-vp8: 9c59270c3fd7afecdb556c50c9e8de78 -> 
  custom:SearchIndexIgnoredProperties: e643bd26f0fe6173181afceb89e7c659 -> 
  custom:AudioImporter_EditorPlatform: d09bf68614088b80899f8185d706f6e7 -> 
  custom:video-encoder-webm-vp8: eb34c28f22e8b96e1ab97ce403110664 -> 
  custom:audio-decoder-ogg-vorbis: bf7c407c2cedff20999df2af8eb42d56 -> 
  custom:audio-encoder-webm-vorbis: bf7c407c2cedff20999df2af8eb42d56 -> 
  custom:scripting/monoscript/fileName/SimpleCameraController.cs: 9d5e45e836538af465ffb763b138c221 -> 639b45e76fa5fda920a92b90c69d9e74
========================================================================
Received Prepare
Begin MonoManager ReloadAssembly
Symbol file LoadedFromMemory is not a mono symbol file
- Loaded All Assemblies, in  0.774 seconds
Refreshing native plugins compatible for Editor in 5.61 ms, found 3 plugins.
Native extension for WindowsStandalone target not found
Native extension for Android target not found
[Package Manager] Server::EnsureServerProcessIsRunning -- launch failed, reason: Unity was launched with the -noUpm command-line argument
[Package Manager] UpmClient::Send -- Unable to send message (not connected to UPM process).
[Package Manager] Cannot connect to Unity Package Manager local server
Mono: successfully reloaded assembly
- Finished resetting the current domain, in  1.772 seconds
Domain Reload Profiling: 2543ms
	BeginReloadAssembly (249ms)
		ExecutionOrderSort (0ms)
		DisableScriptedObjects (7ms)
		BackupInstance (0ms)
		ReleaseScriptingObjects (0ms)
		CreateAndSetChildDomain (68ms)
	RebuildCommonClasses (58ms)
	RebuildNativeTypeToScriptingClass (15ms)
	initialDomainReloadingComplete (49ms)
	LoadAllAssembliesAndSetupDomain (398ms)
		LoadAssemblies (503ms)
		RebuildTransferFunctionScriptingTraits (0ms)
		AnalyzeDomain (24ms)
			TypeCache.Refresh (13ms)
				TypeCache.ScanAssembly (0ms)
			ScanForSourceGeneratedMonoScriptInfo (0ms)
			ResolveRequiredComponents (9ms)
	FinalizeReload (1773ms)
		ReleaseScriptCaches (0ms)
		RebuildScriptCaches (0ms)
		SetupLoadedEditorAssemblies (908ms)
			LogAssemblyErrors (0ms)
			InitializePlatformSupportModulesInManaged (49ms)
			SetLoadedEditorAssemblies (10ms)
			RefreshPlugins (0ms)
			BeforeProcessingInitializeOnLoad (133ms)
			ProcessInitializeOnLoadAttributes (661ms)
			ProcessInitializeOnLoadMethodAttributes (41ms)
			AfterProcessingInitializeOnLoad (13ms)
			EditorAssembliesLoaded (1ms)
		ExecutionOrderSort2 (0ms)
		AwakeInstancesAfterBackupRestoration (15ms)
Refreshing native plugins compatible for Editor in 7.77 ms, found 3 plugins.
Preloading 0 native plugins for Editor in 0.00 ms.
Unloading 3818 Unused Serialized files (Serialized files now loaded: 0)
Unloading 38 unused Assets / (1.3 MB). Loaded Objects now: 4598.
Memory consumption went from 186.8 MB to 185.5 MB.
Total: 10.279400 ms (FindLiveObjects: 1.099200 ms CreateObjectMapping: 0.611400 ms MarkObjects: 8.046400 ms  DeleteObjects: 0.520600 ms)

Prepare: number of updated asset objects reloaded= 0
AssetImportParameters requested are different than current active one (requested -> active):
  custom:container-demuxer-ogg: 62fdf1f143b41e24485cea50d1cbac27 -> 
  custom:video-codec-MediaFoundation-h265: 746d11721c4dcdbdad8f713fa42b33f4 -> 
  custom:video-decoder-ogg-theora: a1e56fd34408186e4bbccfd4996cb3dc -> 
  custom:framework-win-MediaFoundation: 216162199b28c13a410421893ffa2e32 -> 
  custom:CustomObjectIndexerAttribute: 756ad292c208cfabdd7b50bc23989ffe -> 
  custom:container-demuxer-webm: 4f35f7cbe854078d1ac9338744f61a02 -> 
  custom:container-muxer-webm: aa71ff27fc2769a1b78a27578f13a17b -> 
  custom:video-decoder-webm-vp8: 9c59270c3fd7afecdb556c50c9e8de78 -> 
  custom:SearchIndexIgnoredProperties: e643bd26f0fe6173181afceb89e7c659 -> 
  custom:AudioImporter_EditorPlatform: d09bf68614088b80899f8185d706f6e7 -> 
  custom:video-encoder-webm-vp8: eb34c28f22e8b96e1ab97ce403110664 -> 
  custom:audio-decoder-ogg-vorbis: bf7c407c2cedff20999df2af8eb42d56 -> 
  custom:audio-encoder-webm-vorbis: bf7c407c2cedff20999df2af8eb42d56 -> 
  custom:scripting/monoscript/fileName/SimpleCameraController.cs: 9d5e45e836538af465ffb763b138c221 -> 639b45e76fa5fda920a92b90c69d9e74
========================================================================
Received Prepare
Begin MonoManager ReloadAssembly
Symbol file LoadedFromMemory is not a mono symbol file
- Loaded All Assemblies, in  0.765 seconds
Refreshing native plugins compatible for Editor in 6.82 ms, found 3 plugins.
Native extension for WindowsStandalone target not found
Native extension for Android target not found
[Package Manager] Server::EnsureServerProcessIsRunning -- launch failed, reason: Unity was launched with the -noUpm command-line argument
[Package Manager] UpmClient::Send -- Unable to send message (not connected to UPM process).
[Package Manager] Cannot connect to Unity Package Manager local server
Mono: successfully reloaded assembly
- Finished resetting the current domain, in  1.848 seconds
Domain Reload Profiling: 2607ms
	BeginReloadAssembly (262ms)
		ExecutionOrderSort (0ms)
		DisableScriptedObjects (9ms)
		BackupInstance (0ms)
		ReleaseScriptingObjects (0ms)
		CreateAndSetChildDomain (71ms)
	RebuildCommonClasses (51ms)
	RebuildNativeTypeToScriptingClass (14ms)
	initialDomainReloadingComplete (47ms)
	LoadAllAssembliesAndSetupDomain (385ms)
		LoadAssemblies (492ms)
		RebuildTransferFunctionScriptingTraits (0ms)
		AnalyzeDomain (26ms)
			TypeCache.Refresh (14ms)
				TypeCache.ScanAssembly (0ms)
			ScanForSourceGeneratedMonoScriptInfo (0ms)
			ResolveRequiredComponents (10ms)
	FinalizeReload (1849ms)
		ReleaseScriptCaches (0ms)
		RebuildScriptCaches (0ms)
		SetupLoadedEditorAssemblies (942ms)
			LogAssemblyErrors (0ms)
			InitializePlatformSupportModulesInManaged (50ms)
			SetLoadedEditorAssemblies (8ms)
			RefreshPlugins (0ms)
			BeforeProcessingInitializeOnLoad (142ms)
			ProcessInitializeOnLoadAttributes (685ms)
			ProcessInitializeOnLoadMethodAttributes (42ms)
			AfterProcessingInitializeOnLoad (14ms)
			EditorAssembliesLoaded (1ms)
		ExecutionOrderSort2 (0ms)
		AwakeInstancesAfterBackupRestoration (11ms)
Refreshing native plugins compatible for Editor in 10.29 ms, found 3 plugins.
Preloading 0 native plugins for Editor in 0.00 ms.
Unloading 3818 Unused Serialized files (Serialized files now loaded: 0)
Unloading 38 unused Assets / (1.3 MB). Loaded Objects now: 4613.
Memory consumption went from 188.7 MB to 187.4 MB.
Total: 8.697500 ms (FindLiveObjects: 0.952500 ms CreateObjectMapping: 0.380000 ms MarkObjects: 6.197900 ms  DeleteObjects: 1.165200 ms)

Prepare: number of updated asset objects reloaded= 0
AssetImportParameters requested are different than current active one (requested -> active):
  custom:container-demuxer-ogg: 62fdf1f143b41e24485cea50d1cbac27 -> 
  custom:video-codec-MediaFoundation-h265: 746d11721c4dcdbdad8f713fa42b33f4 -> 
  custom:video-decoder-ogg-theora: a1e56fd34408186e4bbccfd4996cb3dc -> 
  custom:framework-win-MediaFoundation: 216162199b28c13a410421893ffa2e32 -> 
  custom:CustomObjectIndexerAttribute: 756ad292c208cfabdd7b50bc23989ffe -> 
  custom:container-demuxer-webm: 4f35f7cbe854078d1ac9338744f61a02 -> 
  custom:container-muxer-webm: aa71ff27fc2769a1b78a27578f13a17b -> 
  custom:video-decoder-webm-vp8: 9c59270c3fd7afecdb556c50c9e8de78 -> 
  custom:SearchIndexIgnoredProperties: e643bd26f0fe6173181afceb89e7c659 -> 
  custom:AudioImporter_EditorPlatform: d09bf68614088b80899f8185d706f6e7 -> 
  custom:video-encoder-webm-vp8: eb34c28f22e8b96e1ab97ce403110664 -> 
  custom:audio-decoder-ogg-vorbis: bf7c407c2cedff20999df2af8eb42d56 -> 
  custom:audio-encoder-webm-vorbis: bf7c407c2cedff20999df2af8eb42d56 -> 
  custom:scripting/monoscript/fileName/SimpleCameraController.cs: 9d5e45e836538af465ffb763b138c221 -> 639b45e76fa5fda920a92b90c69d9e74
========================================================================
Received Prepare
Begin MonoManager ReloadAssembly
Symbol file LoadedFromMemory is not a mono symbol file
- Loaded All Assemblies, in  0.548 seconds
Refreshing native plugins compatible for Editor in 4.16 ms, found 3 plugins.
Native extension for WindowsStandalone target not found
Native extension for Android target not found
[Package Manager] Server::EnsureServerProcessIsRunning -- launch failed, reason: Unity was launched with the -noUpm command-line argument
[Package Manager] UpmClient::Send -- Unable to send message (not connected to UPM process).
[Package Manager] Cannot connect to Unity Package Manager local server
Mono: successfully reloaded assembly
- Finished resetting the current domain, in  1.471 seconds
Domain Reload Profiling: 2016ms
	BeginReloadAssembly (178ms)
		ExecutionOrderSort (0ms)
		DisableScriptedObjects (6ms)
		BackupInstance (0ms)
		ReleaseScriptingObjects (0ms)
		CreateAndSetChildDomain (42ms)
	RebuildCommonClasses (39ms)
	RebuildNativeTypeToScriptingClass (14ms)
	initialDomainReloadingComplete (41ms)
	LoadAllAssembliesAndSetupDomain (273ms)
		LoadAssemblies (349ms)
		RebuildTransferFunctionScriptingTraits (0ms)
		AnalyzeDomain (14ms)
			TypeCache.Refresh (6ms)
				TypeCache.ScanAssembly (0ms)
			ScanForSourceGeneratedMonoScriptInfo (0ms)
			ResolveRequiredComponents (7ms)
	FinalizeReload (1472ms)
		ReleaseScriptCaches (0ms)
		RebuildScriptCaches (0ms)
		SetupLoadedEditorAssemblies (737ms)
			LogAssemblyErrors (0ms)
			InitializePlatformSupportModulesInManaged (38ms)
			SetLoadedEditorAssemblies (7ms)
			RefreshPlugins (0ms)
			BeforeProcessingInitializeOnLoad (111ms)
			ProcessInitializeOnLoadAttributes (535ms)
			ProcessInitializeOnLoadMethodAttributes (35ms)
			AfterProcessingInitializeOnLoad (12ms)
			EditorAssembliesLoaded (0ms)
		ExecutionOrderSort2 (0ms)
		AwakeInstancesAfterBackupRestoration (8ms)
Refreshing native plugins compatible for Editor in 7.31 ms, found 3 plugins.
Preloading 0 native plugins for Editor in 0.00 ms.
Unloading 3818 Unused Serialized files (Serialized files now loaded: 0)
Unloading 38 unused Assets / (1.3 MB). Loaded Objects now: 4628.
Memory consumption went from 190.7 MB to 189.3 MB.
Total: 5.522100 ms (FindLiveObjects: 0.517200 ms CreateObjectMapping: 0.185600 ms MarkObjects: 4.374900 ms  DeleteObjects: 0.443100 ms)

Prepare: number of updated asset objects reloaded= 0
AssetImportParameters requested are different than current active one (requested -> active):
  custom:container-demuxer-ogg: 62fdf1f143b41e24485cea50d1cbac27 -> 
  custom:video-codec-MediaFoundation-h265: 746d11721c4dcdbdad8f713fa42b33f4 -> 
  custom:video-decoder-ogg-theora: a1e56fd34408186e4bbccfd4996cb3dc -> 
  custom:framework-win-MediaFoundation: 216162199b28c13a410421893ffa2e32 -> 
  custom:CustomObjectIndexerAttribute: 756ad292c208cfabdd7b50bc23989ffe -> 
  custom:container-demuxer-webm: 4f35f7cbe854078d1ac9338744f61a02 -> 
  custom:container-muxer-webm: aa71ff27fc2769a1b78a27578f13a17b -> 
  custom:video-decoder-webm-vp8: 9c59270c3fd7afecdb556c50c9e8de78 -> 
  custom:SearchIndexIgnoredProperties: e643bd26f0fe6173181afceb89e7c659 -> 
  custom:AudioImporter_EditorPlatform: d09bf68614088b80899f8185d706f6e7 -> 
  custom:video-encoder-webm-vp8: eb34c28f22e8b96e1ab97ce403110664 -> 
  custom:audio-decoder-ogg-vorbis: bf7c407c2cedff20999df2af8eb42d56 -> 
  custom:audio-encoder-webm-vorbis: bf7c407c2cedff20999df2af8eb42d56 -> 
  custom:scripting/monoscript/fileName/SimpleCameraController.cs: 9d5e45e836538af465ffb763b138c221 -> 639b45e76fa5fda920a92b90c69d9e74
